id,segmentation
402143,37 7 66 58 231 17 293 7 323 57 487 17 549 7 578 59 743 18 807 6 833 60 998 19 1087 62 1253 19 1342 63 1508 19 1597 64 1764 19 1852 65 2019 18 2107 66 2274 17 2363 66 2529 17 2618 67 2784 17 2874 67 3039 18 3130 66 3201 4 3295 19 3386 66 3456 6 3550 20 3642 65 3712 7 3805 21 3898 65 3968 7 4061 22 4154 65 4224 7 4317 22 4410 64 4481 5 4573 22 4667 63 4738 4 4830 22 4923 63 4995 2 5087 21 5180 61 5344 20 5438 59 5601 19 5695 58 5857 19 5952 56 6114 18 6210 42 6254 9 6370 17 6467 40 6627 16 6724 38 6884 14 6981 37 7140 14 7237 37 7397 12 7494 36 7654 10 7750 36 7911 8 8006 35 8170 2 8263 34 8519 33 8775 32 9032 30 9288 29 9544 28 9801 27 10057 26 10314 24 10570 23 10827 10 10839 9 11085 4 11098 4 12085 4 12340 6 12595 8 12657 6 12737 4 12850 9 12912 9 12978 5 12991 8 13105 10 13167 12 13233 8 13245 12 13360 11 13422 15 13488 26 13616 11 13677 17 13744 28 13871 12 13932 19 14000 29 14126 13 14188 20 14256 30 14382 13 14443 22 14512 31 14637 14 14698 24 14768 32 14894 14 14953 27 15025 31 15150 15 15208 30 15282 31 15407 16 15463 33 15540 29 15664 16 15719 35 15797 28 15922 15 15974 37 16054 27 16179 15 16229 38 16310 27 16436 14 16485 39 16566 27 16693 12 16740 40 16822 27 16949 12 16996 41 17077 28 17206 10 17252 41 17332 29 17463 8 17508 42 17588 28 17720 5 17765 41 17843 29 18021 41 18097 31 18279 40 18352 31 18537 38 18607 32 18794 37 18861 33 19050 37 19116 34 19305 38 19371 35 19561 37 19627 34 19817 37 19883 33 20073 36 20139 33 20329 35 20395 32 20585 34 20651 32 20842 31 20907 32 21098 29 21163 32 21355 26 21419 33 21612 12 21627 9 21675 38 21726 3 21870 9 21930 42 21978 9 22128 6 22186 59 22387 1 22442 60 22699 61 22955 62 23120 5 23211 64 23373 10 23467 66 23535 8 23628 12 23724 78 23883 14 23980 81 24139 14 24236 84 24352 4 24394 16 24491 85 24604 10 24650 16 24747 85 24858 14 24906 17 25002 86 25111 17 25162 18 25257 87 25366 19 25418 19 25512 88 25621 21 25674 19 25767 89 25876 22 25930 20 26022 90 26131 24 26187 19 26278 90 26386 26 26443 19 26534 90 26641 28 26700 18 26790 90 26897 29 26957 17 27046 90 27152 31 27213 16 27302 90 27408 32 27470 15 27559 89 27664 32 27726 14 27817 6 27835 69 27920 32 27983 12 28092 68 28175 34 28239 11 28348 68 28431 34 28495 9 28605 67 28687 33 28752 7 28862 66 28943 33 29009 4 29118 66 29200 32 29375 38 29414 26 29456 31 29631 36 29672 24 29712 30 29887 35 29929 23 29969 26 30143 35 30186 22 30225 22 30399 34 30443 21 30482 19 30655 33 30700 20 30739 16 30911 32 30956 20 30996 13 31168 29 31212 20 31254 9 31424 26 31468 20 31513 3 31681 22 31724 20 31938 18 31980 20 32196 9 32236 20 32491 21 32746 22 33000 24 33253 27 33507 29 33762 30 34017 31 34273 31 34528 32 34785 31 34942 3 35041 31 35197 6 35297 31 35453 8 35554 30 35708 12 35811 36 35964 15 36067 27 36096 10 36220 17 36324 25 36352 12 36369 7 36476 17 36581 23 36608 26 36732 18 36838 21 36864 27 36989 18 37095 19 37120 29 37245 18 37352 16 37376 30 37502 17 37608 14 37632 31 37759 17 37865 4 37870 5 37888 32 38016 16 38144 32 38273 15 38400 33 38530 14 38656 34 38786 14 38912 35 39043 13 39168 35 39300 11 39424 36 39557 10 39680 36 39814 8 39936 37 40071 6 40192 37 40448 37 40704 37 40960 37 41216 37 41472 36 41728 36 41984 35 42240 35 42496 34 42752 33 42919 2 43008 32 43173 7 43264 32 43428 9 43520 31 43683 11 43776 31 43939 12 44032 30 44194 13 44288 30 44450 13 44544 30 44705 15 44800 29 44961 15 45056 26 45217 15 45312 22 45473 15 45568 20 45729 15 45824 19 45985 15 46080 19 46241 15 46336 20 46498 13 46592 21 46755 12 46848 24 47013 9 47104 28 47360 31 47616 32 47872 34 48128 35 48384 36 48640 36 48896 36 49152 37 49326 13 49408 37 49581 17 49664 37 49836 20 49920 37 50092 21 50176 37 50347 22 50432 37 50603 23 50688 37 50859 23 50944 37 51114 24 51200 38 51370 24 51456 38 51626 24 51712 38 51881 25 51968 37 52137 26 52224 37 52393 26 52480 37 52649 26 52736 37 52905 26 52992 36 53161 25 53248 36 53417 25 53504 35 53674 23 53760 35 53930 22 54016 34 54186 18 54272 33 54442 14 54528 16 54552 9 54698 11 54784 15 54810 6 54954 8 55040 15 55211 4 55296 15 55552 15 55808 14 55896 3 56064 14 56150 6 56306 6 56320 14 56402 11 56559 10 56576 14 56653 17 56813 13 56832 14 56907 19 57067 15 57088 14 57162 20 57322 17 57344 16 57418 20 57577 18 57600 18 57674 19 57831 21 57856 21 57930 14 58084 25 58112 22 58187 11 58338 27 58368 23 58443 10 58593 55 58701 6 58848 57 59104 58 59360 58 59615 59 59871 59 60127 59 60383 59 60638 59 60894 59 61150 58 61405 59 61661 59 61916 59 62172 59 62428 59 62683 60 62939 35 62976 22 63196 32 63232 22 63452 29 63488 22 63708 26 63744 21 63965 22 64000 21 64221 8 64234 6 64256 21 64478 6 64512 20 64735 3 64768 10 65024 8 65280 7
877548,0 21 59 42 118 22 150 14 221 56 313 44 374 23 406 14 477 56 566 48 629 24 662 15 732 58 819 52 883 27 916 18 987 59 1074 51 1139 27 1174 15 1243 59 1330 41 1376 2 1395 26 1433 10 1499 59 1586 40 1652 24 1693 4 1755 59 1842 39 1908 23 2011 59 2098 39 2164 23 2267 59 2354 38 2420 23 2523 59 2610 38 2675 23 2779 59 2867 36 2931 23 3035 59 3124 35 3187 22 3291 58 3381 34 3443 22 3547 58 3639 32 3699 21 3804 57 3898 29 3954 21 4060 56 4157 25 4210 19 4317 33 4352 20 4416 21 4466 18 4573 33 4608 19 4673 19 4722 17 4830 31 4864 19 4930 16 4978 16 5087 30 5120 18 5187 13 5234 14 5345 28 5376 18 5443 11 5491 11 5606 22 5632 16 5700 8 5748 8 5865 19 5888 11 6121 19 6144 9 6377 19 6400 9 6608 7 6632 18 6656 9 6863 8 6882 23 6912 9 7120 7 7136 25 7168 9 7391 25 7424 9 7619 7 7646 25 7680 9 7873 10 7902 25 7936 9 8128 11 8157 25 8192 9 8383 12 8413 22 8448 8 8613 4 8638 14 8669 20 8704 8 8868 6 8894 14 8925 19 8960 7 9123 7 9149 16 9167 4 9181 19 9216 5 9285 2 9379 7 9405 25 9436 19 9472 4 9541 3 9634 8 9660 27 9692 18 9799 2 9890 8 9915 28 9948 18 10055 3 10146 8 10170 29 10203 19 10312 2 10403 6 10424 31 10459 18 10568 3 10659 6 10680 31 10715 18 10823 4 10916 3 10935 16 10954 13 10971 18 11079 4 11191 15 11210 13 11228 16 11335 5 11446 15 11467 11 11484 16 11590 6 11702 14 11724 9 11741 14 11846 6 11959 13 11982 6 11998 13 12102 6 12216 11 12240 3 12256 9 12358 6 12473 9 12514 5 12614 5 12731 5 12870 4 13127 2 13554 4 13809 5 14065 6 14321 7 14577 8 14791 5 14832 12 15045 8 15088 13 15299 11 15342 16 15554 13 15596 20 15809 15 15851 21 16065 15 16105 23 16320 16 16361 23 16576 16 16616 24 16832 16 16872 24 17088 16 17128 24 17344 16 17384 24 17599 17 17639 25 17855 16 17895 25 18111 16 18151 25 18366 17 18408 24 18622 17 18664 24 18878 17 18920 24 19133 18 19176 24 19389 18 19433 23 19645 19 19689 21 19900 20 19946 20 20156 21 20202 19 20412 21 20459 17 20669 19 20716 14 20925 19 20972 13 21181 18 21229 10 21438 16 21694 15 21951 13 22209 9 22830 5 23085 7 23340 8 23596 9 23851 10 24064 3 24106 11 24320 5 24362 11 24576 7 24618 12 24832 8 24874 11 25088 9 25130 11 25344 9 25387 10 25600 9 25644 8 25856 10 25902 5 26112 10 26368 10 26544 3 26624 10 26799 5 26880 10 27054 5 27136 10 27309 6 27392 10 27565 5 27648 10 27821 5 27904 10 28077 4 28133 3 28160 10 28334 3 28387 7 28416 10 28590 3 28641 10 28672 10 28847 3 28854 4 28896 12 28928 10 29103 12 29152 13 29184 10 29359 13 29407 14 29440 10 29614 15 29663 14 29696 9 29870 16 29918 15 29953 6 30124 19 30174 16 30210 3 30379 21 30430 16 30634 24 30685 17 30890 26 30941 17 30977 1 31146 28 31197 17 31232 3 31402 28 31453 17 31488 4 31657 29 31709 16 31744 4 31913 29 31965 16 32000 5 32168 31 32221 16 32256 5 32423 32 32477 16 32512 6 32678 33 32733 16 32768 6 32933 34 32989 16 33024 6 33188 35 33245 16 33280 7 33443 37 33500 18 33536 7 33697 39 33750 24 33792 6 33952 40 34003 28 34048 6 34207 42 34257 31 34304 6 34462 43 34513 31 34560 6 34718 43 34768 34 34816 6 34964 5 34973 44 35024 35 35072 5 35219 7 35228 45 35280 37 35328 5 35474 55 35536 38 35584 4 35729 56 35792 40 35985 57 36047 43 36240 58 36303 46 36495 60 36559 46 36607 1 36751 111 36863 1 37006 11 37020 100 37262 9 37279 97 37519 7 37536 96 37777 2 37793 95 38050 94 38306 94 38563 93 38819 93 39075 93 39332 92 39588 35 39629 51 39844 34 39885 51 40101 32 40142 50 40357 32 40398 50 40613 31 40654 50 40869 31 40910 50 41126 31 41166 50 41382 32 41422 50 41638 90 41895 16 41915 69 42151 15 42172 68 42408 14 42427 20 42449 47 42664 13 42683 20 42705 47 42921 10 42938 20 42962 46 43178 7 43193 20 43219 45 43449 19 43476 44 43705 19 43732 44 43961 18 43988 44 44218 17 44244 44 44474 17 44500 44 44730 17 44755 45 44986 16 45011 45 45242 16 45267 45 45497 16 45522 46 45753 16 45778 46 46009 16 46034 46 46265 17 46291 45 46521 17 46547 45 46777 17 46804 44 47033 17 47061 43 47290 15 47319 41 47546 12 47577 3 47582 34 47803 10 47838 34 48060 8 48094 24 48123 2 48127 1 48318 5 48349 18 48383 1 48574 4 48605 16 48831 3 48860 16 49116 14 49371 13 49627 9 49882 8 50138 6 50393 6 50641 5 50649 6 50896 15 51151 16 51407 15 51661 17 51915 19 52169 21 52197 5 52424 21 52451 9 52680 20 52706 11 52935 19 52961 13 53190 18 53217 14 53445 18 53472 16 53701 17 53728 18 53956 18 53984 21 54212 17 54239 23 54467 17 54495 23 54723 17 54750 25 54979 16 55004 28 55234 17 55259 30 55490 17 55514 33 55746 17 55769 35 56002 17 56025 36 56258 18 56280 38 56514 18 56536 38 56575 1 56609 11 56770 18 56791 41 56863 16 57026 18 57047 41 57117 20 57283 17 57303 41 57371 23 57540 16 57559 41 57625 27 57796 16 57815 41 57880 28 58052 16 58071 41 58134 31 58308 15 58328 40 58390 30 58564 15 58584 40 58646 30 58820 14 58840 40 58902 29 59075 15 59095 41 59158 28 59329 16 59351 41 59415 26 59465 2 59584 17 59607 45 59671 25 59716 11 59839 17 59863 46 59927 24 59969 17 60094 17 60119 46 60183 24 60225 19 60347 19 60375 47 60439 24 60481 20 60602 20 60631 47 60695 24 60737 21 60857 20 60887 47 60952 23 60993 21 61113 19 61143 47 61208 23 61249 22 61368 9 61381 6 61398 49 61464 23 61505 22 61624 9 61640 2 61654 49 61720 25 61762 21 61789 2 61879 10 61911 48 61977 25 62019 20 62044 4 62135 10 62167 48 62234 27 62276 18 62301 2 62391 9 62423 49 62491 27 62533 17 62647 9 62679 49 62749 26 62795 11 62904 7 62936 48 63006 26 63052 10 63160 6 63192 48 63269 20 63309 9 63417 2 63449 47 63525 20 63565 9 63694 4 63706 46 63780 21 63821 10 63840 3 63949 6 63962 46 64035 23 64078 8 64096 3 64204 9 64218 46 64290 24 64334 8 64351 4 64458 13 64473 47 64545 25 64591 6 64713 63 64803 22 64970 62 65061 19 65228 12 65241 47 65318 17 65487 9 65499 37
942725,0 37 165 19 238 14 256 37 421 20 499 5 512 38 676 22 755 6 768 38 930 25 1010 11 1023 39 1186 23 1266 11 1279 39 1442 21 1522 11 1535 8 1547 27 1698 19 1778 19 1804 25 1954 18 2034 14 2060 25 2211 15 2289 15 2316 25 2467 14 2545 15 2573 23 2724 12 2800 16 2829 23 2983 8 3056 16 3086 22 3243 1 3311 17 3343 20 3565 19 3599 20 3777 6 3795 3 3811 2 3819 21 3856 19 4031 11 4049 8 4062 34 4113 17 4286 66 4370 16 4541 67 4626 16 4796 68 4883 15 5052 68 5140 14 5307 69 5396 14 5562 70 5653 12 5817 71 5909 12 6072 72 6166 10 6327 73 6422 10 6583 73 6679 7 6838 74 7093 75 7348 76 7603 77 7858 78 7956 4 8114 78 8211 6 8300 6 8369 79 8466 8 8549 15 8625 79 8722 9 8802 20 8830 5 8880 80 8978 10 9057 37 9136 80 9234 10 9312 40 9392 80 9490 11 9567 42 9648 80 9746 11 9823 43 9904 80 10003 10 10078 45 10161 79 10259 11 10334 46 10418 78 10515 11 10590 46 10675 77 10772 11 10845 47 10932 76 11028 13 11058 15 11101 47 11188 76 11284 15 11312 20 11357 47 11445 75 11540 18 11566 26 11613 47 11702 74 11796 19 11820 32 11869 47 11959 73 12052 60 12125 47 12216 72 12308 62 12381 47 12473 71 12563 65 12637 46 12730 70 12818 67 12893 46 12988 68 13073 69 13149 45 13248 64 13328 71 13404 45 13507 61 13583 73 13660 44 13765 59 13838 74 13916 44 14023 57 14093 75 14172 43 14281 55 14348 76 14428 42 14538 54 14604 76 14685 41 14796 56 14859 76 14941 40 15054 57 15115 75 15197 40 15313 131 15453 39 15570 117 15688 6 15709 39 15827 114 15965 38 16083 113 16221 37 16340 111 16478 36 16596 111 16734 35 16853 109 16990 34 17110 107 17247 32 17366 107 17504 29 17623 105 17762 6 17777 10 17881 102 18037 1 18139 4 18150 89 18407 87 18663 86 18920 85 19177 83 19434 82 19572 10 19691 19 19712 59 19826 15 19948 10 19968 58 20081 17 20224 58 20337 18 20480 57 20592 20 20736 57 20847 22 20992 56 21103 23 21248 23 21273 30 21358 25 21504 22 21530 29 21614 26 21760 21 21787 27 21869 27 22016 20 22044 24 22123 30 22272 19 22301 22 22378 31 22528 18 22558 17 22634 31 22784 16 22816 10 22889 32 23046 8 23074 5 23145 32 23400 32 23656 32 23912 31 24168 30 24425 29 24681 28 24937 27 25193 27 25449 27 25705 26 25961 26 26217 26 26473 25 26728 26 26984 26 27239 26 27494 27 27749 27 28004 29 28258 31 28499 48 28753 51 29008 54 29264 55 29520 57 29776 58 30032 59 30288 60 30544 61 30800 62 31056 64 31312 66 31568 67 31825 66 32081 67 32337 41 32381 23 32594 35 32638 23 32850 32 32895 23 33107 29 33152 24 33363 28 33409 25 33620 26 33665 26 33877 23 33921 27 34134 21 34177 27 34391 19 34433 28 34648 16 34689 28 34815 1 34905 14 34945 28 35070 2 35162 12 35201 29 35325 3 35419 11 35457 29 35580 4 35675 10 35713 29 35834 6 35932 9 35970 29 36088 8 36189 7 36226 29 36341 11 36446 5 36481 30 36596 12 36703 3 36737 30 36850 14 36992 31 37105 15 37246 33 37360 16 37501 34 37615 17 37756 35 37798 7 37869 19 38011 36 38053 10 38124 20 38267 36 38308 12 38378 22 38522 36 38563 13 38633 23 38778 35 38819 13 38888 24 39035 33 39076 12 39144 24 39291 33 39332 11 39399 25 39547 32 39590 8 39655 25 39803 31 39910 28 40059 31 40166 35 40315 30 40422 37 40571 28 40678 39 40827 23 40934 40 41082 23 41190 42 41338 22 41399 11 41446 44 41594 22 41653 16 41702 46 41850 21 41907 19 41958 47 42107 20 42160 24 42214 48 42363 20 42409 32 42470 48 42620 18 42660 37 42726 49 42878 15 42913 41 42983 48 43136 4 43167 43 43239 49 43422 44 43496 48 43677 45 43754 47 43932 46 44011 46 44188 47 44270 2 44280 34 44443 51 44538 32 44699 61 44800 26 44954 69 45056 26 45210 71 45312 26 45466 72 45568 26 45722 73 45824 26 45979 73 46080 27 46235 74 46336 27 46492 74 46592 27 46749 74 46848 28 47006 74 47104 29 47263 73 47360 33 47520 73 47616 36 47777 73 47872 38 47915 2 48034 73 48128 39 48170 4 48290 73 48384 47 48547 73 48640 23 48665 23 48804 72 48896 20 48924 20 49070 63 49152 19 49181 19 49330 5 49343 46 49408 17 49438 17 49601 45 49664 16 49694 16 49857 45 49920 14 49951 15 50113 46 50176 12 50207 14 50369 46 50432 10 50464 13 50625 47 50688 9 50720 12 50880 49 50947 2 50976 12 51136 50 51233 11 51392 51 51489 10 51647 53 51746 8 51903 54 52002 7 52075 4 52159 55 52260 3 52329 8 52414 56 52567 2 52584 11 52670 57 52808 4 52818 11 52839 13 52926 57 53063 25 53094 14 53182 57 53318 47 53439 56 53574 48 53695 56 53829 49 53952 55 54084 50 54209 53 54339 52 54466 51 54594 53 54723 50 54849 54 54981 47 55105 54 55240 44 55360 55 55498 42 55616 55 55756 39 55871 55 56016 35 56127 55 56279 28 56383 55 56535 27 56639 54 56792 26 56895 54 57048 26 57151 54 57304 26 57406 54 57560 28 57662 54 57816 29 57918 54 58072 30 58174 54 58328 30 58429 55 58584 29 58685 55 58840 28 58940 55 59095 27 59196 55 59351 25 59451 56 59607 24 59707 55 59863 22 59963 54 60120 19 60218 54 60390 3 60473 54 60728 55 60983 55 61049 1 61237 57 61304 3 61492 57 61559 4 61747 58 61815 5 62001 59 62072 3 62257 59 62329 2 62512 59 62767 59 63023 58 63279 57 63535 55 63792 51 64048 49 64305 46 64561 43 64818 38 65075 36 65331 36
769836,0 109 256 110 512 110 768 111 1024 111 1280 111 1536 112 1792 112 2048 112 2304 113 2560 113 2816 114 3072 114 3328 114 3584 115 3840 115 4096 115 4352 116 4608 116 4864 116 5120 117 5376 117 5632 117 5888 118 6144 118 6400 119 6656 119 6912 119 7168 120 7424 120 7680 121 7936 121 8192 121 8448 122 8704 122 8960 122 9216 123 9472 123 9728 123 9984 124 10240 124 10496 124 10752 125 11008 125 11264 125 11520 126 11776 126 12032 126 12288 127 12544 127 12800 128 13056 128 13312 128 13568 129 13824 129 14080 129 14336 130 14592 130 14848 130 15104 131 15360 131 15616 131 15872 132 16128 132 16384 132 16640 133 16896 133 17152 133 17408 134 17664 134 17920 134 18176 135 18432 135 18688 136 18944 136 19200 136 19456 137 19712 137 19968 137 20224 138 20480 138 20736 138 20992 138 21248 139 21504 139 21760 139 22016 140 22272 140 22528 140 22784 141 23040 141 23296 141 23552 142 23808 142 24064 142 24320 143 24576 143 24832 143 25088 143 25344 144 25600 144 25856 144 26112 144 26368 145 26624 145 26880 145 27136 145 27392 146 27648 146 27904 146 28160 147 28416 147 28672 147 28928 148 29184 148 29440 149 29696 149 29952 149 30208 150 30464 150 30720 151 30976 151 31232 151 31488 152 31744 152 32000 153 32256 153 32512 154 32768 154 33024 154 33280 155 33536 155 33792 155 34048 155 34304 156 34560 156 34816 156 35072 157 35328 157 35584 157 35840 158 36096 158 36352 158 36608 159 36864 159 37120 159 37376 160 37632 160 37888 160 38144 161 38400 161 38656 161 38912 162 39168 162 39424 162 39680 162 39936 163 40192 163 40448 164 40704 164 40960 164 41216 165 41472 165 41728 166 41984 166 42240 167 42496 167 42752 167 43008 167 43264 168 43520 168 43776 168 44032 169 44288 169 44544 169 44800 169 45056 170 45312 170 45568 170 45824 171 46080 171 46336 171 46592 171 46848 172 47104 172 47360 172 47616 173 47872 173 48128 174 48384 174 48640 174 48896 175 49152 175 49408 175 49664 175 49920 176 50176 176 50432 176 50688 177 50944 177 51200 177 51456 178 51712 178 51968 178 52224 179 52480 179 52736 179 52992 180 53248 180 53504 181 53760 181 54016 181 54272 182 54528 182 54784 182 55040 183 55296 183 55552 183 55808 184 56064 184 56320 184 56576 185 56832 185 57088 185 57344 185 57600 186 57856 186 58112 186 58368 187 58624 187 58880 187 59136 188 59392 188 59648 188 59904 189 60160 189 60416 190 60672 190 60928 190 61184 190 61440 191 61696 191 61952 191 62208 191 62464 191 62720 191 62976 192 63232 192 63488 192 63744 192 64000 193 64256 193 64512 194 64768 194 65024 193 65280 193
263633,0 29 256 29 512 29 768 30 1024 33 1093 2 1280 36 1327 1 1346 7 1536 38 1580 7 1600 10 1792 53 1855 12 2048 55 2110 14 2304 57 2365 15 2560 76 2816 76 3072 76 3328 76 3584 76 3840 76 4096 75 4352 61 4608 60 4864 60 5120 60 5376 59 5632 59 5888 58 6144 57 6400 38 6443 12 6656 37 6701 8 6912 37 7168 37 7424 37 7680 38 7936 38 8192 39 8448 40 8704 40 8960 41 9216 41 9472 42 9728 43 9984 43 10240 44 10496 44 10752 45 11008 45 11264 46 11520 47 11776 47 12032 48 12288 49 12544 49 12801 3 12808 41 13065 40 13321 40 13576 41 13831 42 14083 46 14336 49 14592 49 14848 50 15104 50 15360 50 15616 51 15872 52 16050 7 16128 52 16305 10 16384 53 16560 11 16640 54 16815 13 16896 55 17070 14 17152 56 17325 15 17408 57 17580 16 17664 58 17836 16 17920 71 18091 17 18176 72 18346 18 18432 73 18602 18 18688 73 18858 18 18944 74 19114 19 19200 74 19370 19 19456 74 19626 20 19712 74 19882 21 19969 73 20138 22 20225 3 20232 65 20393 24 20481 2 20489 64 20649 25 20745 64 20904 27 21001 64 21160 27 21257 64 21416 27 21512 65 21671 28 21768 64 21927 29 22024 64 22183 28 22280 40 22321 23 22439 28 22536 40 22577 22 22695 28 22792 63 22951 27 23049 61 23208 26 23305 61 23464 25 23562 59 23721 22 23819 58 23978 19 24075 58 24235 15 24333 56 24493 11 24590 56 24751 6 24848 55 25109 51 25367 49 25623 49 25879 49 26135 49 26391 49 26647 49 26903 48 27159 48 27416 46 27672 45 27928 44 28184 44 28441 43 28697 43 28954 43 29210 43 29467 43 29724 42 29981 41 30046 4 30238 40 30300 8 30496 38 30555 11 30753 37 30810 14 31010 36 31066 15 31267 35 31321 17 31524 34 31576 18 31781 33 31832 18 32037 32 32087 19 32294 31 32343 19 32551 29 32599 20 32807 28 32854 21 33027 8 33063 27 33110 21 33283 12 33318 25 33366 21 33539 13 33574 24 33622 21 33794 15 33829 25 33879 20 34050 16 34085 25 34135 20 34306 17 34340 28 34392 19 34563 17 34596 33 34649 18 34819 18 34852 38 34905 18 35075 20 35108 41 35162 17 35331 20 35364 43 35419 16 35588 20 35621 44 35677 13 35845 20 35877 45 35935 11 36102 20 36134 45 36196 4 36359 23 36390 45 36616 24 36646 46 36872 28 36901 47 37128 39 37170 34 37384 39 37426 34 37640 41 37682 34 37895 76 38151 76 38407 75 38663 74 38919 72 39175 47 39227 19 39432 46 39486 15 39688 46 39745 11 39944 45 40005 5 40200 45 40457 44 40713 44 40878 8 40969 44 41132 14 41225 45 41387 17 41481 45 41642 20 41738 45 41897 22 41994 45 42153 24 42251 45 42409 25 42508 44 42664 27 42764 44 42920 28 43021 44 43176 28 43277 44 43432 29 43534 43 43688 29 43791 42 43943 30 44048 41 44199 29 44306 40 44455 29 44564 38 44711 29 44822 36 44967 29 45080 35 45223 29 45337 34 45479 29 45593 35 45735 29 45849 35 45991 29 46105 35 46247 29 46361 35 46504 28 46617 35 46760 28 46872 36 47017 27 47128 36 47273 28 47383 36 47529 29 47639 36 47785 30 47894 38 48040 32 48150 47 48296 33 48406 49 48551 35 48661 51 48806 37 48917 52 49061 38 49173 53 49317 38 49430 52 49572 39 49686 53 49828 39 49943 52 50084 39 50199 53 50339 40 50457 52 50595 40 50714 51 50851 40 50972 49 51106 41 51229 49 51361 42 51487 47 51616 42 51744 46 51871 43 52001 45 52126 43 52257 45 52381 44 52513 45 52637 44 52769 44 52892 44 53025 44 53148 44 53281 43 53341 3 53404 43 53536 44 53594 9 53661 42 53792 43 53848 12 53917 41 54047 44 54102 15 54173 40 54303 43 54356 18 54430 18 54450 17 54559 42 54610 21 54686 16 54708 12 54814 43 54864 23 54942 15 54966 7 55070 43 55118 26 55198 14 55326 44 55372 28 55455 12 55582 74 55711 12 55837 74 55967 12 56093 74 56223 14 56349 74 56479 16 56604 74 56735 17 56859 75 56991 19 57112 77 57246 21 57367 77 57502 22 57622 78 57757 26 57878 77 58012 30 58133 76 58267 34 58390 73 58523 37 58646 70 58778 41 58902 68 59034 43 59159 18 59180 44 59289 45 59415 16 59438 41 59545 47 59672 15 59695 39 59801 48 59929 14 59953 36 60057 49 60185 15 60210 34 60313 50 60441 16 60468 30 60569 51 60698 16 60725 26 60826 51 60954 18 60982 22 61082 51 61210 20 61240 18 61338 52 61466 22 61500 12 61595 51 61722 23 61852 50 61978 24 62108 50 62234 24 62365 49 62490 25 62621 48 62698 5 62746 25 62878 47 62953 7 63001 26 63134 46 63208 8 63257 26 63390 45 63464 8 63513 26 63647 43 63720 8 63769 27 63904 41 63976 8 64025 27 64161 38 64232 8 64281 27 64418 37 64487 9 64537 27 64675 35 64740 12 64793 28 64933 31 65050 27 65190 29 65306 27 65448 27
747518,0 65536
632056,0 11510 11514 250 11776 243 12032 242 12288 242 12544 241 12800 240 13056 238 13312 236 13568 234 13824 231 14080 226 14336 221 14592 219 14848 216 15104 214 15360 211 15616 209 15872 207 16128 201 16384 198 16640 195 16896 187 17152 182 17408 178 17664 173 17920 169 18176 166 18432 163 18688 160 18944 157 19200 153 19456 150 19712 148 19968 147 20224 145 20480 143 20736 141 20992 137 21248 132 21504 128 21760 126 22016 124 22272 123 22528 121 22784 118 23040 116 23296 113 23552 110 23808 106 24064 104 24320 101 24576 99 24832 96 25088 94 25344 92 25600 91 25856 84 26112 80 26368 78 26624 66 26880 58 27136 54 27392 47 27648 44 27904 41 28160 39 28416 37 28672 35 28928 33 29184 32 29440 31 29696 30 29952 29 30208 28 30464 27 30720 26 30976 23 31232 15 31488 9 31744 7 32000 5
331069,24 232 281 231 536 232 792 232 1047 233 1303 233 1559 233 1814 234 2070 234 2326 234 2581 235 2837 235 3073 4 3079 3 3092 251 3347 6259 9612 250 9869 251 10124 14331 24459 248 24718 243 24974 241 25230 240 25486 239 25742 241 25997 244 26253 246 26508 249 26764 104 26871 144 27019 104 27128 194 27323 56 27385 190 27580 55 27642 188 27836 55 27899 186 28092 56 28159 181 28348 57 28416 178 28603 59 28672 177 28859 59 28928 176 29114 60 29185 174 29370 47 29424 6 29441 174 29625 45 29680 6 29697 13 29714 158 29880 43 29936 6 29953 12 29970 159 30133 44 30191 7 30209 12 30225 207 30446 8 30464 223 30699 11 30720 246 30976 247 31232 249 31484 475 31961 253 32217 252 32473 251 32728 251 32984 251 33239 251 33494 252 33749 7118 40870 251 41128 248 41386 245 41643 244 41900 244 42156 245 42411 23125
104502,0 54 61 248 318 247 572 249 826 251 1080 252 1336 252 1591 253 1846 63690
000047,0 65536
487585,0 76 134 25 206 30 251 81 391 24 463 28 508 80 647 25 719 29 764 80 904 24 976 29 1019 82 1161 23 1233 28 1274 83 1418 22 1489 29 1528 85 1675 21 1745 30 1781 89 1933 19 2001 125 2191 17 2256 126 2448 15 2511 128 2706 13 2767 128 2963 12 3021 130 3219 11 3276 132 3477 8 3530 134 3734 5 3785 135 4040 136 4295 137 4551 137 4807 138 5063 138 5319 139 5575 139 5832 139 6089 139 6345 140 6602 140 6859 139 7115 140 7372 140 7628 141 7885 141 8141 142 8397 142 8654 142 8910 143 9166 144 9422 145 9679 145 9935 147 10192 147 10449 148 10706 148 10963 148 11220 148 11477 148 11740 142 11997 142 12254 141 12510 142 12767 141 13023 141 13279 141 13536 140 13792 141 14049 140 14306 139 14562 139 14819 138 15076 137 15332 137 15531 6 15589 137 15785 10 15846 136 16039 13 16103 136 16294 14 16360 135 16548 17 16616 136 16802 19 16873 135 17056 22 17129 135 17310 24 17385 135 17564 26 17642 133 17819 27 17898 132 18074 28 18155 130 18330 28 18411 130 18585 29 18668 128 18841 29 18924 128 19097 29 19181 126 19353 30 19437 126 19609 30 19694 125 19865 30 19950 126 20121 30 20205 127 20377 30 20461 47 20511 77 20633 30 20715 48 20768 76 20889 30 20969 49 21025 75 21145 29 21222 51 21282 74 21401 29 21446 8 21477 50 21538 74 21657 29 21700 11 21732 50 21795 73 21913 28 21953 15 21987 50 22052 72 22170 26 22207 18 22242 50 22309 71 22426 25 22462 20 22496 52 22567 20 22591 45 22682 24 22717 22 22750 54 22824 16 22851 41 22938 22 22972 25 23000 59 23082 13 23108 41 23194 20 23228 87 23339 10 23364 41 23451 17 23483 88 23597 6 23620 41 23707 16 23739 88 23876 41 23963 16 23994 89 24132 41 24220 16 24249 90 24388 42 24476 19 24503 92 24644 42 24733 118 24900 43 24989 118 25157 43 25246 117 25413 45 25502 117 25669 47 25759 116 25925 49 26015 116 26181 51 26272 115 26437 53 26528 115 26693 54 26783 116 26948 57 27039 116 27176 1 27203 67 27294 117 27427 9 27459 69 27547 120 27679 15 27714 72 27800 123 27933 18 27970 73 28054 125 28188 20 28224 78 28307 127 28442 248 28697 249 28952 250 29207 253 29462 1055 30518 254 30775 252 31032 250 31288 250 31544 249 31800 249 32055 250 32310 2490 34804 251 35062 249 35320 6 35327 240 35579 2 35584 239 35840 240 36096 240 36352 241 36608 241 36864 242 37120 242 37376 243 37632 243 37888 243 38144 244 38400 244 38656 244 38912 244 39168 244 39424 245 39680 245 39936 245 40192 245 40448 244 40704 244 40960 244 41216 244 41472 6 41481 235 41728 6 41738 234 41984 6 41995 233 42240 6 42251 233 42496 6 42508 233 42752 6 42764 233 43008 6 43020 233 43264 6 43276 35 43312 197 43520 6 43531 35 43568 198 43776 7 43786 35 43823 199 44032 45 44078 200 44288 246 44544 246 44800 246 45056 246 45312 246 45568 246 45824 246 46080 246 46336 245 46592 245 46848 245 47104 245 47360 244 47616 244 47872 244 48128 245 48384 246 48640 247 48896 248 49152 248 49408 249 49664 249 49920 249 50176 249 50432 249 50688 249 50944 249 51200 249 51456 249 51712 249 51968 249 52224 249 52480 248 52736 248 52992 247 53248 246 53504 44 53550 195 53760 44 53807 192 54016 44 54063 191 54272 238 54528 237 54784 237 55040 236 55296 236 55552 235 55808 234 56064 233 56320 196 56526 26 56576 194 56784 22 56832 193 57041 20 57088 192 57299 17 57344 190 57557 14 57600 188 57821 2 57856 186 58112 186 58368 187 58624 187 58880 188 59136 189 59392 189 59648 190 59904 190 60160 190 60416 190 60672 191 60928 191 61184 191 61440 191 61696 191 61952 191 62208 190 62464 190 62720 190 62976 190 63232 190 63488 190 63744 190 64000 189 64256 188 64512 187 64768 186 65024 185 65280 185
890795,0 26133 26135 253 26392 251 26649 250 26905 249 27162 247 27418 246 27675 244 27931 242 28188 239 28444 237 28701 235 28957 235 29213 234 29469 234 29725 233 29980 234 30236 233 30481 244 30735 245 30990 246 31245 247 31500 248 31756 248 32011 249 32266 67 32337 178 32522 66 32593 175 32769 2 32777 67 32850 174 33033 67 33106 174 33288 68 33362 174 33543 69 33618 174 33794 74 33874 174 34049 75 34130 251 34386 107 34499 138 34642 106 34757 57 34816 79 34896 107 35014 56 35072 187 35272 54 35328 186 35529 53 35584 186 35786 52 35840 185 36043 238 36300 7 36310 227 36556 6 36566 227 36811 6 36821 228 37067 7 37076 229 37323 238 37578 239 37834 239 38089 240 38343 242 38598 242 38852 242 39107 237 39361 237 39616 237 39871 237 40126 238 40381 238 40637 237 40892 237 41135 248 41389 248 41644 248 41899 249 42154 250 42410 250 42665 251 42920 252 43175 253 43431 254 43686 510 44197 253 44454 251 44710 249 44967 246 45223 237 45480 235 45736 234 45992 233 46249 230 46505 228 46761 226 47017 225 47273 224 47529 224 47785 223 48040 103 48147 117 48295 104 48403 116 48550 105 48658 117 48805 225 49059 226 49315 225 49570 180 49757 37 49826 179 50015 33 50082 178 50273 29 50337 178 50529 28 50593 178 50786 27 50849 178 51043 26 51105 178 51299 26 51361 178 51556 15 51573 9 51616 179 51813 12 51829 9 51872 178 52071 9 52085 9 52127 179 52330 4 52341 9 52383 179 52596 10 52639 179 52851 11 52894 180 53106 12 53150 180 53360 14 53406 179 53616 14 53662 179 53871 16 53918 179 54127 16 54173 180 54382 17 54429 179 54638 17 54684 179 54893 18 54940 178 55149 18 55195 176 55405 18 55451 170 55661 19 55687 4 55706 113 55822 54 55917 19 55942 7 55962 113 56079 53 56173 19 56197 9 56218 113 56335 53 56429 20 56451 12 56474 114 56590 55 56686 34 56730 171 56942 35 56986 171 57197 36 57241 173 57441 9 57452 38 57497 173 57687 4 57695 52 57753 173 57942 6 57949 55 58008 174 58198 6 58205 232 58455 4 58462 178 58641 52 58718 176 58904 44 58975 174 59161 42 59232 172 59417 41 59488 172 59674 39 59745 171 59930 39 60001 171 60187 38 60257 171 60443 37 60513 171 60699 37 60769 171 60955 37 61025 171 61211 36 61280 172 61467 36 61529 180 61723 35 61783 182 61978 36 62037 184 62233 36 62292 185 62488 36 62547 186 62743 37 62802 187 62997 39 63057 189 63252 40 63312 190 63507 40 63567 191 63762 41 63822 178 64002 12 64018 41 64077 179 64259 11 64272 43 64332 180 64515 56 64588 180 64771 56 64843 181 65027 1 65030 52 65098 182 65281 1 65294 43 65355 181
283877,237 19 493 19 749 19 1005 19 1261 19 1517 19 1774 18 2031 17 2288 16 2546 14 2804 12 3062 10 3319 9 3578 3 31130 3 31344 5 31384 8 31597 10 31639 10 31851 14 31895 11 32106 17 32150 12 32361 19 32406 13 32616 21 32662 13 32871 23 32917 15 33127 24 33173 20 33382 25 33430 23 33637 27 33686 24 33893 27 33942 26 34148 28 34198 27 34403 29 34455 27 34659 30 34712 27 34914 31 34970 25 35170 31 35228 24 35425 32 35485 24 35681 32 35741 24 35937 32 35998 25 36192 32 36254 26 36448 32 36510 27 36704 32 36766 28 36961 30 37023 27 37217 29 37279 28 37474 28 37536 27 37731 25 37793 27 37988 22 38050 26 38247 17 38307 25 38510 6 38564 24 38821 23 39078 22 39335 20 39592 19 39850 16 40112 9 40369 6 40627 2 47341 12 47595 18 47850 22 48106 22 48362 22 48618 22 48874 22 49130 22 49386 22 49643 21 49899 21 50156 20 50412 20 50669 19 50925 19 51181 19 51437 19 51693 19 51950 18 52206 18 52462 18 52632 4 52718 18 52886 9 52974 18 53140 14 53231 17 53395 16 53488 14 53650 18 53745 12 53905 20 54002 9 54160 21 54259 5 54415 23 54671 23 54926 24 55182 24 55438 24 55694 24 55951 23 56207 23 56464 21 56721 8 56734 5 56980 2 58177 8 58430 12 58684 15 58939 17 59193 20 59448 21 59703 23 59958 24 60213 26 60469 26 60724 28 60979 42 61235 44 61490 46 61746 47 62002 47 62257 49 62513 49 62769 49 63025 25 63053 21 63280 24 63309 21 63536 22 63566 20 63792 21 63822 20 64048 20 64079 19 64304 19 64335 19 64560 18 64591 19 64817 16 64849 17 65073 15 65106 15 65329 14 65362 15
000090, 
986585,0 14848 14850 3 14861 243 15117 243 15373 243 15628 244 15883 245 16138 246 16394 246 16649 247 16904 248 17160 248 17415 249 17671 249 17926 250 18182 250 18437 251 18692 252 18947 253 19201 26954 46163 247 46421 244 46678 243 46934 243 47191 241 47447 241 47703 241 47958 241 48214 241 48470 241 48726 241 48981 242 49236 243 49488 248 49741 15795
238364,0 65536
516869,0 65536
850742,0 65536
274444,0 65536
187649,10173 7 10428 10 10683 12 10938 14 11193 17 11449 18 11704 20 11960 22 12215 24 12471 24 12727 25 12983 25 13239 25 13495 26 13751 25 14008 24 14264 24 14520 24 14776 23 15032 23 15288 22 15545 21 15801 20 16057 19 16314 16 16571 14 16828 11 17086 7 29418 1 29672 5 29687 6 29927 7 29941 8 30183 8 30196 9 30438 9 30451 11 30694 10 30707 11 30950 11 30963 11 31206 11 31218 14 31462 12 31475 13 31718 12 31731 11 31743 1 31975 11 31989 9 31999 1 32232 10 32247 7 32255 1 32489 9 32506 3 32746 9 33003 7 33261 3 34967 6 35220 12 35473 17 35728 20 35854 1 35983 22 36109 4 36238 24 36364 5 36493 26 36620 5 36748 28 36876 5 37003 30 37132 5 37258 32 37390 1 37514 34 37769 37 38025 39 38281 40 38538 39 38794 40 39051 39 39307 39 39564 38 39820 39 39938 3 40076 38 40193 6 40333 37 40448 8 40589 37 40704 8 40845 36 40960 9 41101 36 41216 11 41357 34 41472 12 41613 33 41689 6 41728 13 41870 30 41943 10 41984 15 42126 29 42197 13 42240 15 42382 27 42452 15 42496 16 42639 25 42707 17 42752 16 42895 23 42962 18 43008 17 43152 21 43218 19 43264 17 43409 18 43473 20 43520 17 43666 15 43729 20 43776 17 43924 12 43985 20 44032 18 44182 8 44241 20 44288 18 44441 2 44498 19 44544 18 44754 19 44800 18 45011 17 45056 18 45268 16 45312 18 45524 15 45568 18 45781 14 45824 18 46038 11 46080 18 46295 8 46336 18 46592 19 46848 20 47104 21 47360 29 47616 29 47826 7 47872 29 48081 10 48129 27 48335 13 48386 21 48590 15 48643 20 48846 16 48899 19 49101 18 49155 18 49357 20 49411 17 49612 22 49668 15 49868 22 49925 14 50124 23 50182 13 50380 24 50441 10 50636 25 50701 7 50892 26 50947 2 50958 11 51148 26 51203 2 51214 12 51404 26 51458 4 51469 13 51660 26 51714 3 51725 14 51917 25 51970 3 51980 14 52173 24 52226 3 52236 14 52429 23 52482 2 52492 14 52686 21 52739 1 52748 14 52943 19 53005 12 53201 15 53261 12 53461 9 53517 12 53774 10 54030 10 54285 9 54539 9 54788 15 55043 16 55298 18 55553 19 55808 20 56064 20 56320 20 56576 20 56832 20 57088 19 57344 18 57600 18 57857 16 58113 14 58671 2 58926 3 59182 2 61792 6 62045 10 62299 13 62544 25 62797 28 63051 31 63306 33 63561 34 63817 34 64072 35 64327 35 64396 1 64582 36 64650 5 64839 34 65096 32 65353 31
000081,0 65536
293458,148 47 404 48 660 49 771 2 917 49 1026 4 1173 50 1281 4 1429 49 1537 4 1685 48 1793 5 1940 49 2049 5 2195 49 2305 6 2451 49 2561 6 2706 49 2764 1 2817 5 2961 49 3020 1 3074 4 3215 50 3276 2 3330 3 3467 44 3532 2 3586 3 3721 44 3842 3 3976 44 4098 3 4118 2 4231 45 4354 3 4373 5 4487 46 4610 3 4628 7 4743 46 4865 4 4884 7 4999 49 5121 5 5140 8 5254 53 5376 6 5396 8 5510 56 5632 6 5653 8 5766 58 5888 7 5909 8 6022 59 6139 2 6143 8 6165 8 6277 61 6392 15 6421 8 6533 63 6604 3 6639 24 6678 7 6789 66 6858 5 6895 25 6934 7 7045 75 7152 24 7191 6 7300 76 7408 25 7448 4 7556 75 7665 24 7705 2 7812 75 7921 25 8071 72 8177 26 8330 68 8430 29 8463 6 8587 66 8683 44 8843 65 8938 33 8972 16 9100 61 9192 33 9228 19 9356 53 9447 32 9485 20 9613 51 9702 32 9741 21 9870 50 9957 32 9997 22 10127 47 10211 29 10241 3 10254 21 10385 43 10465 31 10498 2 10510 21 10642 38 10719 33 10766 21 10825 4 10900 29 10974 34 11022 21 11080 5 11166 9 11230 34 11278 19 11327 3 11334 7 11485 35 11534 18 11583 14 11740 36 11790 16 11839 14 11996 36 12046 15 12095 14 12252 36 12303 13 12352 13 12507 37 12559 12 12608 13 12763 37 12815 12 12865 12 13019 37 13072 11 13121 13 13275 37 13328 12 13378 14 13531 37 13584 13 13635 17 13787 37 13841 14 13891 21 14043 37 14097 16 14147 21 14297 39 14353 17 14403 21 14546 46 14609 17 14659 21 14801 47 14865 18 14916 17 15055 49 15121 18 15173 8 15310 50 15377 18 15564 52 15633 18 15819 53 15889 17 16073 55 16145 17 16328 56 16400 18 16583 57 16656 18 16838 58 16911 19 17093 59 17167 18 17348 60 17422 19 17603 61 17678 19 17857 63 17934 19 18112 64 18189 20 18367 65 18445 20 18622 66 18701 20 18877 67 18957 19 19132 68 19213 19 19387 69 19470 19 19509 4 19643 69 19726 22 19763 7 19899 69 19982 14 19999 6 20018 8 20154 67 20239 10 20256 6 20274 8 20410 66 20497 6 20512 6 20529 9 20666 65 20768 6 20785 8 20923 64 21024 6 21041 7 21179 63 21280 5 21297 5 21435 63 21535 6 21553 3 21692 62 21791 5 21809 2 21948 62 22047 5 22205 61 22303 4 22461 61 22560 1 22718 60 22974 60 23230 60 23487 58 23743 58 24000 57 24256 57 24513 55 24615 2 24769 55 24868 6 25026 54 25123 7 25283 52 25378 8 25540 50 25634 7 25797 47 25890 6 26054 43 26146 5 26312 39 26570 9 26584 20 26827 5 26842 15
000067,0 65536
905849,0 65536
841484,6586 9 6839 14 7093 18 7347 21 7602 23 7857 25 8112 27 8367 29 8622 30 8878 30 9133 31 9389 31 9644 32 9900 32 10156 32 10412 32 10668 31 10924 31 11180 31 11436 31 11693 30 11949 30 12205 30 12460 31 12716 31 12972 31 13228 31 13484 31 13740 31 13997 29 14253 29 14510 27 14766 26 15024 23 15281 20 15539 16 15797 13 16054 10 16311 8 16568 6 16825 3 17081 2 17338 1 17593 3 17849 4 18104 6 18360 13 18616 13 18872 13 19128 12 19385 11 19642 9 19900 5 28103 6 28357 9 28611 12 28866 14 29111 2 29120 17 29364 29 29403 4 29619 31 29653 13 29874 50 30130 68 30385 71 30640 73 30896 74 31151 75 31407 76 31663 77 31898 7 31918 78 32153 10 32174 79 32408 13 32429 80 32664 14 32684 81 32920 15 32939 83 33175 105 33431 105 33687 105 33943 105 34198 106 34454 106 34710 106 34966 106 35222 106 35478 106 35734 106 35990 106 36246 106 36501 107 36757 107 37012 108 37268 108 37458 5 37524 108 37712 9 37779 109 37966 13 38035 109 38221 15 38291 109 38477 16 38547 109 38732 18 38803 109 38987 20 39059 109 39243 22 39316 108 39498 24 39572 108 39753 26 39828 89 39921 15 40008 28 40085 86 40178 14 40263 29 40342 83 40435 13 40518 30 40598 82 40691 13 40773 31 40855 80 40948 12 41028 32 41112 78 41204 12 41283 33 41368 78 41461 11 41538 34 41625 76 41718 10 41793 35 41882 74 41976 8 42049 35 42139 72 42234 6 42304 37 42396 70 42492 2 42560 37 42654 67 42815 38 42912 63 43070 39 43170 58 43325 41 43427 55 43579 43 43684 52 43834 43 43941 49 44089 44 44197 28 44236 9 44344 45 44453 27 44494 4 44600 45 44710 26 44856 46 44966 25 45112 47 45222 23 45368 48 45478 20 45625 48 45734 18 45881 49 45990 15 46138 49 46246 14 46395 50 46503 12 46652 50 46759 12 46908 52 47015 11 47166 51 47272 9 47423 50 47529 7 47682 48 47787 4 47940 46 48198 8 48209 34 48456 4 48466 33 48722 33 48978 33 49234 33 49437 2 49491 32 49692 4 49747 32 49947 4 50003 31 50202 5 50260 30 50457 6 50516 30 50713 5 50772 29 50969 5 51029 28 51225 4 51285 27 51482 2 51542 24 51798 19 52065 5 52961 9 53215 18 53469 22 53723 25 53973 32 54226 35 54479 39 54732 42 54987 44 55242 46 55497 47 55753 47 56009 48 56265 48 56521 48 56777 48 57034 15 57050 31 57291 12 57307 30 57549 9 57563 29 57807 5 57819 29 58075 28 58332 27 58588 26 58844 26 59101 25 59357 24 59614 23 59870 23 60127 21 60384 20 60641 19 60898 17 61157 13 61416 9
636648,0 129 256 129 512 130 768 130 1024 130 1280 130 1536 130 1792 131 2048 131 2304 131 2560 131 2816 131 3072 131 3328 132 3584 132 3840 132 4096 132 4352 132 4608 133 4864 133 5120 133 5376 133 5632 133 5888 134 6144 134 6400 134 6656 134 6912 134 7168 135 7424 135 7680 135 7936 135 8192 135 8448 135 8704 136 8960 136 9216 136 9472 136 9728 136 9984 137 10240 137 10496 137 10752 137 11008 137 11264 138 11520 138 11776 138 12032 138 12288 139 12544 139 12800 139 13056 139 13312 139 13568 139 13824 140 14080 140 14336 140 14592 140 14848 140 15104 141 15360 141 15616 141 15872 141 16128 142 16384 142 16640 142 16896 143 17152 143 17408 143 17664 144 17920 144 18176 144 18432 144 18688 145 18944 145 19200 145 19456 146 19712 146 19968 146 20224 146 20480 147 20736 147 20992 147 21248 147 21504 147 21760 148 22016 148 22272 148 22528 148 22784 148 23040 149 23296 149 23552 149 23808 149 24064 149 24320 150 24576 150 24832 150 25088 150 25344 150 25600 151 25856 151 26112 151 26368 151 26624 151 26880 152 27136 152 27392 152 27648 152 27904 153 28160 153 28416 153 28672 153 28928 154 29184 154 29440 154 29696 154 29952 154 30208 155 30464 155 30720 155 30976 155 31232 155 31488 156 31744 156 32000 156 32256 156 32512 157 32768 157 33024 157 33280 157 33536 158 33792 158 34048 158 34304 158 34560 158 34816 159 35072 159 35328 159 35584 159 35840 159 36096 160 36352 160 36608 160 36864 160 37120 161 37376 161 37632 161 37888 161 38144 162 38400 162 38656 162 38912 162 39168 163 39424 163 39680 163 39936 163 40192 163 40448 163 40704 164 40960 164 41216 164 41472 164 41728 165 41984 165 42240 165 42496 165 42752 165 43008 166 43264 166 43520 166 43776 166 44032 167 44288 167 44544 167 44800 167 45056 167 45312 167 45568 168 45824 168 46080 168 46336 168 46592 168 46848 169 47104 169 47360 169 47616 169 47872 169 48128 170 48384 170 48640 170 48896 170 49152 170 49408 171 49664 171 49920 171 50176 171 50432 171 50688 172 50944 172 51200 172 51456 172 51712 172 51968 172 52224 173 52480 173 52736 173 52992 173 53248 174 53504 174 53760 174 54016 174 54272 175 54528 175 54784 175 55040 175 55296 175 55552 175 55808 176 56064 176 56320 176 56576 176 56832 176 57088 176 57344 177 57600 177 57856 177 58112 177 58368 178 58624 178 58880 178 59136 178 59392 179 59648 179 59904 179 60160 179 60416 179 60672 180 60928 180 61184 180 61440 180 61696 180 61952 181 62208 181 62464 181 62720 181 62976 181 63232 182 63488 182 63744 182 64000 182 64256 183 64512 183 64768 184 65024 184 65280 184
711772, 
661320,0 65536
391427,95 12 276 2 351 12 530 6 606 14 688 1 784 9 861 16 940 9 1039 9 1117 16 1195 12 1296 8 1372 17 1450 14 1552 7 1628 17 1706 22 1809 5 1884 18 1962 28 2140 18 2218 29 2395 19 2473 31 2651 19 2729 31 2907 19 2986 29 3163 19 3242 29 3417 21 3498 28 3668 25 3754 27 3923 26 4010 27 4178 26 4266 27 4433 12 4447 12 4522 27 4688 13 4705 9 4778 26 4943 13 4963 5 5034 26 5199 13 5290 26 5455 12 5546 26 5713 10 5802 26 5970 8 6058 26 6228 5 6314 25 6486 2 6570 25 6826 24 7083 23 7339 22 7596 20 7853 18 8110 15 8366 12 8623 9 8880 7 9137 5 9394 2 10638 4 10893 8 11148 11 11404 12 11516 4 11660 13 11768 8 11916 13 12022 10 12172 13 12277 11 12429 12 12531 13 12685 12 12786 14 12941 11 13041 15 13197 11 13296 16 13454 9 13551 17 13711 7 13807 17 13968 4 14062 18 14318 18 14573 19 14829 19 15084 20 15340 20 15596 20 15852 20 15986 12 16108 20 16240 18 16365 19 16494 22 16621 18 16749 25 16878 16 17004 27 17135 14 17258 29 17392 12 17513 31 17650 7 17768 32 18023 33 18278 34 18534 34 18789 35 19044 35 19299 35 19555 34 19811 33 20053 5 20066 32 20308 7 20322 30 20564 7 20578 27 20820 8 20835 20 20956 8 21077 7 21091 19 21209 12 21333 6 21347 18 21464 14 21590 5 21604 16 21719 15 21861 15 21975 16 22118 13 22230 17 22376 9 22486 17 22635 4 22742 17 22998 17 23255 16 23296 2 23511 15 23552 4 23768 14 23808 4 24025 12 24064 5 24282 9 24320 6 24540 5 24576 6 24832 7 25088 7 25344 7 25600 7 25856 6 26112 6 26368 5 26624 5 26880 4 27128 5 27136 4 27382 7 27392 3 27637 9 27647 5 27668 4 27892 10 27903 9 27922 8 28146 12 28159 12 28176 12 28401 13 28415 30 28642 3 28656 14 28672 31 28896 7 28911 15 28928 34 29151 10 29165 17 29184 36 29406 12 29420 18 29440 38 29661 33 29696 39 29917 33 29952 40 30023 7 30172 33 30208 41 30277 10 30428 33 30464 43 30532 12 30684 33 30720 44 30787 14 30940 33 30976 44 31042 15 31120 6 31196 32 31232 45 31297 30 31375 9 31452 32 31488 46 31553 33 31630 11 31709 30 31744 46 31808 36 31885 15 31965 29 32000 46 32064 37 32140 21 32222 27 32256 46 32320 38 32396 23 32478 25 32512 46 32576 39 32652 24 32734 16 32768 46 32832 40 32907 26 32980 4 32990 15 33024 46 33088 41 33162 28 33235 7 33245 16 33280 45 33344 41 33418 29 33491 8 33500 17 33536 44 33599 43 33652 13 33672 32 33747 8 33756 16 33792 43 33855 43 33907 53 34003 7 34013 15 34048 42 34110 45 34161 56 34260 5 34269 15 34304 42 34366 45 34417 56 34517 2 34526 13 34560 41 34622 46 34673 57 34783 12 34816 41 34877 47 34929 57 35040 10 35072 40 35133 48 35187 55 35298 6 35328 39 35388 49 35445 53 35584 39 35644 49 35703 51 35840 38 35900 49 35960 49 36096 37 36155 50 36217 48 36352 35 36411 49 36474 47 36608 34 36667 49 36731 46 36864 33 36924 47 36989 43 37120 31 37180 46 37246 42 37376 29 37437 42 37504 39 37632 28 37694 34 37762 36 37888 26 37951 31 38019 34 38144 25 38208 30 38275 32 38401 22 38469 24 38532 28 38659 18 38728 20 38789 25 38921 9 38989 14 39046 23 39250 8 39303 21 39509 2 39562 16 39821 10 42068 2 42315 15 42569 19 42824 21 43080 21 43336 22 43592 22 43775 1 43848 22 44028 4 44104 22 44284 4 44359 23 44540 4 44614 24 44796 4 44870 24 45052 4 45125 25 45311 1 45380 25 45536 13 45635 26 45789 18 45891 25 45958 7 46042 23 46147 24 46212 10 46296 26 46403 23 46465 15 46488 5 46551 28 46658 24 46720 17 46741 10 46806 30 46914 23 46974 34 47061 32 47170 22 47227 38 47316 33 47421 27 47478 44 47572 34 47674 29 47732 47 47828 35 47928 30 47987 49 48084 35 48182 31 48242 51 48340 35 48436 19 48498 53 48596 35 48684 26 48753 55 48852 35 48937 29 49009 56 49108 35 49191 31 49265 57 49364 35 49446 31 49520 60 49619 36 49702 31 49776 61 49874 37 49957 32 50032 62 50129 38 50213 32 50272 6 50288 63 50385 37 50468 33 50524 15 50544 63 50640 38 50724 33 50778 20 50800 64 50895 38 50980 33 51033 87 51150 38 51236 33 51288 88 51405 38 51492 33 51543 89 51659 39 51748 33 51798 89 51912 40 52004 33 52054 89 52167 36 52261 32 52310 89 52422 33 52517 31 52566 88 52678 31 52773 31 52821 89 52933 31 53030 30 53078 88 53189 33 53287 28 53334 87 53445 35 53544 27 53590 87 53700 38 53802 24 53847 85 53955 40 54059 10 54072 9 54103 85 54210 43 54317 7 54330 6 54360 83 54466 44 54617 82 54721 46 54874 80 54976 48 55131 78 55232 48 55388 76 55487 50 55646 73 55743 50 55903 71 55998 52 56160 68 56254 52 56417 65 56509 53 56673 53 56732 1 56765 53 56930 50 57020 54 57186 48 57275 55 57443 44 57529 56 57700 41 57784 57 57957 23 57986 8 58038 59 58216 18 58293 59 58390 7 58548 59 58645 11 58803 59 58900 13 59059 59 59144 5 59156 14 59315 58 59398 8 59413 13 59571 57 59653 9 59669 13 59826 57 59906 12 59925 13 60083 56 60161 13 60181 13 60339 55 60417 13 60437 13 60595 54 60673 13 60693 13 60851 53 60929 12 60949 12 61108 51 61184 13 61206 11 61364 51 61440 12 61462 11 61621 49 61696 10 61718 10 61878 21 61906 19 61952 9 61974 9 62134 20 62166 14 62208 8 62230 9 62391 19 62426 6 62464 6 62485 9 62648 17 62722 3 62741 9 62905 15 62996 9 63162 14 63252 8 63419 12 63507 7 63676 10 63764 3 63933 7 64191 3
403905,0 460 463 3938 4403 253 4660 251 4917 248 5173 247 5430 244 5687 222 5911 17 5944 221 6170 9 6201 221 6457 222 6714 222 6971 222 7228 224 7484 227 7741 229 7997 230 8253 232 8509 234 8765 235 9021 236 9277 236 9533 237 9789 237 10045 238 10301 238 10558 237 10814 237 11071 130 11206 101 11327 129 11462 101 11584 127 11719 100 11840 99 11941 26 11974 101 12096 99 12199 24 12230 101 12351 99 12456 23 12486 101 12607 99 12713 22 12742 102 12862 101 12970 21 12998 102 13117 102 13228 3 13238 8 13254 102 13373 102 13510 103 13628 104 13766 103 13884 104 14022 43 14068 57 14139 106 14278 42 14325 56 14395 106 14534 41 14582 55 14650 108 14791 38 14839 54 14906 108 15047 38 15097 52 15161 111 15304 36 15355 49 15416 115 15562 34 15612 1 15614 46 15672 118 15819 33 15868 1 15871 45 15927 121 16076 32 16124 1 16127 44 16182 123 16332 33 16379 48 16438 125 16588 34 16634 49 16693 127 16843 35 16889 50 16948 129 17097 38 17143 52 17203 132 17352 41 17397 195 17607 243 17863 244 18118 247 18374 248 18629 3387 22017 29775 51793 253 52051 251 52308 249 52566 247 52824 78 52904 165 53083 74 53163 163 53348 66 53420 162 53605 65 53678 160 53862 65 53935 159 54118 65 54191 159 54375 65 54447 159 54631 67 54704 159 54887 70 54959 161 55143 234 55399 235 55656 235 55912 236 56168 236 56423 238 56679 239 56934 245 57189 249 57443 1368 58812 255 59069 253 59326 252 59582 253 59838 5698
534313,6 32 263 31 518 32 773 34 1029 34 1285 33 1541 32 1797 31 2054 29 2310 28 2567 26 2824 23 3080 23 3337 22 3593 21 3849 21 4105 22 4361 23 4617 24 4873 24 5129 24 5385 24 5642 22 5898 21 6155 20 6411 19 6667 18 6753 12 6924 16 7006 17 7180 15 7260 20 7437 13 7514 23 7694 11 7768 26 7951 8 8023 27 8279 28 8393 3 8535 28 8649 4 8790 30 8906 2 9046 30 9288 2 9302 30 9539 8 9558 30 9793 11 9814 30 10048 13 10070 30 10303 14 10325 31 10559 15 10581 30 10814 18 10837 30 11070 53 11326 53 11582 52 11838 52 12094 51 12350 51 12606 50 12862 49 13118 48 13374 47 13631 46 13887 45 14144 44 14410 34 14666 33 14923 32 15179 17 15200 10 15436 15 15458 7 15692 14 15949 12 16205 12 16462 10 16720 7 16977 6 17236 1 18453 2 18707 7 18961 10 19215 13 19469 17 19724 19 19979 22 20234 24 20489 25 20745 26 21000 27 21256 28 21511 29 21766 30 22022 31 22277 32 22533 32 22789 31 23046 30 23303 29 23562 26 23821 23 24078 21 24336 19 24593 17 24850 15 25108 12 25365 10 25623 6 38534 3 38787 10 39042 14 39064 6 39297 31 39552 33 39807 34 40057 3 40062 36 40312 42 40567 44 40822 45 41078 45 41334 45 41590 45 41846 46 42102 46 42357 47 42613 47 42869 47 43125 47 43381 47 43637 47 43892 18 43911 29 44148 16 44168 28 44373 17 44403 16 44425 27 44627 20 44659 15 44682 25 44882 23 44914 15 44938 25 45138 24 45169 15 45195 24 45393 26 45424 16 45452 22 45649 47 45709 8 45721 8 45905 47 45966 4 45979 5 46161 48 46253 8 46417 48 46508 12 46674 48 46763 15 46930 49 47019 16 47186 50 47274 18 47443 51 47530 19 47699 52 47786 19 47956 52 48042 19 48127 1 48213 51 48298 20 48383 1 48470 51 48554 20 48726 51 48810 20 48982 51 49066 20 49238 51 49321 21 49494 51 49577 21 49750 50 49832 22 50006 50 50087 23 50262 50 50342 24 50378 4 50517 50 50597 26 50632 8 50741 4 50773 49 50852 27 50886 11 50994 9 51029 48 51107 29 51140 13 51228 8 51248 12 51285 45 51363 46 51481 13 51502 15 51541 40 51618 48 51736 17 51756 18 51797 39 51874 48 51990 41 52053 36 52130 48 52244 44 52309 26 52386 48 52499 46 52566 24 52642 48 52754 47 52821 24 52898 48 52960 3 53010 47 53077 23 53155 46 53214 9 53265 48 53333 21 53411 46 53469 12 53521 48 53589 19 53668 45 53724 15 53776 49 53846 8 53925 43 53979 18 54032 49 54104 4 54182 42 54235 20 54288 49 54438 41 54491 22 54544 49 54695 40 54746 25 54800 49 54951 39 55002 26 55056 49 55208 37 55258 28 55312 49 55464 36 55513 30 55568 49 55720 34 55769 31 55824 49 55977 31 56025 32 56079 50 56233 29 56281 33 56334 51 56490 27 56537 33 56590 52 56746 26 56793 33 56846 53 57003 25 57050 32 57102 55 57260 24 57306 32 57358 56 57517 23 57562 32 57614 57 57774 22 57819 31 57870 57 58031 21 58075 30 58126 56 58289 19 58332 28 58382 56 58547 17 58589 18 58610 4 58638 56 58805 14 58846 13 58894 55 59062 13 59103 11 59150 55 59321 9 59360 8 59406 55 59483 3 59581 5 59618 3 59660 57 59739 3 59839 1 59915 58 59995 3 60170 59 60251 3 60424 62 60679 63 60933 66 61187 69 61441 71 61698 71 61955 70 62211 71 62466 72 62722 71 62977 72 63232 73 63488 72 63744 71 64000 70 64256 69 64512 68 64768 67 65024 67 65280 67
799282,48 42 119 46 304 42 375 46 560 42 630 48 771 6 816 42 885 50 1027 6 1073 41 1140 52 1282 6 1329 40 1396 52 1538 6 1586 38 1651 53 1793 7 1842 37 1906 55 2049 8 2098 36 2161 56 2304 9 2354 36 2416 58 2560 9 2611 34 2671 59 2816 10 2867 34 2926 61 3072 11 3124 33 3182 62 3328 11 3381 32 3437 64 3584 11 3638 31 3693 65 3840 12 3894 32 3949 65 4096 12 4151 32 4205 65 4352 11 4408 32 4461 65 4608 11 4664 32 4717 65 4864 10 4921 32 4974 63 5120 9 5178 31 5230 63 5376 8 5434 31 5486 62 5632 8 5691 30 5742 62 5888 7 5905 4 5947 29 5998 61 6144 6 6160 5 6204 28 6253 62 6400 5 6417 4 6460 18 6479 9 6509 61 6657 3 6674 2 6717 15 6736 8 6764 61 6974 12 6992 9 7020 60 7232 9 7248 9 7276 59 7492 2 7504 10 7533 56 7760 10 7789 53 8017 10 8046 51 8273 11 8303 31 8336 15 8517 6 8529 12 8561 26 8597 5 8772 11 8785 11 8819 22 9026 24 9077 17 9281 17 9335 12 9536 18 9595 6 9792 19 10047 20 10303 23 10559 25 10815 27 11071 29 11328 29 11584 29 11840 29 12097 28 12353 29 12610 28 12866 28 13122 27 13379 25 13635 24 13892 20 14148 18 14406 14
000048,140 12 396 13 429 1 652 14 907 17 1163 18 1419 17 1675 16 1931 15 2187 13 2444 9
701596,2 74 98 123 232 24 258 73 354 122 490 22 513 74 610 122 745 99 866 123 999 101 1122 123 1255 100 1378 122 1511 99 1633 123 1767 99 1889 123 2023 99 2145 122 2279 98 2401 122 2535 98 2658 121 2792 97 2916 46 2965 69 3048 96 3175 42 3222 68 3305 95 3434 38 3479 67 3562 93 3691 37 3735 66 3819 92 3948 35 3991 66 4080 45 4127 38 4205 35 4247 66 4339 38 4388 27 4462 34 4503 65 4596 35 4646 23 4719 33 4758 66 4853 33 4903 19 4976 33 5013 68 5109 32 5160 13 5233 105 5365 31 5417 8 5490 110 5603 9 5621 31 5674 6 5747 123 5877 31 5930 5 6004 124 6132 32 6188 2 6260 159 6517 158 6773 158 7029 158 7287 156 7448 4 7546 76 7626 84 7804 74 7883 84 8060 74 8139 39 8182 41 8234 3 8316 74 8395 38 8439 41 8489 5 8572 75 8650 37 8695 41 8744 6 8828 114 8952 40 9000 7 9084 111 9208 40 9255 8 9340 59 9400 48 9463 41 9511 9 9596 58 9657 46 9719 42 9766 11 9852 57 9913 45 9974 43 10022 12 10108 58 10168 45 10229 44 10278 12 10316 5 10364 104 10484 46 10533 13 10557 6 10570 8 10620 103 10739 48 10788 15 10812 9 10825 10 10853 9 10876 103 10995 64 11067 25 11106 15 11132 102 11251 64 11323 25 11360 18 11388 101 11506 50 11557 14 11578 27 11614 21 11644 100 11762 50 11814 13 11834 27 11869 23 11900 98 12018 50 12070 13 12090 28 12124 26 12155 97 12274 50 12325 14 12346 29 12379 28 12410 96 12529 66 12602 159 12785 67 12858 159 13040 69 13113 160 13295 234 13551 234 13806 235 14062 235 14317 236 14572 237 14821 2 14827 238 15083 238 15339 238 15596 236 15853 235 16110 233 16367 44 16413 116 16532 67 16625 41 16670 114 16789 65 16884 37 16926 111 17045 65 17142 35 17183 105 17301 63 17383 4 17398 35 17439 104 17557 61 17637 9 17654 34 17695 51 17748 50 17814 55 17892 14 17908 36 17951 50 18004 49 18070 54 18146 54 18207 49 18261 48 18326 54 18399 57 18463 48 18517 48 18582 54 18653 60 18718 48 18773 48 18838 54 18907 114 19030 47 19094 54 19162 114 19287 46 19350 55 19416 115 19544 45 19606 55 19670 117 19802 43 19862 55 19925 117 20059 42 20118 56 20180 118 20317 39 20374 57 20435 119 20573 37 20630 180 20830 33 20886 180 21086 31 21142 180 21342 30 21398 181 21598 30 21655 180 21854 29 21911 181 22110 29 22167 182 22366 29 22424 182 22622 28 22680 183 22878 28 22937 183 23135 21 23158 4 23194 182 23391 16 23451 181 23647 16 23709 179 23903 18 23968 94 24063 80 24160 20 24226 92 24320 78 24417 24 24483 90 24576 77 24675 23 24739 89 24832 42 24876 33 24931 24 24995 87 25088 37 25133 32 25187 25 25250 87 25344 31 25389 32 25443 26 25505 87 25600 28 25645 32 25699 27 25759 88 25856 26 25901 32 25954 30 26006 96 26112 24 26156 33 26210 31 26258 100 26368 21 26412 33 26465 34 26513 100 26624 17 26667 34 26720 37 26767 101 26880 16 26922 35 26976 38 27023 100 27136 15 27176 36 27231 40 27278 99 27392 15 27431 37 27487 41 27533 98 27648 15 27686 38 27742 43 27788 98 27904 16 27942 38 27997 144 28160 16 28197 39 28252 145 28416 17 28453 39 28507 146 28672 18 28709 40 28762 147 28928 19 28965 40 29017 149 29184 20 29220 42 29272 151 29440 21 29476 44 29527 153 29696 23 29732 46 29781 157 29952 26 29987 210 30208 28 30243 213 30464 29 30499 215 30720 29 30755 250 31011 249 31267 249 31524 249 31780 249 32036 43 32083 203 32292 41 32341 204 32546 41 32598 243 32855 240 33112 237 33368 218 33593 10 33624 218 33852 4 33879 219 34135 219 34390 220 34645 222 34901 222 35156 224 35412 224 35668 225 35924 227 36161 8 36180 228 36415 13 36436 230 36670 16 36692 231 36925 19 36948 682 37632 253 37888 252 38144 250 38400 249 38656 204 38861 43 38912 203 39118 42 39168 201 39374 41 39424 200 39630 41 39680 199 39887 39 39936 197 40143 39 40192 190 40399 38 40448 189 40656 36 40704 188 40912 36 40960 187 41169 34 41216 34 41253 148 41425 33 41472 33 41510 146 41681 32 41728 32 41767 143 41937 32 41985 30 42024 141 42193 31 42235 2 42242 28 42281 63 42347 74 42449 31 42488 5 42499 25 42538 62 42604 72 42705 31 42743 6 42755 17 42793 62 42863 69 42961 31 42999 7 43007 1 43012 15 43049 62 43121 67 43217 31 43255 7 43263 1 43268 14 43302 65 43378 65 43473 31 43511 7 43519 1 43524 13 43554 68 43636 63 43729 31 43766 10 43781 11 43808 70 43893 62 43984 32 44021 11 44036 11 44063 71 44152 58 44239 49 44292 11 44318 71 44418 25 44445 20 44495 49 44547 12 44574 70 44674 21 44705 16 44751 49 44803 12 44829 70 44931 15 44964 12 45007 49 45059 12 45084 71 45189 12 45221 11 45263 49 45314 14 45339 71 45446 11 45478 10 45519 49 45570 14 45594 72 45704 9 45735 11 45753 4 45775 49 45825 16 45849 73 45961 7 45991 30 46031 49 46082 16 46104 75 46219 5 46247 32 46286 50 46338 16 46360 75 46477 2 46503 34 46542 50 46594 17 46615 77 46759 36 46797 51 46851 16 46871 78 47014 90 47107 16 47126 81 47248 6 47270 90 47363 102 47503 9 47525 91 47619 103 47758 12 47781 91 47875 104 48013 14 48036 92 48131 105 48261 23 48291 93 48387 107 48513 28 48546 94 48643 108 48766 33 48801 95 48899 110 49017 135 49155 253 49411 253 49667 253 49923 253 50179 253 50435 253 50691 253 50946 1644 52593 252 52850 249 53107 138 53248 106 53363 136 53504 104 53619 134 53760 101 53874 134 54016 100 54129 134 54272 100 54382 137 54528 99 54636 138 54784 99 54891 139 55040 99 55146 139 55296 100 55402 139 55552 100 55657 140 55808 101 55912 142 56064 101 56167 143 56320 247 56576 247 56832 248 57088 249 57344 249 57600 251 57855 356 58214 252 58471 251 58727 251 58983 251 59239 252 59495 253 59750 203 59954 252 60213 248 60471 243 60729 240 60987 238 61244 237 61501 236 61757 235 62013 235 62269 234 62525 234 62780 235 63036 234 63292 233 63548 232 63804 231 64060 230 64315 231 64571 230 64826 229 65082 227 65338 150 65489 47
000031,163 22 418 23 672 26 926 29 1182 29 1438 28 1695 27 1952 25 2208 24 2465 22 2722 20 2980 13 3240 4
726981,35 24 292 23 548 24 804 24 1060 25 1316 25 1572 25 1762 4 1828 25 2016 9 2084 24 2270 13 2340 24 2525 16 2550 6 2597 23 2780 19 2805 11 2853 22 3035 21 3060 12 3109 22 3289 39 3365 21 3544 40 3622 19 3799 41 3879 17 4055 41 4136 15 4310 42 4393 12 4565 43 4650 10 4820 44 4909 6 5076 44 5168 6 5331 45 5424 12 5587 45 5679 15 5842 46 5934 17 6098 46 6189 19 6353 47 6444 21 6609 47 6699 22 6864 48 6954 23 7118 50 7209 25 7372 52 7465 25 7626 54 7720 27 7881 55 7976 29 8137 55 8232 31 8393 55 8488 32 8649 55 8744 32 8905 55 9000 33 9161 55 9255 34 9417 55 9511 34 9673 55 9767 35 9928 56 10022 36 10184 54 10278 36 10440 54 10533 37 10696 54 10788 37 10952 53 11043 38 11208 53 11298 39 11464 53 11553 40 11720 53 11808 41 11976 53 12063 42 12233 52 12317 43 12441 6 12489 51 12572 44 12693 15 12745 51 12827 45 12946 20 13001 50 13082 46 13199 25 13257 48 13338 46 13452 30 13513 46 13593 47 13706 34 13769 43 13849 47 13961 38 14025 41 14105 47 14216 45 14280 29 14360 48 14470 50 14536 28 14576 5 14588 4 14616 48 14725 52 14792 28 14831 17 14872 48 14980 54 15047 32 15085 19 15128 48 15235 56 15303 57 15384 48 15490 57 15559 16 15577 39 15640 48 15738 65 15815 14 15833 39 15895 49 15991 69 16071 13 16089 39 16151 49 16244 72 16327 12 16344 40 16407 49 16498 75 16583 10 16599 41 16662 50 16752 77 16840 7 16854 42 16918 49 17006 80 17097 4 17109 43 17174 49 17261 82 17365 43 17430 49 17516 83 17620 44 17685 49 17772 83 17876 44 17941 49 18027 85 18132 44 18197 48 18283 85 18388 44 18452 49 18539 85 18643 45 18708 48 18795 85 18899 45 18963 48 19051 85 19155 45 19218 49 19306 86 19410 46 19474 48 19562 87 19665 47 19729 49 19818 87 19920 48 19984 49 20073 89 20175 49 20239 50 20328 90 20430 50 20494 50 20583 92 20686 50 20749 51 20838 93 20941 51 21004 51 21094 94 21196 52 21259 51 21349 95 21452 52 21514 52 21604 96 21707 53 21769 52 21860 98 21961 55 22024 53 22115 157 22279 54 22371 157 22534 54 22626 158 22789 55 22882 158 23044 56 23137 159 23299 56 23392 160 23554 57 23647 219 23903 218 24158 218 24413 218 24668 219 24924 218 25179 219 25434 62 25502 151 25690 60 25759 149 25945 60 26015 148 26201 58 26272 146 26457 55 26528 144 26713 54 26785 135 26969 53 27041 134 27226 51 27298 132 27482 50 27555 131 27738 50 27813 128 27994 49 28070 127 28250 48 28327 125 28506 47 28584 123 28762 46 28841 121 29018 44 29098 119 29274 41 29355 118 29530 40 29612 117 29786 39 29871 114 30042 38 30129 112 30298 37 30386 111 30553 37 30643 110 30809 36 30899 110 31065 35 31155 110 31320 35 31412 110 31576 33 31668 110 31832 32 31924 110 32088 30 32181 109 32345 28 32437 109 32601 27 32693 109 32857 26 32950 107 33113 26 33206 107 33370 24 33463 106 33626 24 33719 105 33882 23 33976 104 34139 22 34233 102 34395 22 34489 101 34652 20 34745 100 34908 20 35002 98 35152 4 35165 19 35258 98 35405 9 35422 18 35513 99 35660 11 35679 16 35769 99 35913 16 35936 15 36024 100 36166 19 36194 13 36279 101 36421 21 36451 11 36534 102 36677 22 36708 9 36789 103 36933 22 36966 5 37045 103 37189 22 37222 4 37300 104 37446 22 37478 4 37555 104 37703 21 37734 4 37795 12 37809 106 37962 19 37989 6 38050 121 38219 18 38243 11 38306 120 38476 19 38498 16 38561 121 38732 41 38817 121 38988 42 39073 121 39244 43 39329 121 39501 43 39585 120 39757 44 39841 120 40013 44 40096 121 40269 46 40351 121 40525 47 40606 122 40781 56 40861 122 41037 58 41115 124 41294 58 41370 124 41550 58 41625 124 41806 59 41880 124 42062 59 42135 124 42319 58 42391 122 42575 59 42646 122 42831 10 42842 48 42902 120 43087 9 43098 49 43157 120 43343 61 43413 119 43600 61 43668 119 43856 65 43922 120 44112 185 44368 185 44625 184 44881 59 44943 121 45137 56 45202 118 45393 54 45459 116 45649 52 45715 115 45905 51 45970 116 46161 49 46226 115 46417 47 46481 111 46594 2 46672 46 46736 112 46928 44 46991 42 47038 66 47184 43 47246 40 47296 64 47440 42 47501 39 47552 64 47696 41 47757 38 47808 64 47952 40 48013 37 48065 63 48208 39 48268 37 48321 63 48463 39 48524 37 48577 63 48719 38 48780 36 48833 63 48974 39 49036 35 49089 63 49230 38 49292 35 49345 63 49485 39 49548 34 49601 63 49740 39 49804 32 49857 63 49994 40 50060 31 50112 64 50249 40 50316 30 50368 62 50504 40 50573 28 50624 59 50759 39 50829 28 50879 57 51015 37 51085 27 51135 56 51270 33 51342 25 51390 56 51525 32 51598 25 51642 59 51780 32 51855 23 51895 61 52034 33 52112 22 52149 63 52289 34 52370 20 52404 63 52545 34 52629 17 52660 63 52800 35 52887 15 52915 64 53035 2 53055 36 53143 15 53171 63 53289 7 53310 37 53399 16 53426 63 53543 11 53565 38 53655 16 53682 62 53799 12 53820 39 53911 17 53937 63 54054 61 54167 18 54193 62 54310 61 54422 20 54448 63 54566 61 54678 21 54703 63 54822 8 54832 51 54934 88 55079 4 55088 52 55189 88 55344 52 55445 87 55600 52 55701 87 55855 53 55957 86 56110 54 56213 85 56365 54 56469 85 56620 55 56725 84 56875 56 56981 84 57130 57 57238 82 57385 58 57494 82 57641 58 57750 82 57896 59 58007 80 58151 60 58264 79 58406 61 58521 77 58661 61 58778 76 58916 62 59037 72 59171 62 59294 70 59427 58 59551 69 59682 56 59808 67 59937 56 60064 66 60193 56 60321 65 60449 55 60578 56 60638 4 60704 56 60835 53 60895 3 60960 56 61092 51 61152 2 61215 56 61349 49 61408 2 61471 56 61606 47 61727 56 61862 46 61982 56 62118 46 62238 55 62374 45 62494 54 62629 45 62750 53 62884 45 63006 52 63139 45 63262 51 63394 45 63519 49 63649 45 63776 46 63888 5 63904 45 64032 45 64144 5 64159 46 64289 43 64399 7 64414 46 64545 43 64655 8 64667 49 64802 41 64910 62 65059 39 65167 60 65316 37 65424 2 65429 55
689810,0 65536
548413,0 65536
777433,9626 3 9880 8 10135 10 10390 12 10645 14 10901 14 11156 16 11412 16 11668 16 11924 17 12180 17 12436 17 12692 18 12948 18 13204 18 13460 18 13716 19 13971 20 14227 20 14483 20 14739 19 14994 20 15250 20 15506 19 15762 18 16019 16 16276 14 16533 12 16791 8 17048 5 20354 3 20608 10 20863 14 21119 16 21374 18 21629 20 21885 20 22140 22 22396 22 22651 23 22907 23 23163 23 23419 23 23675 23 23931 22 24187 22 24442 23 24685 9 24698 22 24936 40 25190 41 25445 42 25701 41 25956 22 25982 15 26212 22 26241 2 26246 7 26468 21 26504 5 26724 21 26761 5 26979 21 27016 8 27235 21 27272 10 27492 19 27527 12 27748 18 27783 13 28004 18 28038 14 28260 17 28294 15 28517 15 28548 17 28774 13 28802 19 29031 9 29057 20 29289 5 29312 21 29567 22 29823 22 30079 22 30335 22 30591 22 30847 22 31103 23 31359 23 31615 23 31871 23 32126 24 32382 24 32638 23 32894 22 33150 21 33406 18 33663 13 33920 10 34177 7 34435 2 58386 1 58641 4 58897 4 59153 3 64276 3 64532 3
810943,13 243 270 242 526 242 779 245 1034 246 1291 245 1548 244 1803 245 2059 245 2314 246 2567 249 2819 62717
692688,0 7168 7170 254 7427 253 7684 252 7941 251 8198 250 8454 250 8711 249 8967 249 9223 249 9479 249 9735 249 9991 249 10248 248 10504 248 10760 248 11016 248 11272 248 11529 247 11785 247 12042 246 12298 246 12554 246 12810 246 13067 245 13323 245 13579 245 13836 244 14092 244 14348 244 14605 243 14861 243 15117 243 15374 242 15630 242 15887 241 16143 241 16400 240 16656 240 16912 240 17169 239 17425 239 17682 238 17938 238 18194 238 18451 237 18707 237 18963 237 19220 236 19476 236 19732 236 19988 236 20244 236 20501 235 20757 235 21013 235 21270 234 21526 234 21782 234 22038 234 22294 234 22550 234 22807 233 23063 233 23319 233 23575 233 23832 232 24088 232 24344 232 24600 232 24856 232 25113 231 25369 231 25625 231 25882 230 26138 230 26395 229 26651 229 26907 229 27164 228 27420 228 27676 228 27933 227 28189 227 28445 227 28701 227 28958 226 29214 226 29470 226 29727 225 29983 225 30239 225 30496 224 30752 224 31008 224 31265 223 31521 223 31777 223 32034 222 32290 222 32547 221 32803 221 33059 221 33316 220 33572 220 33828 220 34085 219 34341 219 34597 219 34854 218 35110 218 35367 217 35623 217 35880 216 36136 216 36392 216 36649 215 36905 215 37161 215 37418 214 37674 214 37931 213 38187 213 38444 212 38700 212 38956 212 39212 212 39468 212 39724 212 39981 211 40237 211 40493 211 40750 210 41006 210 41262 210 41519 209 41775 209 42031 209 42288 208 42544 208 42800 208 43057 207 43313 207 43569 207 43826 206 44082 206 44338 206 44595 205 44851 205 45107 205 45364 204 45620 204 45876 204 46133 203 46389 203 46646 202 46902 202 47159 201 47415 201 47671 201 47928 200 48184 200 48440 200 48696 200 48953 199 49209 199 49466 198 49722 198 49979 197 50235 197 50491 197 50748 196 51004 196 51260 196 51517 195 51773 195 52029 195 52286 194 52542 194 52798 194 53055 193 53311 193 53567 193 53823 193 54079 193 54336 192 54592 192 54848 192 55105 191 55361 191 55617 191 55874 190 56130 190 56387 189 56643 189 56899 189 57156 188 57412 188 57668 188 57925 187 58181 187 58438 186 58694 186 58950 186 59207 185 59463 185 59719 185 59976 184 60232 184 60488 184 60745 183 61001 183 61257 183 61514 182 61770 182 62026 182 62283 181 62539 181 62795 181 63052 180 63308 180 63565 179 63821 179 64077 179 64333 179 64590 178 64846 178 65102 178 65359 177
000004,0 65536
563581,0 5984 5988 251 6244 251 6501 249 6757 249 7013 249 7269 249 7526 249 7782 249 8037 251 8293 252 8547 17029 25579 252 25835 252 26090 547 26639 251 26896 249 27153 246 27409 246 27665 245 27920 245 28176 244 28431 245 28687 245 28942 246 29197 247 29452 248 29707 249 29962 250 30217 252 30473 4810 35287 251 35545 249 35803 246 36060 245 36317 243 36573 243 36830 241 37086 192 37280 47 37343 190 37537 31 37571 11 37599 190 37793 31 37829 8 37856 189 38049 31 38087 5 38113 223 38370 222 38626 222 38883 222 39140 221 39397 25 39423 195 39653 24 39680 195 39910 23 39936 195 40167 17 40192 196 40423 17 40448 196 40680 16 40704 197 40936 17 40960 197 41189 20 41211 2 41216 198 41439 30 41471 199 41693 32 41727 199 41947 35 41983 200 42201 37 42239 201 42455 39 42495 201 42709 41 42751 202 42962 44 43007 202 43216 46 43263 204 43470 48 43519 254 43775 254 44031 254 44287 251 44544 250 44800 250 45056 250 45312 251 45568 251 45824 252 46080 253 46336 253 46592 253 46848 253 47104 254 47360 254 47616 254 47872 99 47974 152 48128 94 48232 150 48384 93 48489 149 48640 92 48745 149 48896 91 49002 147 49152 90 49258 38 49300 105 49407 91 49514 34 49557 103 49663 91 49770 33 49813 101 49918 92 50025 34 50069 99 50174 93 50280 35 50324 98 50430 74 50507 17 50534 39 50579 96 50686 73 50765 19 50787 43 50834 73 50910 19 50941 73 51022 139 51167 19 51197 73 51278 139 51423 20 51453 73 51535 138 51679 22 51709 73 51791 138 51934 26 51963 75 52047 139 52189 105 52303 246 52559 246 52815 245 53071 244 53327 244 53583 244 53839 244 54094 245 54350 245 54604 247 54859 248 55114 250 55368 2159 57533 248 57790 246 58047 243 58304 240 58560 238 58817 235 59074 17 59096 211 59331 14 59357 205 59587 13 59615 203 59844 12 59872 81 59957 117 60100 11 60129 80 60214 115 60356 10 60385 80 60471 114 60613 8 60642 80 60727 114 60869 5 60898 80 60983 113 61154 82 61237 115 61381 1 61410 197 61636 3 61666 197 61891 5 61922 197 62145 8 62178 198 62397 12 62434 200 62648 17 62690 203 62901 21 62946 232 63186 3 63202 169 63374 60 63441 6 63458 165 63632 58 63696 9 63713 165 63890 56 63951 14 63967 165 64146 56 64207 180 64403 55 64463 180 64659 55 64718 180 64915 55 64974 180 65171 55 65230 179 65427 55 65486 50
927691,0 10868 10872 250 11128 249 11384 248 11639 249 11894 232 12129 254 12386 27172 39562 251 39819 249 40075 249 40330 250 40585 252 40839 535 41375 254 41631 253 41887 253 42141 23395
000030,0 65536
863364,0 318 320 22244 22567 251 22825 248 23081 247 23338 245 23594 244 23850 244 24106 243 24362 243 24618 243 24874 244 25130 247 25386 249 25642 251 25898 253 26154 27428 53585 250 53842 247 54099 245 54355 244 54611 243 54868 242 55123 243 55379 242 55635 241 55890 242 56146 241 56402 241 56657 241 56913 241 57169 241 57424 242 57680 242 57935 243 58191 243 58446 244 58701 245 58956 246 59211 247 59466 248 59721 248 59976 250 60230 3258 63489 255 63746 3 63750 250 64008 248 64264 248 64520 248 64771 1 64776 252 65032 252 65290 246
222553,0 65536
748680,0 65536
000080, 
567636,0 11 21 70 256 11 277 69 512 12 533 70 768 14 787 73 1024 95 1280 98 1536 99 1792 100 2048 101 2221 6 2304 102 2473 12 2560 102 2727 15 2816 103 2950 7 2982 17 3072 103 3204 11 3237 19 3328 104 3458 14 3492 21 3584 104 3713 16 3747 22 3840 104 3969 18 4003 22 4096 104 4224 20 4259 23 4352 104 4479 22 4515 23 4608 104 4734 23 4770 24 4864 104 4987 27 5026 25 5120 104 5241 30 5282 25 5376 104 5496 31 5537 26 5632 105 5750 33 5793 26 5888 105 6005 34 6049 25 6144 105 6261 34 6305 25 6400 105 6516 35 6561 25 6656 105 6771 36 6817 25 6912 105 7027 36 7074 23 7168 105 7282 38 7330 23 7424 105 7537 40 7586 22 7680 104 7793 41 7842 22 7936 104 8048 43 8099 20 8192 103 8304 44 8355 19 8448 103 8559 46 8611 18 8704 102 8815 46 8868 16 8960 101 9070 47 9125 14 9216 100 9326 47 9381 13 9472 99 9583 46 9638 10 9729 97 9839 46 9895 7 9987 94 10095 46 10242 95 10351 45 10497 95 10608 44 10752 96 10864 44 11008 96 11120 43 11264 96 11376 42 11520 96 11633 40 11776 96 11889 39 12032 95 12145 38 12288 94 12402 36 12544 93 12658 34 12800 89 12914 33 13056 47 13105 38 13170 31 13312 46 13362 36 13424 32 13568 44 13619 33 13680 31 13824 43 13877 30 13935 31 14080 42 14136 26 14191 31 14336 41 14395 22 14447 33 14592 40 14658 13 14703 34 14848 39 14917 8 14959 35 15105 37 15216 35 15361 35 15472 37 15618 33 15728 39 15874 2 15879 26 15984 40 16135 23 16240 43 16290 4 16392 19 16496 56 16648 18 16751 28 16782 28 16905 16 17006 28 17039 29 17161 15 17262 28 17297 28 17418 12 17517 28 17554 28 17674 11 17772 28 17812 27 17931 9 18028 28 18069 26 18188 6 18283 28 18326 25 18539 28 18582 25 18795 27 18839 24 19050 28 19095 24 19306 28 19352 23 19562 27 19608 23 19818 27 19865 22 20074 27 20121 21 20329 28 20378 20 20585 28 20635 18 20840 28 20892 17 21096 28 21150 14 21351 29 21407 12 21577 5 21606 29 21665 9 21829 11 21861 29 21924 3 22072 26 22116 30 22325 34 22371 30 22579 38 22627 29 22834 40 22883 27 23089 42 23138 26 23212 6 23344 44 23394 23 23466 16 23600 45 23650 22 23721 20 23855 47 23906 21 23976 23 24111 48 24163 20 24231 25 24366 49 24419 20 24487 27 24622 50 24676 18 24742 30 24878 50 24933 17 24997 32 25134 50 25190 16 25253 33 25390 50 25447 15 25508 35 25645 51 25705 12 25764 36 25901 51 25962 10 26019 38 26157 51 26219 9 26275 39 26413 51 26476 7 26531 39 26669 50 26734 2 26787 40 26925 50 27043 40 27180 51 27299 40 27436 51 27555 40 27692 50 27812 38 27948 50 28069 37 28204 50 28326 36 28460 49 28583 35 28716 49 28840 34 28973 47 29098 32 29229 47 29324 3 29337 10 29355 31 29486 46 29578 26 29612 29 29746 2 29751 37 29833 28 29869 28 30008 36 30088 29 30127 26 30265 36 30343 31 30386 22 30521 36 30598 32 30644 20 30778 36 30854 32 30901 18 31034 36 31109 33 31159 15 31291 35 31364 34 31416 13 31548 34 31619 35 31673 10 31805 33 31872 38 31932 4 32063 31 32125 41 32322 28 32380 43 32583 23 32635 44 32841 21 32890 46 33099 8 33109 8 33146 46 33367 6 33401 48 33625 2 33657 49 33912 51 34168 52 34423 54 34679 55 34934 57 35188 60 35443 62 35699 62 35954 63 36209 64 36465 64 36720 65 36976 65 37231 66 37487 65 37743 65 37998 66 38254 66 38509 67 38765 67 39021 67 39277 67 39533 67 39790 66 40046 65 40303 64 40559 46 40610 13 40816 38 40868 10 40922 4 41072 37 41126 7 41174 11 41329 35 41384 3 41427 15 41586 33 41682 19 41842 33 41936 27 42099 31 42191 30 42356 29 42446 32 42612 28 42701 35 42869 26 42956 37 43125 26 43212 37 43381 25 43468 38 43637 24 43724 40 43894 23 43981 40 44150 23 44237 42 44406 22 44494 43 44662 22 44751 43 44919 21 45008 45 45176 19 45265 45 45311 1 45433 16 45521 47 45690 12 45778 46 45949 6 46035 45 46291 45 46441 4 46548 44 46695 8 46805 43 46869 5 46950 11 47062 42 47118 14 47204 14 47318 42 47372 18 47459 15 47575 41 47626 22 47715 16 47831 41 47881 24 47970 16 48088 40 48137 25 48174 2 48225 17 48344 40 48392 27 48427 7 48481 16 48600 30 48633 7 48648 27 48682 9 48737 16 48856 29 48890 6 48904 28 48936 12 48992 16 49112 28 49147 5 49160 44 49248 16 49368 27 49404 4 49415 46 49504 16 49624 26 49671 46 49759 17 49880 25 49926 48 50014 18 50136 24 50176 54 50269 19 50392 23 50432 55 50524 20 50648 22 50688 56 50779 20 50905 20 50944 56 51035 20 51089 2 51162 18 51200 57 51292 19 51343 7 51419 14 51456 58 51549 17 51598 16 51680 1 51712 58 51805 17 51853 21 51968 59 52062 15 52107 26 52224 59 52319 14 52362 29 52480 60 52576 12 52616 32 52736 60 52833 10 52871 34 52992 60 53090 7 53127 35 53248 60 53382 36 53504 61 53637 38 53760 61 53892 39 54016 60 54147 41 54272 58 54402 43 54528 55 54657 45 54784 54 54912 48 55040 53 55167 51 55296 53 55423 55 55552 52 55678 57 55808 51 55934 57 56064 50 56190 58 56320 49 56446 58 56576 48 56702 58 56832 47 56958 58 57088 46 57158 6 57214 59 57344 46 57414 7 57470 59 57603 42 57669 10 57726 59 57865 35 57924 12 57982 59 58126 29 58179 15 58236 61 58388 12 58402 6 58434 18 58489 64 58648 4 58680 29 58744 65 58933 33 58999 51 59052 12 59188 35 59254 50 59310 10 59442 38 59509 51 59567 8 59697 40 59765 50 59825 5 59951 43 60021 49 60206 44 60277 49 60460 47 60533 48 60715 48 60789 47 60969 51 61045 19 61067 25 61224 52 61302 15 61325 22 61480 52 61558 14 61582 20 61735 53 61815 12 61839 17 61991 53 62072 10 62095 11 62247 53 62330 6 62352 8 62503 54 62608 7 62760 53 62865 6 63016 53 63122 4 63272 53 63528 53 63784 53 64039 54 64295 55 64507 2 64551 55 64760 6 64767 1 64807 55 65016 6 65023 1 65063 55 65272 8 65319 55 65530 3 65535 1
349461,0 65536
416208,19074 5 19329 8 19573 7 19583 11 19828 23 20083 24 20339 24 20594 25 20849 25 21103 27 21358 27 21612 28 21866 30 22121 30 22377 29 22633 29 22889 28 23145 27 23387 2 23401 26 23641 6 23657 25 23896 8 23913 24 24152 9 24169 24 24407 11 24425 25 24663 12 24681 26 24919 14 24935 30 25175 47 25431 48 25687 48 25938 2 25944 47 26192 6 26199 48 26447 56 26594 1 26702 57 26848 5 26957 58 27104 6 27212 58 27359 8 27468 58 27615 8 27724 58 27871 9 27980 58 28128 8 28162 2 28236 58 28385 7 28416 5 28493 57 28641 6 28672 6 28750 55 28899 3 28928 6 29007 54 29184 6 29263 54 29440 7 29519 54 29639 3 29696 7 29775 54 29894 5 29952 8 30031 53 30149 6 30208 8 30286 54 30405 7 30464 9 30542 54 30661 7 30720 10 30798 54 30917 7 30976 14 30991 9 31054 55 31173 7 31232 25 31310 55 31429 7 31488 26 31538 4 31566 19 31586 35 31687 5 31744 27 31793 5 31825 15 31843 35 32000 31 32049 4 32082 13 32099 35 32256 38 32304 4 32339 12 32354 37 32512 40 32560 3 32595 11 32609 38 32768 42 32814 4 32851 52 33024 50 33108 51 33280 50 33364 52 33536 50 33620 52 33792 50 33856 2 33875 53 34048 51 34111 4 34130 54 34304 51 34367 4 34384 56 34560 51 34623 4 34637 59 34816 51 34880 1 34891 61 35072 50 35147 61 35328 50 35402 63 35584 49 35658 63 35840 48 35914 63 36096 47 36169 64 36352 46 36425 64 36608 46 36681 65 36864 46 36937 65 37120 46 37174 2 37192 66 37376 46 37430 4 37448 66 37632 46 37685 6 37704 66 37888 47 37941 9 37959 67 38144 48 38196 11 38215 67 38400 49 38452 12 38470 68 38656 49 38709 11 38726 68 38912 49 38965 10 38982 67 39168 49 39222 8 39238 67 39424 49 39478 8 39494 67 39680 49 39734 7 39750 66 39936 49 39990 6 40007 65 40192 50 40245 6 40264 63 40448 57 40520 63 40704 57 40777 63 40960 57 41033 63 41216 57 41288 65 41472 58 41543 66 41728 59 41799 67 41984 60 42054 68 42240 61 42309 69 42496 61 42564 70 42752 61 42820 70 43008 60 43076 70 43264 59 43333 69 43520 58 43589 68 43776 57 43845 68 44032 56 44102 66 44288 55 44358 65 44544 54 44614 64 44800 53 44871 62 45056 51 45128 61 45312 49 45385 60 45568 35 45608 7 45642 8 45652 49 45824 34 45900 5 45909 48 46080 34 46165 49 46336 34 46421 49 46592 35 46677 49 46848 36 46931 51 47104 37 47162 1 47184 23 47210 27 47360 39 47410 11 47437 24 47471 22 47616 40 47664 14 47692 24 47728 19 47872 40 47919 15 47946 25 47985 17 48128 41 48175 16 48201 26 48242 13 48384 41 48430 17 48456 26 48500 7 48640 41 48686 17 48711 27 48896 41 48941 18 48967 27 49152 41 49197 19 49222 28 49408 42 49452 20 49478 29 49664 65 49734 32 49920 66 49989 35 50176 66 50245 13 50260 21 50432 81 50518 20 50688 81 50774 20 50944 81 51031 19 51064 10 51200 80 51287 19 51319 12 51456 80 51543 19 51575 12 51712 80 51799 19 51832 10 51968 80 52055 19 52089 8 52224 81 52311 19 52345 7 52480 81 52568 18 52601 6 52736 81 52825 17 52857 5 52992 81 53082 16 53112 6 53248 49 53299 31 53339 13 53360 2 53367 6 53504 48 53555 31 53596 10 53613 16 53760 48 53811 31 53853 8 53868 17 54016 82 54111 5 54123 18 54272 82 54378 19 54528 82 54631 22 54784 82 54885 24 55040 82 55140 25 55296 82 55388 3 55395 26 55552 83 55641 6 55650 28 55808 84 55893 9 55905 29 56064 94 56161 30 56320 93 56417 30 56576 93 56673 30 56832 92 56929 30 57088 33 57124 18 57144 34 57185 30 57344 32 57380 17 57401 32 57441 30 57600 32 57636 17 57658 30 57697 31 57856 31 57892 18 57914 29 57953 31 58112 31 58149 17 58170 29 58208 32 58368 31 58405 17 58426 29 58463 34 58624 31 58661 18 58682 29 58718 35 58880 31 58917 19 58937 31 58972 38 59136 33 59172 94 59392 131 59648 132 59904 132 60160 133 60416 134 60672 134 60928 135 61184 136 61440 34 61477 99 61696 33 61734 99 61952 33 61990 99 62208 32 62246 99 62464 32 62502 100 62720 33 62757 101 62976 138 63232 138 63488 139 63744 139 64000 139 64256 139 64512 138 64768 9 64780 32 64827 77 65024 7 65040 7 65098 2 65112 47 65280 6 65370 3 65379 23 65408 5
232617,1687 4 1941 8 2195 11 2450 13 2705 14 2961 15 3216 16 3472 17 3728 17 3983 19 4169 6 4239 19 4422 10 4496 19 4676 13 4752 19 4930 15 5008 19 5185 17 5265 18 5439 20 5521 18 5686 5 5694 23 5778 17 5940 34 6035 15 6195 36 6291 15 6451 37 6548 14 6706 39 6805 12 6962 40 7063 9 7218 41 7320 7 7474 42 7730 42 7986 43 8242 44 8499 44 8757 47 9014 50 9270 52 9527 52 9783 53 10039 54 10295 54 10551 55 10807 56 11063 56 11319 57 11576 57 11832 58 12088 59 12345 58 12601 58 12858 58 13115 57 13314 1 13372 56 13570 2 13629 55 13826 1 13888 52 14151 45 14408 44 14629 3 14665 42 14882 8 14921 42 15136 10 15177 41 15391 12 15433 41 15646 14 15689 40 15902 14 15944 40 16159 14 16200 39 16418 9 16455 38 16711 36 16966 36 17222 35 17478 35 17733 35 17989 35 18246 34 18502 34 18758 35 19015 35 19271 35 19527 36 19784 36 20040 37 20296 38 20552 41 20808 43 21064 45 21320 46 21576 46 21831 48 22076 6 22086 49 22330 62 22584 64 22839 66 23093 68 23348 70 23603 74 23858 78 24113 80 24368 89 24623 93 24879 95 25134 97 25389 99 25645 100 25901 101 26157 101 26413 102 26669 102 26925 103 27181 103 27437 103 27693 103 27949 103 28206 102 28462 102 28718 102 28939 10 28974 102 29193 14 29230 102 29447 18 29486 102 29700 22 29741 103 29955 25 29997 104 30211 28 30252 105 30467 31 30504 110 30722 148 30978 149 31234 149 31490 50 31542 97 31745 151 32001 151 32256 152 32512 153 32768 153 33024 153 33280 153 33536 153 33792 153 34048 154 34304 154 34560 154 34816 153 35072 153 35328 153 35584 152 35840 152 36096 151 36352 149 36608 148 36864 146 37120 143 37376 142 37632 141 37888 141 38144 141 38400 141 38656 140 38912 140 39168 140 39424 139 39680 139 39936 138 40192 136 40448 135 40704 133 40960 131 41216 130 41472 129 41728 127 41984 126 42240 122 42496 118 42752 118 43008 117 43264 117 43520 116 43776 116 44032 116 44288 116 44544 116 44800 115 45056 115 45312 115 45568 115 45824 18 45845 94 46080 9 46103 91 46336 8 46359 91 46593 7 46615 90 46850 5 46871 89 47106 5 47127 73 47204 11 47362 4 47383 72 47465 2 47619 2 47639 72 47895 71 48151 71 48407 71 48662 72 48918 72 49174 72 49430 72 49686 72 49942 72 50199 71 50456 70 50713 15 50732 50 50970 13 50989 48 51227 11 51246 47 51484 9 51503 46 51741 7 51760 44 52016 44 52273 42 52530 40 52786 38 53043 36 53299 35 53556 33 53813 30 54070 27 54327 22 54584 14 54843 8
149617, 
403524,12 88 126 3 269 85 525 86 780 89 896 5 1035 90 1152 5 1291 90 1547 90 1803 90 1936 1 2058 91 2314 92 2570 94 2826 98 3082 111 3194 2 3338 116 3594 117 3850 118 4105 119 4361 112 4617 110 4873 108 5129 107 5384 108 5639 109 5894 111 6148 113 6403 114 6658 116 6913 105 7020 10 7168 104 7276 11 7424 102 7532 11 7680 101 7788 11 7936 100 8043 12 8192 99 8299 12 8448 98 8554 12 8704 98 8810 11 8960 98 9065 12 9216 98 9320 13 9472 99 9575 14 9728 117 9984 117 10240 117 10496 116 10752 115 11008 115 11264 115 11520 115 11776 114 12032 114 12288 113 12545 111 12799 1 12801 110 13055 1 13058 102 13311 1 13314 101 13567 1 13571 99 13827 99 14083 99 14339 99 14595 99 14737 5 14851 99 14992 8 15106 100 15237 4 15247 10 15362 100 15466 4 15491 8 15503 12 15599 2 15615 1 15618 100 15721 6 15745 26 15854 6 15870 2 15873 101 15977 7 16000 28 16110 8 16123 107 16232 8 16256 28 16366 120 16489 7 16512 28 16623 119 16745 7 16767 29 16881 116 17001 8 17023 29 17141 112 17258 7 17278 30 17398 112 17513 9 17533 30 17655 125 17788 31 17912 118 18031 6 18043 31 18168 127 18297 32 18424 159 18680 158 18936 157 19191 158 19447 157 19702 146 19852 8 19958 144 20109 5 20213 142 20469 142 20725 146 20982 147 21240 5 21247 139 21500 1 21503 139 21675 5 21759 139 21929 10 22015 140 22182 15 22271 140 22436 18 22527 140 22687 24 22784 139 22940 28 23040 185 23296 185 23553 185 23754 3 23809 186 24004 11 24038 3 24066 186 24256 15 24294 10 24308 4 24322 206 24549 20 24575 1 24577 208 24805 24 24831 210 25061 237 25316 239 25571 241 25827 241 26082 242 26338 118 26460 119 26594 117 26716 119 26849 117 26972 118 27105 116 27227 119 27361 115 27483 118 27617 110 27738 119 27873 108 27995 117 28129 108 28251 116 28385 107 28508 115 28642 106 28764 114 28898 106 29021 113 29154 106 29278 112 29411 105 29535 111 29667 105 29792 111 29923 105 30049 110 30180 105 30305 111 30436 106 30561 112 30692 107 30817 113 30947 109 31073 115 31203 110 31330 20 31351 94 31458 111 31586 19 31608 95 31713 113 31842 18 31865 96 31968 114 32098 17 32122 217 32355 16 32378 218 32612 14 32636 217 32868 14 32894 220 33125 13 33154 217 33381 13 33412 216 33638 12 33669 216 33894 11 33926 216 34150 11 34182 217 34406 10 34437 219 34660 11 34692 235 34946 237 35200 240 35453 244 35708 246 35962 249 36217 252 36472 10094 46572 249 46830 247 47087 246 47344 245 47602 243 47859 242 48117 241 48374 241 48631 240 48888 239 49145 237 49401 237 49658 235 49914 235 50171 2 50174 231 50431 230 50687 229 50943 229 51199 229 51455 229 51712 228 51968 229 52224 230 52480 230 52736 231 52992 232 53248 163 53413 67 53504 163 53670 67 53760 163 53927 66 54016 162 54183 67 54272 162 54439 67 54528 162 54695 68 54784 161 54951 69 55040 161 55207 70 55296 161 55463 72 55552 160 55719 73 55808 160 55975 74 56064 159 56231 74 56320 156 56487 75 56576 154 56743 75 56832 154 56999 75 57088 153 57255 75 57344 153 57511 75 57600 153 57767 74 57856 157 58023 74 58112 158 58279 73 58368 158 58535 72 58624 159 58791 71 58880 159 59047 70 59136 159 59303 70 59392 159 59559 69 59648 160 59815 68 59904 161 60072 67 60160 163 60329 66 60416 165 60585 66 60672 165 60841 66 60928 167 61096 67 61184 235 61440 235 61696 235 61952 235 62208 235 62464 154 62621 78 62720 153 62877 77 62976 152 63132 78 63232 150 63388 78 63488 150 63643 79 63744 149 63899 79 64000 149 64154 79 64256 151 64409 81 64512 235 64768 235 65024 151 65178 79 65280 147 65436 76 65535 1
000070,0 65536
305222,0 65536
000054,0 65536
222596,0 65536
433193,0 131 171 13 211 175 430 9 468 174 686 9 723 177 942 9 978 178 1199 7 1234 177 1456 4 1490 177 1712 4 1746 176 1968 4 2001 177 2224 4 2256 178 2479 5 2510 179 2735 5 2760 185 2990 7 3012 188 3245 8 3265 184 3454 2 3499 10 3520 184 3752 13 3775 184 3987 4 4006 15 4030 185 4242 8 4260 17 4286 184 4497 10 4515 18 4542 184 4752 13 4769 20 4797 151 4950 31 5009 36 5053 150 5208 28 5265 36 5309 149 5465 27 5521 36 5565 149 5722 25 5778 36 5820 149 5979 24 6034 37 6076 149 6237 21 6279 2 6290 39 6330 151 6496 17 6534 4 6545 192 6756 11 6790 6 6800 193 7016 4 7045 206 7300 214 7556 219 7812 221 8067 223 8323 224 8579 225 8834 226 9090 227 9346 228 9601 231 9857 232 10112 234 10368 234 10624 234 10879 236 11135 236 11390 237 11645 238 11900 240 12155 241 12410 243 12665 244 12920 247 13174 1214 14391 247 14648 243 14905 241 15161 240 15417 221 15641 14 15673 219 15897 13 15929 218 16152 13 16184 218 16407 14 16430 4 16439 219 16662 14 16685 246 16940 247 17196 247 17451 249 17706 252 17960 7107 25070 253 25328 252 25586 251 25843 251 26100 250 26357 250 26613 251 26870 8 26879 241 27136 241 27392 242 27648 242 27904 243 28160 243 28416 243 28672 244 28928 243 29184 243 29440 243 29696 243 29952 243 30208 243 30464 243 30720 244 30976 245 31232 248 31488 1507 32998 249 33256 246 33512 245 33767 237 34008 2 34023 235 34279 233 34534 233 34790 24 34816 204 35046 23 35072 201 35302 22 35328 198 35557 20 35584 196 35813 18 35840 192 36069 16 36096 188 36325 14 36352 185 36581 12 36608 183 36837 12 36864 182 37094 10 37120 181 37351 8 37376 180 37608 6 37632 179 37888 168 38144 167 38400 166 38656 166 38912 166 39168 165 39424 165 39680 164 39936 160 40192 157 40443 2 40447 156 40692 9 40703 155 40948 10 40959 154 41203 11 41215 154 41459 11 41471 154 41714 12 41727 154 41970 12 41983 154 42225 168 42481 168 42736 170 42992 170 43248 170 43503 171 43759 171 44015 171 44272 170 44528 169 44784 169 45040 168 45297 167 45553 166 45810 164 46067 163 46324 161 46581 159 46839 156 47098 4 47103 147 47355 2 47359 146 47612 1 47615 145 47872 143 48128 141 48384 140 48640 138 48896 135 49152 133 49408 130 49664 128 49920 126 50176 124 50432 120 50688 117 50944 115 51200 113 51456 112 51712 110 51968 108 52224 107 52480 107 52630 1 52736 106 52882 8 52992 106 53136 11 53248 105 53391 13 53504 105 53646 15 53760 104 53901 16 54016 101 54156 18 54272 97 54412 19 54528 96 54667 21 54784 95 54921 24 55040 95 55176 27 55296 95 55431 30 55552 96 55685 33 55808 97 55940 34 56064 97 56194 36 56320 98 56450 36 56576 99 56705 36 56832 100 56960 37 57088 101 57215 38 57344 102 57470 38 57600 104 57725 39 57856 106 57979 40 58112 107 58233 42 58368 109 58487 43 58624 110 58742 44 58880 112 58996 46 59136 164 59302 12 59392 180 59648 126 59778 51 59904 125 60036 50 60160 125 60293 51 60416 125 60549 52 60672 125 60806 51 60928 125 61063 51 61184 126 61322 9 61340 30 61440 126 61597 29 61696 127 61853 29 61952 127 62110 28 62208 128 62367 28 62464 130 62623 28 62720 132 62880 27 62932 2 62950 3 62976 133 63137 26 63187 4 63204 6 63232 134 63394 24 63443 4 63458 10 63488 135 63650 24 63698 4 63712 12 63744 135 63907 22 63953 5 63967 14 63999 137 64163 21 64208 5 64221 16 64255 138 64419 20 64452 6 64464 6 64476 17 64508 2 64511 139 64675 20 64706 11 64718 9 64731 19 64763 144 64932 19 64962 21 64986 19 65018 145 65188 17 65218 12 65232 6 65243 18 65274 144 65444 16 65476 10 65489 4 65499 17 65531 5
000044, 
919234,0 65536
255130,0 65536
682813,0 90 256 90 512 91 768 92 1024 92 1280 92 1536 92 1792 93 2048 93 2304 93 2560 93 2816 94 3072 94 3328 94 3584 94 3840 95 4096 95 4352 95 4608 95 4864 96 5120 96 5376 96 5632 96 5888 97 6144 97 6400 97 6656 98 6912 98 7168 98 7424 98 7680 99 7936 99 8192 99 8448 99 8704 99 8960 100 9216 100 9472 100 9728 100 9984 100 10240 101 10496 101 10752 101 11008 101 11264 101 11520 102 11776 102 12032 102 12288 102 12544 103 12800 103 13056 103 13312 103 13568 104 13824 104 14080 104 14336 104 14592 104 14848 105 15104 105 15360 105 15616 105 15872 106 16128 106 16384 106 16640 106 16896 106 17152 107 17408 107 17664 107 17920 107 18176 107 18432 108 18688 108 18944 108 19200 108 19456 108 19712 108 19968 109 20224 109 20480 109 20736 109 20992 109 21248 110 21504 110 21760 110 22016 110 22272 111 22528 111 22784 111 23040 111 23296 112 23552 112 23808 112 24064 112 24320 112 24576 113 24832 113 25088 113 25344 114 25600 114 25856 114 26112 114 26368 114 26624 115 26880 115 27136 115 27392 115 27648 115 27904 116 28160 116 28416 116 28672 116 28928 116 29184 117 29440 117 29696 117 29952 117 30208 118 30464 118 30720 118 30976 118 31232 118 31488 119 31744 119 32000 119 32256 119 32512 120 32768 120 33024 120 33280 120 33536 120 33792 121 34048 121 34304 121 34560 121 34816 122 35072 122 35328 122 35584 122 35840 122 36096 123 36352 123 36608 123 36864 123 37120 123 37376 123 37632 124 37888 124 38144 124 38400 124 38656 124 38912 125 39168 125 39424 125 39680 125 39936 126 40192 126 40448 126 40704 126 40960 127 41216 127 41472 127 41728 127 41984 127 42240 128 42496 128 42752 128 43008 128 43264 128 43520 128 43776 129 44032 129 44288 129 44544 129 44800 130 45056 130 45312 130 45568 130 45824 131 46080 131 46336 131 46592 131 46848 131 47104 132 47360 132 47616 132 47872 132 48128 132 48384 132 48640 133 48896 133 49152 133 49408 133 49664 133 49920 134 50176 134 50432 134 50688 134 50944 134 51200 134 51456 135 51712 135 51968 135 52224 135 52480 136 52736 136 52992 136 53248 136 53504 136 53760 137 54016 137 54272 137 54528 137 54784 138 55040 138 55296 138 55552 138 55808 139 56064 139 56320 139 56576 139 56832 139 57088 140 57344 140 57600 140 57856 140 58112 141 58368 141 58624 141 58880 141 59136 142 59392 142 59648 142 59904 142 60160 142 60416 142 60672 143 60928 143 61184 143 61440 143 61696 143 61952 144 62208 144 62464 144 62720 144 62976 144 63232 145 63488 145 63744 145 64000 145 64256 146 64512 146 64768 146 65024 147 65280 147
839719,0 65536
702433,0 49062 49064 251 49321 247 49578 243 49834 240 50091 236 50347 232 50603 230 50859 229 51115 229 51371 229 51627 229 51883 230 52139 231 52396 231 52652 232 52909 238 53168 236 53427 235 53685 235 53943 234 54200 235 54457 235 54715 233 54973 232 55231 230 55489 229 55748 226 56005 225 56262 224 56518 224 56774 224 57030 224 57287 224 57543 224 57799 224 58056 223 58294 4 58312 223 58543 13 58569 222 58798 16 58826 221 59053 18 59083 220 59309 20 59339 220 59565 20 59595 221 59820 22 59852 246 60108 246 60363 247 60619 248 60875 248 61129 4407
981723,37 41 145 75 294 40 402 73 550 40 657 74 806 40 913 74 1062 40 1169 74 1318 40 1425 73 1575 39 1681 73 1832 38 1937 73 2090 37 2193 72 2348 36 2449 72 2605 35 2705 71 2863 34 2961 70 3120 33 3218 68 3339 4 3376 33 3474 67 3593 7 3633 33 3730 65 3847 9 3889 32 3986 65 4102 11 4146 31 4242 65 4354 15 4402 31 4498 65 4608 18 4658 31 4754 65 4864 18 4913 31 5010 65 5120 19 5169 31 5266 65 5376 19 5425 30 5522 65 5632 20 5680 30 5777 66 5888 20 5936 29 6033 66 6144 21 6192 28 6289 66 6400 21 6447 29 6545 66 6656 22 6703 28 6802 65 6912 22 6959 27 7013 6 7058 65 7168 23 7215 26 7266 10 7314 65 7424 24 7471 25 7512 21 7570 65 7680 26 7726 21 7766 24 7826 65 7936 28 7968 3 7981 20 8020 26 8081 66 8192 38 8236 21 8275 27 8337 66 8448 40 8491 22 8530 28 8592 67 8704 65 8778 2 8785 29 8848 68 8960 66 9032 38 9103 69 9193 7 9216 66 9287 39 9359 69 9447 10 9472 67 9542 40 9615 70 9702 11 9728 110 9871 70 9957 13 9984 109 10128 70 10213 13 10240 110 10384 70 10469 14 10496 112 10641 69 10724 16 10752 113 10898 68 10980 16 11008 114 11155 66 11236 17 11264 29 11297 81 11410 39 11455 22 11492 17 11520 28 11558 76 11664 39 11721 10 11748 17 11776 28 11815 75 11915 43 12004 17 12032 27 12071 74 12167 46 12260 17 12288 27 12327 72 12421 46 12516 17 12544 27 12583 70 12675 33 12714 7 12771 18 12800 26 12839 70 12929 35 13027 17 13056 26 13095 69 13184 37 13282 18 13312 26 13350 70 13439 38 13538 18 13568 25 13606 71 13695 39 13793 19 13824 25 13862 71 13951 39 14049 18 14080 24 14117 73 14206 41 14299 24 14336 23 14373 74 14462 41 14554 25 14591 23 14628 75 14719 41 14809 25 14846 23 14884 75 14975 41 15064 26 15101 22 15139 76 15231 42 15320 25 15356 22 15395 76 15487 42 15563 3 15575 26 15611 24 15650 77 15743 42 15817 7 15830 27 15866 26 15906 77 15999 42 16072 10 16086 27 16122 28 16161 78 16256 41 16327 42 16377 35 16416 78 16512 41 16583 42 16632 118 16768 41 16838 43 16887 119 17024 41 17093 44 17141 120 17280 41 17348 45 17396 120 17537 40 17603 167 17793 40 17859 161 18050 39 18113 162 18306 40 18368 162 18563 39 18621 165 18819 39 18874 168 19075 39 19127 170 19331 39 19380 173 19587 40 19634 176 19842 41 19888 178 20097 226 20351 230 20606 233 20861 235 21116 237 21370 240 21624 243 21877 247 22131 250 22385 1338 23728 48 23778 200 23986 44 24035 198 24245 26 24274 10 24292 196 24502 24 24532 6 24549 194 24759 22 24806 193 25016 20 25066 188 25273 19 25324 187 25530 17 25581 186 25788 14 25839 15 25856 167 26049 8 26097 12 26112 168 26357 4 26368 169 26624 170 26880 32 26916 135 27136 6 27147 18 27173 134 27392 5 27405 14 27430 134 27648 5 27663 10 27687 133 27904 4 27943 133 28160 4 28200 132 28416 4 28457 132 28672 4 28713 132 28928 4 28970 132 29184 4 29226 132 29440 4 29482 133 29696 4 29738 134 29952 4 29994 135 30210 1 30250 136 30506 136 30762 136 31018 136 31274 136 31530 136 31786 136 32042 135 32299 134 32556 132 32812 132 33069 130 33326 129 33583 127 33841 125 34100 122 34366 111 34623 109 34880 108 35137 106 35393 105 35650 104 35907 102 36164 100 36373 7 36420 100 36627 10 36677 98 36882 12 36935 96 37137 15 37192 94 37393 17 37449 93 37649 18 37705 93 37905 19 37962 93 38162 19 38196 7 38219 97 38399 1 38418 19 38449 13 38476 99 38655 1 38675 19 38704 17 38733 100 38910 2 38932 19 38958 27 38990 99 39166 2 39188 22 39212 31 39247 99 39421 3 39445 55 39503 100 39677 3 39701 56 39759 100 39933 3 39957 159 40189 3 40213 160 40444 4 40469 160 40700 4 40725 161 40955 5 40981 162 41211 5 41237 163 41427 9 41467 5 41493 164 41679 14 41722 6 41749 201 41978 6 42006 201 42233 7 42263 200 42489 7 42520 199 42745 7 42777 198 43001 7 43034 198 43257 7 43290 198 43514 6 43546 199 43751 4 43770 6 43801 201 44006 7 44027 5 44057 214 44283 5 44313 216 44539 3 44543 1 44569 217 44795 5 44825 218 45051 5 45081 218 45306 6 45337 219 45560 8 45593 231 45849 231 46105 231 46362 230 46618 230 46851 1 46875 236 47133 237 47391 238 47648 105 47760 130 47906 98 48016 133 48164 95 48272 140 48422 93 48528 141 48679 91 48784 112 48897 29 48936 89 49040 112 49154 29 49193 87 49297 111 49410 30 49450 85 49553 111 49667 29 49706 82 49809 84 49894 26 49923 30 49963 78 50066 82 50151 25 50179 30 50220 75 50323 80 50408 22 50431 1 50435 30 50477 74 50579 79 50664 22 50687 1 50691 30 50734 72 50836 77 50921 21 50943 1 50947 30 50993 69 51093 75 51178 20 51199 1 51204 29 51251 67 51350 73 51434 20 51455 1 51460 29 51509 65 51607 71 51691 18 51716 29 51769 62 51865 67 51949 16 51972 29 52029 59 52124 3 52134 53 52206 13 52228 29 52287 59 52392 50 52464 9 52484 29 52545 58 52649 49 52739 30 52803 57 52906 48 52995 29 53062 55 53163 48 53251 29 53324 49 53420 47 53506 30 53584 46 53676 47 53762 29 53840 47 53933 47 54018 28 54097 46 54189 48 54274 27 54353 47 54445 50 54531 24 54609 47 54702 51 54787 22 54865 48 54958 53 55043 19 55121 48 55215 53 55300 14 55377 48 55472 53 55558 9 55633 48 55732 49 55815 6 55889 48 55993 45 56073 3 56145 48 56264 30 56401 48 56522 28 56657 48 56780 27 56913 48 57037 26 57169 48 57294 24 57425 47 57550 24 57681 47 57806 24 57938 45 58062 24 58194 44 58318 23 58451 42 58574 23 58708 40 58831 21 58965 38 59087 20 59222 36 59343 18 59479 34 59599 12 59735 33 59855 10 59992 31 60110 9 60248 29 60364 11 60505 26 60618 13 60872 15 61127 17 61382 18 61456 7 61637 20 61711 11 61893 20 61966 13 62148 21 62221 15 62404 21 62476 17 62660 22 62732 19 62916 22 62987 20 63173 21 63243 21 63429 21 63499 22 63685 21 63754 24 63941 20 64010 24 64198 19 64266 24 64454 19 64522 25 64710 19 64779 24 64967 17 65035 24 65224 15 65291 24 65481 14 65535 1
000043,0 65536
308936,0 65536
000085, 
270495,41 22 111 5 127 7 147 7 160 4 173 38 221 23 297 22 368 4 404 4 430 36 477 23 553 22 622 7 637 6 660 4 674 1 686 37 733 23 770 4 809 23 877 22 915 7 926 11 941 38 990 22 1026 4 1065 23 1133 20 1171 24 1196 39 1246 22 1283 1 1321 23 1389 19 1427 64 1502 22 1577 23 1646 9 1658 6 1682 65 1759 21 1832 24 1902 9 1915 4 1938 66 2015 21 2088 24 2158 8 2172 2 2194 66 2271 21 2344 23 2413 9 2450 66 2528 19 2600 23 2669 9 2706 66 2784 19 2857 21 2925 8 2962 66 3041 18 3113 19 3180 10 3218 66 3298 17 3370 15 3436 10 3474 66 3555 16 3627 9 3692 11 3730 65 3813 14 3885 3 3948 11 3986 65 4071 11 4096 3 4203 14 4242 65 4328 10 4352 5 4459 15 4498 64 4586 7 4608 6 4715 15 4754 64 4844 4 4864 8 4971 15 5009 64 5120 9 5140 5 5226 16 5265 62 5376 10 5395 7 5482 16 5521 60 5632 11 5651 8 5738 16 5776 59 5888 12 5906 10 5995 15 6032 58 6144 12 6163 10 6251 14 6288 57 6400 13 6419 10 6508 13 6544 56 6656 13 6675 10 6764 12 6800 56 6912 13 6932 9 7022 8 7056 56 7168 14 7188 9 7280 4 7313 45 7364 5 7424 14 7444 9 7570 43 7622 7 7680 15 7701 8 7826 43 7878 9 7936 16 7958 6 8083 42 8134 11 8192 17 8215 5 8340 41 8389 13 8448 18 8472 3 8597 40 8645 14 8704 19 8855 38 8901 15 8960 19 9113 36 9157 15 9216 19 9378 27 9413 15 9472 19 9537 1 9637 23 9670 15 9728 19 9788 15 9896 20 9926 14 9984 19 10042 21 10155 17 10183 13 10240 19 10297 24 10413 14 10439 13 10496 19 10552 29 10671 12 10695 7 10751 20 10807 31 10929 9 10951 4 11007 20 11063 32 11187 6 11206 4 11262 21 11318 34 11461 6 11519 20 11574 35 11716 7 11776 18 11830 35 11972 7 12032 18 12086 35 12228 8 12288 18 12341 36 12414 4 12484 8 12544 17 12597 37 12668 9 12740 8 12800 16 12852 38 12923 13 12997 7 13056 14 13106 40 13177 18 13255 4 13290 7 13312 12 13361 42 13432 23 13544 11 13568 9 13616 43 13678 36 13799 14 13825 6 13872 43 13932 40 14054 17 14127 45 14187 43 14309 19 14382 46 14442 46 14564 20 14638 47 14697 50 14788 6 14820 21 14893 49 14952 52 15042 10 15075 22 15148 51 15207 54 15297 12 15331 23 15403 53 15462 56 15551 15 15587 24 15658 56 15715 59 15806 17 15843 24 15914 117 16060 19 16098 26 16169 118 16314 23 16354 26 16426 117 16563 31 16610 27 16683 116 16813 38 16865 28 16898 3 16940 116 17065 42 17121 28 17152 7 17197 115 17319 45 17376 29 17408 8 17453 115 17574 47 17632 29 17664 9 17710 53 17769 56 17828 49 17887 30 17920 10 17966 52 18026 108 18143 30 18176 11 18222 51 18282 108 18399 30 18432 11 18477 51 18539 108 18655 30 18688 12 18731 52 18795 108 18911 30 18944 12 18986 52 19050 109 19167 29 19200 12 19240 52 19305 110 19423 28 19456 12 19495 52 19560 112 19679 27 19712 12 19749 53 19815 113 19935 25 19968 12 20004 53 20071 113 20191 22 20224 12 20260 53 20326 114 20447 20 20480 12 20515 53 20581 116 20703 19 20736 12 20770 54 20836 117 20960 17 20992 11 21026 53 21092 116 21216 16 21248 11 21282 53 21348 116 21472 15 21505 9 21538 53 21603 117 21729 13 21765 3 21794 52 21859 117 21987 9 22050 52 22115 116 22306 52 22371 116 22562 52 22626 116 22819 51 22880 118 23075 178 23331 45 23380 128 23586 46 23636 127 23842 45 23892 125 24098 45 24149 123 24354 45 24405 121 24541 1 24610 44 24661 121 24795 10 24865 45 24918 119 25050 16 25109 5 25121 45 25175 117 25305 19 25362 11 25376 45 25432 116 25561 20 25615 61 25690 14 25705 99 25816 22 25867 57 25925 5 25963 96 26072 24 26121 57 26221 94 26327 29 26376 57 26478 93 26583 28 26632 56 26736 91 26839 27 26888 54 26994 89 27094 27 27144 51 27252 87 27350 27 27400 45 27510 85 27606 26 27656 43 27767 84 27861 27 27911 44 28024 83 28117 27 28167 45 28281 83 28373 27 28423 47 28538 82 28628 28 28679 49 28795 82 28884 28 28935 49 29052 81 29140 28 29191 50 29310 80 29395 28 29448 49 29576 12 29591 56 29651 28 29704 50 29848 29 29879 26 29906 29 29960 50 30106 12 30126 1 30138 10 30150 40 30216 51 30364 7 30396 5 30407 39 30472 51 30664 38 30728 51 30920 37 30984 52 31176 37 31239 53 31432 36 31495 53 31585 2 31688 13 31703 20 31744 60 31838 7 31944 13 31960 19 32000 60 32092 10 32200 12 32217 17 32256 60 32346 13 32456 11 32474 15 32511 61 32600 16 32713 9 32730 14 32767 60 32854 19 32971 6 32987 12 33021 61 33109 21 33243 11 33276 61 33364 22 33500 9 33532 60 33619 24 33757 7 33788 58 33874 26 34016 1 34044 54 34130 27 34302 48 34386 28 34559 1 34561 44 34641 30 34817 43 34897 31 35074 42 35153 31 35330 42 35409 32 35587 40 35665 32 35844 39 35921 33 36101 38 36177 33 36223 5 36357 37 36433 33 36476 12 36614 35 36690 33 36730 15 36870 35 36948 31 36984 19 37127 32 37207 29 37237 23 37383 30 37468 49 37640 28 37731 43 37897 26 37991 40 38155 23 38249 38 38310 2 38328 5 38413 21 38514 30 38564 6 38583 9 38672 17 38770 31 38819 8 38837 13 38936 7 39027 30 39075 9 39092 15 39283 31 39330 11 39346 18 39489 3 39539 31 39586 35 39739 11 39796 31 39841 36 39992 15 40052 31 40097 37 40247 17 40308 31 40352 12 40366 24 40502 19 40563 32 40608 10 40623 23 40757 20 40819 32 40864 8 40880 22 41012 22 41075 32 41120 7 41137 21 41268 22 41330 32 41376 6 41394 21 41471 1 41523 23 41586 32 41631 6 41650 26 41725 3 41779 24 41842 31 41887 4 41907 28 41980 4 42034 25 42098 31 42163 29 42236 4 42290 25 42355 29 42419 31 42491 5 42547 24 42611 27 42674 32 42720 7 42746 10 42803 24 42868 23 42930 33 42974 11 43001 12 43060 23 43125 20 43186 34 43228 15 43257 13 43317 22 43382 18 43442 35 43483 16 43513 15 43574 21 43639 16 43699 34 43738 18 43768 17 43831 19 43896 13 43955 35 43993 19 44024 18 44087 19 44154 8 44211 57 44281 18 44344 17 44468 56 44537 19 44601 15 44724 55 44794 18 44858 12 44909 12 44981 54 45056 12 45115 6 45163 16 45237 54 45312 12 45416 20 45494 52 45568 12 45669 24 45750 52 45824 11 45898 7 45923 27 46006 29 46039 18 46080 11 46154 9 46177 29 46263 27 46296 17 46336 11 46409 11 46430 33 46519 26 46553 15 46592 10 46665 13 46681 38 46776 24 46811 11 46848 10 46921 54 47033 22 47071 3 47104 9 47177 54 47290 20 47360 9 47433 54 47546 18 47616 8 47690 53 47803 17 47872 8 47946 53 48060 15 48128 7 48202 52 48317 13 48384 6 48457 53 48574 10 48640 6 48712 54 48832 7 48896 5 48966 55 49152 4 49220 57 49408 4 49475 58 49664 4 49730 59 49921 2 49984 60 50177 1 50240 60 50494 62 50749 62 51004 63 51218 3 51259 64 51472 9 51513 66 51728 14 51767 67 51983 16 52021 68 52239 16 52274 70 52494 18 52529 70 52750 18 52784 70 53006 17 53040 69 53262 17 53295 69 53518 17 53551 68 53774 17 53807 66 54029 18 54063 65 54284 19 54319 64 54532 27 54574 65 54787 28 54830 65 55042 29 55086 65 55297 31 55341 66 55552 33 55597 67 55808 34 55852 69 56064 35 56108 69 56194 5 56320 35 56363 71 56446 11 56576 37 56618 73 56700 14 56832 38 56872 75 56955 16 57088 115 57209 18 57344 115 57465 18 57600 116 57720 18 57856 116 57975 19 58112 116 58230 19 58368 135 58530 9 58624 134 58781 15 58880 133 59034 19 59136 133 59288 21 59392 133 59543 22 59648 133 59799 22 59904 133 60054 23 60160 133 60310 22 60416 134 60566 22 60672 134 60822 21 60928 135 61078 21 61184 135 61334 20 61440 135 61590 18 61696 135 61847 16 61952 134 62103 14 62208 133 62359 13 62464 132 62616 11 62720 130 62873 9 62976 128 63130 6 63232 127 63488 126 63744 125 64000 124 64256 124 64512 124 64768 124 65024 124 65280 124
778684,136 3 392 4 647 6 902 9 1157 13 1412 17 1668 19 1923 21 2179 22 2435 23 2691 24 2947 24 3203 25 3459 25 3716 24 3973 24 4230 24 4488 24 4746 23 5004 22 5261 23 5518 23 5775 22 6032 22 6289 22 6546 22 6803 22 7061 21 7319 20 7576 20 7833 19 8090 19 8346 19 8603 19 8861 16 9118 15 9378 10 20224 12 20480 14 20736 15 20992 16 21248 17 21504 18 21568 5 21576 3 21760 19 21822 14 22016 20 22076 16 22272 21 22332 16 22528 22 22587 16 22784 22 22843 15 23040 22 23099 7 23109 5 23296 23 23355 5 23365 5 23552 23 23611 3 23621 6 23808 23 23867 1 23876 8 24064 23 24121 3 24132 9 24320 23 24376 4 24387 12 24576 23 24629 7 24642 15 24832 23 24882 10 24898 17 25088 23 25135 14 25153 20 25344 22 25390 15 25408 22 25600 22 25645 42 25856 20 25900 44 26112 18 26156 45 26368 16 26411 47 26624 15 26667 48 26883 10 26922 50 27141 7 27177 51 27433 52 27688 54 27943 55 28199 56 28454 57 28710 57 28966 57 29222 58 29478 58 29734 58 29990 58 30246 57 30502 57 30758 57 31014 57 31269 58 31525 58 31652 8 31780 59 31906 12 32035 60 32160 16 32291 60 32415 18 32546 61 32669 22 32801 62 32924 24 33056 62 33180 25 33312 62 33435 27 33567 62 33691 27 33823 62 33946 29 34078 64 34202 29 34334 64 34458 30 34590 64 34713 31 34810 1 34846 65 34969 32 35063 5 35102 65 35225 32 35318 7 35359 65 35481 32 35573 8 35616 64 35736 33 35828 9 35874 63 35992 33 36084 9 36135 58 36247 34 36340 9 36393 57 36503 33 36596 9 36651 55 36759 33 36853 8 36909 14 36932 31 37015 33 37109 8 37168 9 37188 31 37271 32 37366 5 37426 5 37444 31 37527 32 37700 32 37783 32 37957 31 38039 32 38213 31 38295 33 38470 30 38550 35 38727 29 38806 36 38985 27 39062 37 39242 26 39318 37 39499 24 39573 38 39757 22 39815 5 39826 41 40013 21 40070 53 40270 19 40325 54 40528 9 40540 3 40580 55 40786 4 40836 55 41091 56 41346 56 41601 57 41856 58 42112 58 42367 59 42623 59 42879 58 43136 57 43392 57 43648 56 43905 55 44161 55 44418 53 44674 53 44931 51 45187 50 45444 47 45700 44 45957 41 46213 39 46470 37 46727 33 46806 10 46984 23 47061 15 47241 20 47317 17 47498 18 47572 20 47756 14 47828 21 48013 12 48084 21 48274 5 48339 23 48595 23 48851 23 49107 23 49363 23 49619 23 49874 24 50131 23 50387 23 50643 22 50899 21 51156 19 51413 17 51669 16 51926 13 52184 10 52441 8 52699 4 60722 7 60975 11 61228 15 61421 12 61483 16 61527 3 61675 17 61739 16 61780 8 61930 19 61994 17 62035 10 62185 20 62249 18 62288 14 62441 20 62504 19 62536 23 62696 21 62759 20 62790 26 62952 21 63015 20 63046 27 63208 21 63270 21 63301 30 63463 23 63525 22 63557 35 63719 23 63781 22 63813 40 63975 23 64037 22 64068 43 64230 24 64292 23 64324 44 64486 23 64548 23 64580 46 64741 24 64804 23 64836 46 64998 23 65060 23 65092 47 65254 22 65317 22 65348 47 65510 22 65535 1
337798, 
000052,0 65536
000041,0 65536
402654,0 65536
000065, 
772465,0 65536
326172,0 65536
000002,0 65536
423047,0 133 257 130 512 132 768 136 1024 137 1280 137 1536 138 1792 138 2048 139 2304 139 2560 140 2816 141 3072 141 3328 141 3584 142 3840 142 4096 142 4352 142 4608 142 4864 142 5120 142 5376 142 5632 142 5888 142 6144 142 6400 142 6656 142 6912 142 7139 6 7168 141 7393 9 7424 141 7648 11 7680 141 7904 12 7935 141 8159 13 8187 145 8415 13 8443 144 8670 14 8699 144 8926 15 8956 142 9181 16 9215 139 9437 16 9472 138 9693 16 9728 138 9949 17 9984 138 10135 2 10205 17 10240 138 10390 5 10462 17 10496 138 10645 7 10718 18 10752 138 10901 8 10975 17 11008 138 11157 10 11231 18 11264 138 11412 18 11488 17 11520 139 11668 22 11746 16 11776 139 11924 24 12006 12 12032 139 12180 26 12265 9 12288 139 12435 29 12523 7 12544 140 12690 31 12780 6 12800 140 12945 34 13037 5 13056 142 13200 37 13243 2 13295 1 13312 184 13497 6 13542 6 13568 192 13796 9 13824 193 14051 10 14080 193 14307 11 14336 194 14562 13 14592 194 14818 20 14848 195 15073 22 15104 130 15236 63 15328 25 15360 129 15494 62 15583 26 15616 129 15750 62 15837 29 15872 129 16007 61 16092 31 16128 129 16263 61 16347 32 16384 130 16520 60 16603 33 16640 132 16780 56 16858 34 16896 134 17038 54 17114 35 17152 135 17295 53 17370 35 17408 135 17551 54 17627 34 17664 135 17807 61 17883 173 18064 43 18115 12 18139 173 18320 42 18372 12 18395 173 18576 42 18628 12 18651 174 18832 41 18884 13 18906 176 19087 42 19140 13 19162 222 19397 13 19417 223 19653 13 19672 223 19909 14 19926 224 20166 239 20422 238 20678 237 20935 236 21191 236 21448 235 21705 234 21962 233 22226 225 22483 225 22739 226 22995 227 23251 228 23507 229 23763 230 24019 231 24275 232 24531 232 24786 234 25041 236 25297 164 25468 65 25552 163 25726 64 25807 47 25856 113 25983 63 26063 46 26112 112 26240 62 26319 46 26368 111 26496 63 26574 46 26624 111 26752 63 26830 45 26880 111 27008 63 27085 45 27136 111 27264 64 27340 45 27392 111 27520 65 27595 46 27648 113 27776 66 27850 45 27904 114 28031 68 28105 43 28160 114 28287 112 28416 115 28542 112 28672 115 28796 113 28926 117 29051 113 29180 119 29305 114 29435 121 29559 116 29690 241 29945 242 30201 243 30457 244 30713 245 30969 246 31225 102 31329 143 31481 102 31586 143 31738 102 31843 143 31995 101 32099 144 32252 101 32355 146 32511 99 32611 146 32768 246 33024 246 33280 246 33536 42 33581 201 33792 42 33837 201 34048 42 34094 200 34304 42 34350 200 34560 42 34606 200 34816 43 34862 200 35072 43 35118 200 35328 44 35373 201 35584 245 35840 245 36096 245 36352 244 36608 244 36864 244 37120 244 37376 245 37632 247 37888 247 38144 248 38400 249 38656 249 38912 250 39168 251 39424 252 39680 253 39936 254 40192 126 40320 254 40577 253 40833 254 41088 7704 48797 250 49054 247 49310 240 49566 239 49822 188 50014 47 50077 188 50271 46 50333 188 50527 46 50588 189 50782 47 50843 191 51036 58 51098 689 51791 251 52048 249 52304 250 52559 55 52617 193 52815 55 52875 193 53069 58 53131 123 53256 127 53387 122 53513 127 53642 123 53769 252 54026 251 54283 250 54539 249 54796 248 55052 248 55308 249 55564 24 55590 223 55820 23 55846 223 56076 23 56102 222 56332 23 56358 222 56588 23 56613 219 56833 3 56844 23 56869 219 57101 21 57125 219 57357 21 57381 219 57613 21 57637 73 57717 139 57869 20 57893 69 57975 137 58126 18 58149 65 58232 136 58382 17 58405 62 58489 135 58639 5 58661 61 58746 134 58918 60 59003 133 59175 58 59260 132 59433 25 59465 24 59517 131 59690 22 59724 20 59773 131 59947 19 59983 17 60029 131 60204 14 60245 10 60285 131 60462 10 60507 3 60540 132 60720 6 60794 134 61048 136 61302 138 61557 139 61813 139 62068 140 62324 140 62580 140 62836 140 63092 140 63349 139 63605 139 63862 138 64119 137 64375 137 64632 136 64889 135 65146 134 65404 132
000066, 
000086,63349 4 63603 9 63857 13 64112 16 64368 17 64624 18 64880 18 65137 18 65394 17
584567,0 49 67 25 223 81 324 4 331 16 480 80 579 24 735 80 834 26 991 80 1087 29 1247 79 1341 30 1503 78 1595 32 1759 77 1850 33 2014 77 2105 34 2270 75 2360 35 2526 72 2615 36 2782 67 2870 37 3037 68 3125 38 3293 67 3380 39 3550 65 3634 42 3806 65 3889 43 4062 65 4142 47 4319 63 4396 49 4576 62 4650 51 4833 60 4905 52 5089 59 5161 52 5346 56 5416 29 5447 22 5602 52 5672 28 5704 21 5858 48 5929 26 5960 21 6115 39 6185 25 6216 21 6371 38 6442 22 6472 21 6628 36 6698 21 6729 20 6810 3 6885 34 6955 19 6985 21 7063 6 7141 33 7212 18 7241 22 7317 8 7398 32 7469 16 7497 22 7572 8 7654 31 7726 15 7753 23 7828 9 7910 30 7983 13 8009 24 8083 15 8157 3 8166 30 8240 11 8265 24 8339 17 8362 5 8410 9 8421 27 8497 10 8521 25 8595 28 8664 40 8755 7 8776 26 8827 7 8851 29 8918 42 9012 5 9032 26 9080 10 9107 29 9173 43 9287 28 9334 13 9363 29 9428 44 9542 28 9588 15 9619 29 9684 44 9796 30 9842 18 9875 29 9939 45 10050 32 10097 19 10131 29 10194 46 10304 33 10352 21 10387 29 10449 47 10560 32 10608 21 10643 28 10704 48 10815 32 10863 23 10899 28 10960 48 11071 32 11119 23 11155 28 11215 49 11326 32 11374 25 11411 28 11470 50 11582 31 11629 26 11667 28 11725 51 11838 31 11884 27 11923 27 11980 52 12095 29 12139 28 12179 27 12235 53 12351 28 12393 31 12435 26 12491 53 12608 27 12648 32 12691 25 12746 54 12865 25 12903 33 12948 23 13002 54 13122 23 13158 35 13205 20 13257 55 13380 20 13414 35 13463 17 13512 56 13638 16 13670 35 13723 12 13767 57 13897 7 13926 36 13983 6 14022 58 14182 36 14278 58 14437 37 14534 58 14693 37 14790 58 14948 38 15045 59 15203 39 15301 59 15458 40 15558 58 15713 42 15814 58 15968 43 16070 58 16224 43 16325 57 16383 1 16479 44 16581 37 16623 15 16734 45 16837 29 16879 15 16989 46 17093 27 17136 14 17244 47 17349 26 17392 13 17500 47 17604 26 17648 13 17755 48 17860 26 17905 5 18011 48 18116 27 18175 1 18266 49 18372 29 18430 2 18522 49 18629 36 18685 3 18777 49 18885 37 18941 3 19033 49 19141 38 19196 4 19288 49 19397 38 19452 4 19543 50 19653 38 19708 4 19799 49 19910 38 19963 5 20055 47 20165 39 20218 6 20310 46 20421 41 20473 7 20567 43 20677 45 20728 8 20823 34 20859 5 20933 47 20983 9 21079 32 21189 59 21335 30 21445 59 21592 28 21701 59 21848 27 21957 59 22104 27 22213 50 22265 7 22361 25 22470 48 22522 6 22617 24 22727 25 22756 19 22779 3 22783 1 22873 24 22983 24 23013 18 23039 1 23130 22 23240 22 23269 18 23387 21 23498 21 23525 18 23644 19 23755 20 23782 17 23902 16 24023 9 24038 17 24168 5 24280 10 24295 16 24536 14 24552 14 24792 15 24812 9 24831 1 25048 15 25069 8 25087 1 25304 16 25327 4 25343 1 25560 16 25599 1 25815 17 25855 1 25918 7 26071 18 26172 11 26326 19 26427 13 26580 22 26681 16 26831 27 26936 17 27086 28 27191 19 27342 29 27446 20 27598 29 27701 21 27854 29 27956 23 28111 28 28212 23 28368 28 28468 23 28624 28 28724 24 28880 28 28979 25 29136 28 29235 25 29392 28 29491 25 29648 28 29747 25 29903 30 29997 2 30002 26 30159 30 30251 33 30415 30 30506 7 30518 22 30671 30 30761 7 30776 19 30927 30 31016 7 31034 17 31183 30 31272 6 31292 15 31343 4 31439 30 31527 7 31550 12 31596 10 31617 13 31643 18 31694 31 31783 6 31808 9 31852 11 31870 18 31898 22 31950 31 32038 7 32065 8 32107 39 32153 24 32206 30 32294 6 32322 5 32363 42 32406 28 32462 30 32549 7 32619 72 32717 31 32804 8 32875 73 32973 31 33060 8 33130 74 33228 33 33315 9 33386 74 33484 33 33571 9 33642 75 33739 34 33827 9 33898 75 33994 35 34083 9 34154 75 34248 37 34339 9 34410 75 34503 38 34596 7 34666 75 34757 40 34852 7 34922 75 35012 41 35110 4 35178 75 35267 41 35434 75 35522 42 35690 75 35776 43 35946 75 36029 46 36203 74 36283 47 36460 73 36538 48 36718 71 36793 49 36975 122 37232 121 37488 121 37744 121 38000 120 38256 120 38513 119 38769 119 39025 119 39282 118 39538 118 39794 118 40051 116 40307 116 40563 116 40819 116 41075 116 41332 115 41588 114 41845 113 42101 113 42358 111 42615 110 42872 108 43128 107 43385 105 43641 105 43897 104 44154 102 44410 101 44666 101 44922 100 45178 100 45433 100 45689 99 45945 99 46200 99 46455 99 46710 99 46964 100 47217 102 47472 102 47728 101 47984 100 48240 99 48496 40 48541 54 48753 38 48798 52 49010 36 49056 50 49267 35 49312 50 49525 33 49568 50 49782 33 49824 50 50038 33 50080 50 50294 33 50336 50 50550 34 50592 49 50807 33 50847 50 51064 32 51103 49 51321 31 51359 49 51578 30 51615 48 51836 28 51870 49 52093 27 52126 48 52350 26 52382 48 52607 25 52638 47 52864 24 52894 47 53122 23 53150 46 53378 23 53406 45 53635 23 53662 43 53892 22 53918 41 54149 22 54174 39 54406 21 54430 38 54663 20 54686 35 54920 18 54943 21 55176 17 55200 18 55433 15 55457 14 55690 13 55714 11 55947 12 55971 8 56204 12 56461 11 56718 12 56974 15 57231 15 57487 16 57742 18 57999 18 58255 18 58512 17 58769 17 59025 17 59282 16 59539 15 59795 15 60051 15 60124 2 60308 14 60381 1 60564 14 60821 13 61077 13 61333 13 61590 12 61846 11 62102 10 62359 7
000014,1923 5 2177 8 2432 10 2687 12 2942 13 3197 15 3452 17 3523 5 3706 20 3777 9 3961 23 4032 12 4216 26 4288 13 4471 29 4543 15 4726 31 4799 15 4981 32 5055 16 5236 34 5311 17 5490 36 5566 18 5745 38 5822 18 5999 40 6078 18 6254 42 6334 18 6508 44 6589 19 6763 46 6845 19 7018 47 7101 19 7274 48 7357 18 7529 49 7614 16 7710 7 7785 49 7870 16 7964 11 8040 50 8126 16 8219 13 8296 50 8383 15 8474 15 8552 50 8639 15 8729 17 8808 51 8896 14 8985 17 9064 51 9152 14 9240 18 9320 51 9408 14 9496 19 9577 50 9665 13 9753 18 9833 50 9921 13 10009 18 10090 49 10177 13 10266 16 10346 49 10433 12 10523 15 10603 48 10689 11 10781 13 10860 47 10946 10 11039 10 11116 47 11203 8 11298 5 11373 46 11460 5 11630 45 11888 43 12145 42 12403 40 12660 38 12916 38 13063 2 13173 37 13316 8 13429 37 13568 13 13685 37 13824 14 13941 38 14080 16 14197 38 14336 17 14454 37 14592 18 14710 37 14848 20 14967 35 15104 22 15223 35 15345 6 15360 24 15480 15 15496 18 15600 8 15616 24 15737 11 15754 15 15855 10 15872 24 15996 4 16011 14 16110 11 16128 24 16269 11 16365 12 16384 24 16526 8 16620 13 16640 24 16786 1 16876 13 16896 24 17132 12 17152 24 17387 13 17408 25 17643 13 17664 25 17899 12 17920 25 18154 13 18176 26 18410 12 18432 26 18666 12 18688 26 18921 12 18944 26 19177 11 19201 25 19434 9 19459 23 19690 8 19716 22 19947 6 19973 20 20204 3 20229 20 20484 21 20641 2 20740 21 20881 8 20894 7 20996 21 21136 22 21252 21 21391 24 21508 21 21646 25 21764 22 21902 26 22020 22 22158 27 22276 22 22414 27 22532 21 22670 28 22788 21 22926 29 23045 20 23182 30 23301 19 23438 31 23558 18 23695 30 23815 16 23951 31 24071 15 24207 33 24328 13 24464 35 24586 9 24721 37 24845 1 24977 39 25234 39 25492 37 25749 37 26007 35 26264 34 26521 33 26778 32 26879 1 27034 32 27133 3 27291 30 27388 4 27548 29 27643 5 27805 27 27898 6 28063 24 28154 6 28320 23 28410 6 28577 21 28666 6 28834 18 28922 6 29091 16 29178 6 29347 13 29434 6 29605 7 29691 5 29948 4 30207 1 39242 6 39497 8 39752 10 40008 11 40264 12 40520 13 40776 13 41032 14 41288 15 41471 1 41544 16 41724 4 41800 17 41978 6 42057 16 42233 7 42313 17 42488 8 42569 18 42743 9 42826 17 42998 10 43082 17 43241 3 43253 11 43338 17 43495 7 43508 12 43594 17 43750 9 43763 13 43850 16 44006 26 44107 14 44261 27 44363 12 44517 27 44620 9 44772 28 44877 5 45028 28 45284 28 45540 28 45796 28 46052 28 46308 28 46564 28 46820 28 47077 27 47333 27 47589 27 47846 26 48103 25 48360 24 48618 22 48874 22 49131 21 49386 22 49642 22 49896 24 50147 29 50401 31 50656 32 50911 33 51166 34 51421 35 51676 36 51931 37 52186 38 52441 39 52696 40 52952 40 53208 40 53464 40 53720 40 53976 40 54232 40 54489 39 54745 39 55001 39 55257 39 55513 39 55770 38 56026 26 56054 10 56282 25 56312 8 56539 23 56569 7 56795 21 56827 5 57052 19 57309 16 57566 13 57823 10 58081 6 59905 2 60160 4 60416 4 60672 5 60928 5 61184 5 61440 5 61457 4 61696 4 61711 8 61952 4 61965 11 62220 12 62475 14 62731 14 62986 15 63242 15 63497 16 63753 16 64008 17 64264 16 64520 16 64775 17 65031 17 65287 17
000029, 
826515,0 3582 3583 255 3840 253 4096 253 4352 253 4608 254 4863 60673
904357,163 8 178 25 420 7 435 24 676 7 690 26 932 8 946 29 1188 7 1201 31 1444 6 1456 32 1525 5 1701 4 1711 34 1779 10 1791 1 1966 36 2034 14 2221 37 2289 15 2476 39 2544 16 2731 40 2800 16 2987 40 3055 17 3210 6 3242 41 3311 17 3464 10 3498 41 3567 17 3718 13 3754 41 3823 17 3973 15 4009 42 4079 17 4228 17 4260 2 4264 43 4335 17 4484 17 4512 50 4591 17 4739 18 4766 52 4847 17 4995 19 5021 53 5103 17 5251 19 5276 55 5359 17 5507 19 5531 57 5614 18 5763 19 5787 15 5804 41 5870 18 6019 19 6043 15 6060 43 6126 18 6276 18 6299 15 6316 44 6382 18 6532 17 6555 62 6638 18 6788 17 6811 65 6894 18 7044 17 7068 65 7151 17 7301 15 7324 65 7407 17 7557 15 7581 65 7663 17 7813 15 7837 65 7920 16 8069 15 8094 64 8176 16 8325 15 8350 64 8432 16 8581 15 8607 63 8688 16 8837 15 8863 62 8944 16 9093 15 9120 61 9200 16 9349 15 9377 59 9456 16 9604 16 9634 58 9712 16 9860 15 9891 57 9968 16 10116 15 10149 55 10224 16 10320 5 10372 15 10406 54 10480 16 10567 16 10628 14 10663 10 10677 40 10737 15 10821 19 10884 14 10923 4 10934 40 10994 13 11076 21 11140 13 11191 40 11251 11 11332 21 11396 12 11448 40 11508 9 11587 23 11653 11 11705 40 11766 5 11843 24 11910 9 11961 41 12098 26 12167 6 12217 42 12353 30 12474 41 12609 33 12659 15 12730 42 12864 38 12911 21 12986 43 13119 42 13165 23 13243 42 13374 71 13498 44 13629 72 13754 44 13884 74 14010 44 14139 75 14223 6 14265 46 14395 75 14477 10 14520 47 14650 76 14732 13 14776 47 14906 75 14987 15 15031 48 15162 74 15243 16 15286 49 15419 72 15499 17 15542 49 15675 71 15755 18 15797 50 15932 70 16011 20 16053 50 16188 69 16267 22 16309 50 16445 69 16523 23 16564 51 16701 69 16778 24 16820 52 16958 68 17034 24 17075 54 17214 69 17289 25 17331 55 17469 72 17544 26 17587 56 17726 100 17842 57 17982 100 18098 58 18238 100 18353 59 18495 99 18609 59 18751 99 18864 61 19008 98 19120 61 19265 98 19376 61 19522 100 19631 62 19780 102 19886 62 20037 167 20294 166 20550 166 20808 163 21065 161 21322 160 21579 158 21836 98 21938 54 22093 17 22112 77 22195 52 22350 14 22369 75 22453 49 22606 13 22626 74 22710 47 22864 9 22883 72 22968 43 23121 5 23140 70 23227 36 23398 67 23486 31 23655 65 23743 29 23777 5 23913 61 24001 27 24031 9 24171 58 24259 38 24429 57 24516 38 24688 55 24772 39 24948 54 25027 41 25206 53 25282 43 25464 52 25536 46 25596 4 25723 50 25788 51 25851 5 25982 47 26039 56 26105 7 26242 44 26293 59 26359 9 26499 43 26548 60 26614 10 26756 43 26803 62 26869 11 27013 109 27123 13 27269 123 27524 124 27780 124 28036 124 28291 125 28546 111 28659 13 28800 112 28917 11 29054 113 29173 11 29306 117 29430 10 29558 120 29686 10 29812 121 29941 11 30067 121 30196 12 30322 121 30451 13 30577 121 30706 14 30833 119 30961 15 31089 116 31216 16 31344 115 31472 16 31600 114 31727 17 31855 114 31983 17 32111 82 32197 27 32238 18 32366 83 32455 24 32494 18 32622 82 32714 20 32749 19 32877 83 32972 6 32985 3 33005 19 33133 84 33260 20 33388 85 33516 20 33643 86 33771 21 33893 92 34027 21 34148 94 34283 21 34403 96 34539 21 34658 98 34795 21 34913 100 35051 21 35169 58 35234 36 35308 20 35424 59 35495 32 35564 20 35678 60 35752 31 35820 20 35933 61 36008 31 36077 19 36188 62 36264 32 36333 19 36443 63 36520 32 36588 20 36697 65 36776 32 36844 20 36952 66 37032 32 37100 20 37207 67 37289 31 37356 20 37462 68 37545 31 37612 20 37717 69 37802 30 37868 20 37971 70 38058 29 38125 19 38225 72 38314 29 38381 19 38479 74 38570 28 38638 18 38733 75 38826 28 38894 18 38988 76 39082 27 39151 17 39242 78 39337 28 39407 17 39497 79 39591 29 39664 16 39752 80 39844 31 39920 16 40007 81 40098 33 40177 15 40262 82 40353 33 40433 15 40517 82 40608 34 40690 14 40772 46 40820 34 40863 34 40947 13 41028 44 41077 33 41118 35 41203 13 41284 43 41334 30 41373 37 41460 12 41540 43 41591 28 41629 37 41718 10 41796 42 41847 26 41884 39 41975 9 42052 42 42104 24 42140 39 42232 8 42308 41 42360 22 42395 41 42489 7 42564 41 42617 20 42651 41 42745 7 42820 40 42874 18 42906 42 43001 7 43076 39 43131 17 43156 48 43257 7 43332 38 43388 15 43411 49 43513 7 43588 37 43645 13 43666 50 43769 7 43844 36 43902 11 43921 52 44025 7 44100 36 44160 6 44176 53 44281 7 44357 36 44431 54 44537 7 44613 44 44687 54 44793 7 44869 48 44942 55 45050 6 45126 48 45197 56 45306 6 45382 49 45451 58 45562 6 45638 50 45705 61 45818 6 45895 50 45956 66 46074 6 46151 51 46209 69 46329 7 46407 52 46462 72 46584 8 46663 127 46840 8 46919 127 47095 9 47175 127 47351 9 47431 127 47606 10 47688 126 47862 10 47944 126 48117 11 48200 126 48372 12 48457 89 48549 32 48627 13 48713 88 48807 30 48882 14 48969 88 49065 27 49137 15 49225 88 49322 25 49393 15 49481 88 49579 22 49649 15 49738 87 49835 19 49905 15 49994 87 50092 16 50161 15 50250 88 50349 14 50418 14 50507 87 50607 10 50674 14 50763 88 50864 7 50931 13 51020 88 51187 13 51277 89 51443 13 51474 8 51533 90 51700 12 51729 11 51789 91 51956 12 51984 13 52045 92 52213 11 52240 15 52302 92 52469 11 52495 17 52558 93 52726 10 52751 18 52815 93 52982 10 53007 20 53071 95 53239 9 53263 21 53328 95 53495 9 53519 22 53587 93 53751 9 53775 25 53844 93 54007 9 54031 28 54101 93 54262 10 54286 31 54358 93 54517 11 54542 32 54615 41 54658 49 54772 12 54798 33 54871 41 54915 49 55028 12 55054 34 55128 40 55172 49 55283 13 55309 36 55384 40 55428 49 55539 13 55565 37 55640 41 55685 49 55794 14 55821 38 55897 40 55941 49 56050 14 56076 40 56153 41 56197 49 56306 14 56332 41 56408 95 56563 13 56588 41 56664 95 56819 13 56844 41 56920 95 57076 12 57100 41 57175 97 57332 12 57356 41 57431 97 57589 11 57613 40 57686 98 57845 11 57869 40 57942 98 58101 11 58126 38 58197 99 58357 11 58382 38 58452 100 58612 12 58639 36 58706 102 58867 13 58896 35 58960 104 59122 14 59153 34 59213 106 59377 15 59410 32 59465 110 59632 16 59667 31 59710 120 59888 16 59924 30 59964 122 60144 16 60181 29 60220 121 60400 16 60438 28 60475 121 60656 16 60696 26 60731 120 60912 16 60953 25 60986 120 61168 16 61210 23 61242 119 61424 16 61466 23 61497 119 61680 16 61723 22 61752 119 61937 15 61980 20 62008 118 62193 15 62237 19 62263 116 62449 15 62494 18 62518 115 62705 15 62751 16 62774 114 62962 14 63008 15 63029 114 63218 14 63264 15 63285 114 63474 14 63521 13 63540 115 63731 13 63778 12 63795 116 63987 13 64034 12 64051 116 64244 12 64291 10 64306 117 64500 12 64548 8 64561 117 64757 11 64807 3 64816 118 65014 10 65071 119 65270 10 65327 119 65527 9
447372,3 24 101 70 259 24 356 71 516 24 610 73 772 23 863 76 1028 22 1119 76 1285 16 1376 75 1539 16 1633 74 1792 18 1890 73 2011 1 2048 18 2146 73 2266 2 2304 19 2401 75 2522 2 2560 19 2655 77 2778 2 2816 20 2907 81 3072 21 3160 85 3328 21 3414 87 3584 21 3668 89 3840 22 3922 91 4096 22 4177 92 4352 22 4432 94 4608 21 4687 94 4864 11 4878 7 4943 94 5120 10 5136 3 5198 95 5376 9 5453 96 5632 8 5709 95 5888 7 5965 95 6144 6 6222 93 6400 6 6478 6 6489 80 6656 5 6736 3 6745 71 6912 5 7001 71 7168 5 7256 71 7424 5 7512 70 7680 5 7768 70 7936 5 8024 69 8192 5 8280 69 8448 5 8536 68 8704 5 8793 63 8960 5 9049 60 9216 5 9306 58 9472 5 9562 58 9728 5 9819 56 9984 5 10075 56 10240 4 10332 54 10496 4 10588 53 10845 51 11102 48 11359 45 11617 40 11809 8 11882 27 12062 17 12139 23 12316 21 12395 22 12572 22 12651 22 12827 24 12907 22 13083 25 13163 22 13340 25 13407 1 13419 22 13596 25 13651 4 13662 3 13675 22 13853 25 13904 8 13917 4 13931 21 14109 25 14159 8 14174 2 14187 21 14365 25 14415 8 14443 19 14620 26 14671 7 14699 16 14875 27 14928 5 14955 14 15130 28 15211 12 15385 30 15467 12 15640 31 15723 11 15894 33 15979 11 16149 34 16235 10 16404 35 16491 9 16658 37 16748 8 16896 10 16913 38 17005 6 17152 55 17263 2 17408 54 17664 54 17920 54 18176 54 18432 54 18688 25 18720 22 18944 23 18978 9 18993 18 19200 21 19236 4 19250 18 19456 19 19506 19 19712 19 19762 20 19968 18 20018 20 20046 2 20224 19 20274 20 20301 4 20480 19 20530 20 20556 6 20736 19 20785 21 20812 6 20992 20 21041 21 21068 5 21248 20 21297 20 21325 3 21504 21 21554 19 21760 22 21810 18 22016 23 22066 17 22272 24 22323 14 22528 26 22579 13 22784 28 22836 11 23040 29 23093 9 23296 30 23352 3 23552 30 23808 31 24064 31 24159 8 24293 6 24320 31 24413 12 24548 15 24576 31 24667 15 24803 18 24832 30 24921 18 25058 20 25088 30 25176 20 25314 22 25344 29 25430 23 25569 24 25600 29 25685 24 25824 26 25856 28 25941 24 26069 38 26112 28 26196 26 26323 41 26368 28 26452 26 26579 42 26624 28 26707 27 26834 43 26880 28 26963 28 27089 45 27135 28 27219 28 27344 48 27393 26 27474 29 27593 55 27651 24 27730 29 27848 56 27908 22 27985 30 28103 57 28165 20 28241 30 28358 58 28422 18 28496 30 28613 59 28678 17 28752 30 28869 59 28935 15 29007 30 29124 60 29192 13 29263 29 29379 61 29448 13 29519 29 29634 62 29705 12 29774 29 29889 63 29961 11 30030 28 30144 64 30218 10 30286 28 30399 65 30475 8 30541 28 30653 67 30732 7 30797 28 30907 69 30990 4 31053 28 31162 70 31309 28 31417 71 31565 28 31673 74 31821 28 31929 75 32077 28 32186 75 32334 27 32442 77 32590 27 32699 78 32847 26 32955 80 33106 22 33212 80 33363 21 33468 80 33620 20 33724 81 33877 19 33980 81 34133 19 34236 81 34390 18 34491 82 34646 18 34747 82 34903 17 35003 82 35159 17 35259 49 35310 31 35416 16 35515 48 35567 30 35673 15 35770 48 35824 28 35930 14 36026 47 36082 25 36188 12 36282 44 36341 22 36446 9 36538 43 36599 19 36704 6 36795 41 36856 18 36962 3 37051 41 37112 19 37308 39 37369 20 37564 39 37625 23 37821 38 37881 24 37923 1 38077 38 38137 25 38176 8 38333 38 38379 4 38394 26 38430 15 38589 38 38633 7 38651 52 38845 52 38911 49 39100 54 39168 49 39356 54 39424 50 39612 35 39650 17 39680 51 39868 33 39906 17 39936 52 40125 31 40162 18 40192 52 40381 30 40418 18 40449 51 40638 28 40673 20 40706 50 40833 4 40894 27 40929 20 40962 50 41082 12 41151 25 41185 21 41218 49 41337 13 41407 25 41441 22 41474 49 41592 15 41664 23 41697 22 41730 48 41847 16 41921 22 41952 24 41986 47 42102 18 42178 20 42207 25 42242 45 42357 19 42435 15 42462 26 42498 44 42613 19 42692 11 42715 30 42754 43 42868 21 42951 5 42970 30 43010 42 43124 21 43225 31 43267 40 43380 21 43481 31 43523 40 43637 20 43736 31 43779 24 43810 8 43895 18 43993 29 44035 20 44068 4 44153 15 44249 28 44292 13 44413 2 44506 26 44548 12 44762 25 44803 14 45019 23 45058 15 45276 21 45312 18 45533 19 45568 19 45790 17 45824 19 46047 15 46080 19 46303 14 46336 20 46560 12 46592 20 46816 11 46848 20 47073 8 47104 20 47331 3 47360 20 47616 19 47872 19 48128 19 48384 19 48640 18 48896 18 49152 18 49408 17 49664 17 49920 17 50176 16 50432 16 50688 16 50944 15 51200 14 51456 13 51712 12 51968 11 52224 11 52480 10 52736 9 52992 9 53248 8 53504 8 53760 7 54016 6 54272 5 54400 5 54655 8 54910 10 55165 11 55419 14 55673 16 55929 16 56184 17 56440 17 56696 17 56951 18 57207 18 57463 18 57718 19 57974 19 58229 21 58424 4 58485 21 58679 6 58741 21 58935 7 58996 22 59191 7 59252 22 59447 7 59508 22 59704 6 59763 23 60019 22 60231 6 60275 21 60481 14 60531 19 60735 17 60787 14 60990 20 61044 12 61245 22 61304 7 61501 23 61561 6 61756 25 61817 6 62012 25 62073 6 62178 5 62268 26 62330 5 62431 10 62525 25 62587 4 62681 18 62707 6 62715 2 62781 25 62934 40 63036 7 63045 17 63190 40 63231 1 63280 7 63291 8 63302 16 63445 43 63532 23 63558 16 63700 44 63786 26 63813 18 63956 44 64040 47 64212 44 64294 49 64357 5 64467 45 64549 50 64614 4 64723 45 64804 49 64978 46 65060 16 65080 6 65095 12 65234 46 65315 11 65338 4 65354 6 65490 46
000036,17 4 173 20 229 27 431 17 486 26 686 19 743 25 786 6 941 20 999 25 1042 7 1196 21 1257 23 1299 5 1452 20 1515 21 1555 6 1564 4 1708 20 1773 19 1811 17 1965 18 2032 16 2067 20 2221 17 2290 14 2323 22 2477 15 2549 11 2580 23 2734 12 2807 9 2837 24 3065 7 3094 24 3351 24 3608 24 3864 24 4120 25 4377 24 4633 24 4889 24 5145 24 5401 24 5657 24 5913 24 6170 23 6278 6 6426 22 6533 9 6691 13 6788 12 6950 10 7044 13 7207 9 7299 15 7464 8 7555 16 7721 6 7811 17 7978 5 8067 18 8234 4 8323 20 8491 2 8579 20 8642 7 8835 21 8896 11 8952 1 9091 22 9151 14 9176 8 9207 3 9211 1 9298 8 9347 22 9406 16 9429 13 9463 3 9467 1 9552 11 9603 23 9662 38 9718 7 9807 14 9859 24 9918 39 9974 7 10063 16 10115 24 10174 40 10230 7 10318 19 10371 25 10429 42 10487 5 10573 21 10627 25 10685 44 10828 23 10883 25 10940 46 11083 25 11139 24 11195 48 11339 26 11396 22 11450 49 11593 28 11652 21 11704 52 11848 30 11908 19 11959 53 12100 34 12165 14 12214 54 12353 38 12422 11 12469 56 12607 40 12679 8 12725 56 12862 41 12938 2 12980 57 13117 43 13236 57 13372 44 13492 57 13627 45 13748 57 13882 47 14004 57 14138 47 14260 56 14393 49 14517 55 14649 51 14774 54 14905 54 15032 51 15161 56 15291 47 15417 58 15550 42 15673 59 15807 39 15930 58 16065 36 16186 59 16324 10 16337 18 16443 58 16595 14 16699 58 16853 6 16955 58 17211 58 17467 58 17710 3 17722 59 17966 37 18007 31 18212 6 18222 34 18263 31 18465 11 18478 32 18519 32 18719 45 18776 33 18973 45 19032 35 19133 1 19227 46 19288 37 19383 10 19482 46 19545 37 19626 24 19737 47 19802 37 19880 26 19992 48 20059 36 20135 28 20248 48 20317 34 20391 28 20505 47 20575 32 20646 29 20765 43 20833 30 20902 28 21005 6 21023 42 21091 27 21158 28 21259 11 21280 42 21347 26 21414 27 21515 12 21537 43 21603 24 21670 26 21770 14 21794 44 21859 10 21870 12 21926 26 22026 15 22051 44 22113 11 22127 10 22182 25 22281 17 22308 44 22366 15 22383 10 22439 24 22537 18 22565 44 22620 28 22695 24 22793 19 22823 43 22875 29 22953 4 22964 10 23050 18 23080 43 23130 31 23222 7 23306 19 23337 42 23386 31 23563 19 23594 41 23641 32 23820 19 23851 40 23897 33 24076 19 24108 39 24152 35 24329 23 24364 39 24408 37 24583 25 24621 38 24664 38 24838 26 24878 37 24921 40 25094 26 25135 36 25177 42 25350 25 25392 35 25434 42 25606 25 25650 34 25691 43 25862 23 25912 28 25948 43 26118 22 26170 27 26207 41 26374 21 26427 27 26466 39 26630 20 26684 27 26723 38 26887 19 26941 28 26979 39 27064 7 27143 18 27198 30 27234 41 27318 12 27400 16 27455 76 27572 15 27658 13 27712 75 27827 17 27970 73 28082 20 28227 72 28337 22 28484 71 28592 23 28740 71 28848 25 28996 71 29103 27 29252 70 29359 28 29507 71 29615 29 29763 70 29871 30 30019 68 30127 30 30275 67 30383 30 30499 9 30512 13 30531 66 30640 30 30754 31 30786 66 30896 30 31009 98 31152 30 31264 98 31409 29 31519 97 31665 29 31774 39 31817 50 31921 29 32028 40 32074 48 32177 30 32283 41 32331 45 32432 32 32538 41 32588 43 32687 34 32793 42 32844 41 32943 38 33048 42 33101 38 33191 1 33197 44 33304 41 33357 37 33444 54 33559 39 33613 35 33698 58 33815 38 33870 32 33953 60 34071 37 34126 30 34209 60 34328 35 34382 28 34464 62 34585 33 34639 26 34719 63 34843 28 34895 24 34975 63 35105 18 35151 23 35231 63 35363 13 35408 20 35487 63 35620 11 35665 17 35743 63 35876 9 35924 13 35998 64 36133 6 36185 5 36254 64 36389 5 36510 63 36644 5 36766 63 36899 7 37022 63 37155 7 37230 6 37278 62 37410 9 37485 8 37533 63 37666 11 37689 5 37740 10 37789 62 37922 12 37942 9 37996 11 38045 61 38179 28 38252 11 38300 60 38435 28 38509 11 38555 58 38692 27 38766 10 38811 55 38949 27 39023 8 39066 50 39206 28 39280 7 39321 47 39463 33 39538 4 39576 46 39720 34 39831 45 39977 35 40087 44 40234 35 40343 43 40490 36 40599 43 40746 37 40855 44 41003 37 41112 45 41259 38 41368 45 41514 39 41624 8 41635 35 41770 39 41893 33 42026 39 42150 33 42281 41 42406 33 42537 41 42662 33 42793 41 42918 33 43050 39 43174 33 43306 39 43430 33 43562 39 43686 33 43818 39 43942 32 44074 39 44198 32 44330 38 44455 31 44586 38 44711 31 44841 39 44967 30 45097 39 45224 29 45353 39 45480 28 45609 40 45737 27 45865 40 45993 26 46121 40 46250 24 46376 42 46506 24 46631 44 46762 23 46886 45 47017 24 47140 48 47273 24 47394 50 47528 25 47649 52 47782 27 47903 55 48028 36 48154 60 48280 40 48401 69 48519 8 48532 43 48655 72 48773 57 48910 73 49028 56 49165 74 49283 54 49420 76 49539 53 49676 77 49794 54 49931 80 50050 55 50187 81 50305 56 50443 82 50561 57 50699 82 50816 59 50955 82 51072 60 51211 83 51328 61 51468 82 51583 63 51724 82 51839 64 51980 82 52095 64 52237 80 52351 65 52461 12 52494 79 52607 66 52714 17 52751 78 52864 65 52969 20 53008 77 53120 66 53224 24 53268 72 53376 66 53479 25 53526 70 53633 65 53734 26 53783 68 53889 66 53989 27 54017 2 54040 67 54146 65 54244 28 54273 3 54297 66 54403 64 54499 29 54529 3 54554 65 54660 63 54755 29 54786 2 54810 64 54917 62 55010 30 55042 2 55067 63 55173 62 55265 31 55297 4 55323 63 55429 62 55521 31 55553 5 55563 3 55579 63 55686 61 55776 46 55836 62 55942 61 56031 47 56092 61 56198 60 56286 48 56348 61 56453 61 56541 49 56605 59 56708 61 56797 49 56861 58 56962 63 57052 51 57117 58 57216 65 57307 52 57374 56 57470 67 57562 54 57630 55 57725 69 57798 6 57809 65 57886 54 57980 152 58142 53 58235 156 58397 54 58491 216 58747 216 59003 101 59107 113 59259 42 59304 54 59366 24 59391 86 59515 41 59560 53 59624 22 59651 1 59658 75 59771 41 59817 51 59881 21 59914 75 60026 42 60072 52 60138 20 60159 1 60163 1 60170 58 60233 12 60282 42 60328 51 60394 22 60417 65 60489 12 60538 42 60584 51 60650 87 60745 13 60794 24 60819 17 60840 50 60906 87 61000 15 61050 23 61077 15 61096 49 61162 87 61255 17 61305 23 61334 14 61353 40 61395 4 61418 111 61561 23 61590 14 61609 39 61674 113 61816 23 61847 12 61866 37 61930 114 62071 24 62104 11 62122 37 62185 115 62325 25 62361 9 62379 35 62440 117 62579 27 62618 8 62636 33 62694 119 62834 28 62875 6 62892 31 62946 123 63089 29 63149 29 63199 126 63344 30 63406 26 63454 127 63600 30 63663 23 63709 127 63856 30 63921 19 63965 126 64112 30 64181 13 64220 125 64368 30 64476 123 64624 29 64732 120 64880 29 64988 118 65136 29 65244 117 65392 29 65500 36
123643,0 65536
000089,0 20 88 45 231 45 344 21 373 5 380 9 487 45 578 7 600 46 743 46 818 5 830 13 855 48 999 47 1072 29 1110 50 1255 48 1327 31 1365 51 1511 52 1582 33 1620 53 1767 55 1837 93 1938 4 2023 57 2093 107 2280 57 2348 109 2536 57 2604 109 2792 58 2859 111 3048 58 3115 111 3304 58 3371 112 3560 58 3626 113 3816 59 3881 114 4072 59 4136 115 4327 180 4582 182 4838 182 5093 184 5349 184 5605 184 5860 186 6116 186 6371 187 6626 188 6881 189 7135 191 7390 192 7645 193 7901 193 8156 193 8412 193 8667 193 8923 28 8955 161 9179 27 9215 156 9435 27 9472 154 9691 26 9728 153 9947 26 9984 151 10203 25 10239 151 10459 24 10493 151 10714 25 10748 151 10970 24 11003 151 11226 24 11259 150 11481 25 11514 150 11737 25 11769 150 11993 25 12025 149 12249 26 12281 118 12401 27 12506 25 12537 116 12659 24 12762 25 12793 115 12916 21 13019 24 13049 114 13174 17 13275 24 13305 113 13432 11 13532 23 13560 19 13591 83 13752 6 13790 20 13816 18 13847 82 14006 10 14032 5 14048 18 14071 18 14104 80 14262 35 14307 15 14326 19 14361 78 14517 37 14564 13 14582 18 14618 22 14642 51 14772 39 14821 12 14837 17 14876 19 14899 48 15028 39 15078 10 15092 17 15141 8 15155 46 15283 41 15335 8 15347 13 15400 3 15412 44 15539 41 15602 14 15669 41 15794 43 15857 15 15926 39 16050 44 16113 15 16182 38 16305 46 16369 15 16438 37 16561 48 16625 15 16694 35 16817 49 16881 15 16950 33 17073 50 17137 15 17205 32 17329 50 17394 14 17461 31 17585 50 17651 13 17716 31 17842 49 17908 12 17971 31 18098 49 18166 10 18227 31 18355 48 18424 8 18482 32 18611 48 18683 5 18738 32 18867 48 18993 33 19123 47 19249 33 19379 46 19505 33 19635 45 19761 33 19891 44 20017 33 20147 43 20273 32 20404 41 20529 32 20660 39 20786 30 20916 37 21042 29 21172 35 21299 28 21428 35 21516 5 21556 26 21684 36 21770 10 21812 26 21939 38 22014 2 22025 12 22070 23 22193 41 22268 4 22280 15 22328 20 22447 44 22523 5 22536 16 22596 7 22701 47 22778 6 22792 18 22955 49 23033 7 23047 23 23210 50 23288 8 23303 26 23465 51 23544 8 23559 27 23721 51 23799 9 23815 28 23976 52 24055 9 24072 27 24231 53 24310 10 24328 27 24485 55 24566 10 24584 28 24740 56 24822 10 24840 28 24995 57 25077 11 25096 28 25250 59 25333 11 25353 27 25506 59 25589 11 25609 27 25762 59 25844 12 25866 27 26017 61 26100 12 26122 27 26273 61 26356 12 26379 26 26528 62 26611 13 26635 26 26784 63 26867 13 26891 26 27039 64 27123 13 27147 26 27295 63 27380 12 27403 26 27550 64 27637 11 27659 26 27805 65 27894 10 27915 25 28061 64 28151 9 28171 25 28229 6 28316 65 28408 8 28427 25 28484 9 28572 64 28665 7 28684 24 28739 11 28828 64 28922 6 28940 23 28994 12 29083 64 29178 6 29196 23 29250 13 29339 64 29434 6 29453 21 29505 14 29595 64 29691 5 29709 21 29761 14 29851 64 29947 5 29966 19 30017 14 30107 64 30203 5 30224 16 30273 14 30362 64 30460 4 30481 14 30529 14 30603 3 30618 64 30716 4 30743 5 30785 13 30856 8 30873 65 30972 4 31041 13 31110 11 31129 65 31229 3 31297 12 31364 15 31384 66 31553 12 31618 18 31639 66 31809 11 31872 89 32066 10 32126 91 32322 9 32372 101 32579 8 32627 101 32835 8 32882 102 33092 6 33137 103 33350 4 33393 103 33649 102 33905 102 34140 4 34161 101 34393 9 34417 101 34647 13 34672 101 34901 16 34928 100 35156 18 35183 100 35411 20 35437 101 35667 126 35922 126 36178 126 36434 125 36690 124 36946 124 37202 123 37458 123 37714 122 37970 120 38225 112 38481 111 38736 110 38991 110 39246 109 39500 109 39755 92 39851 13 40009 93 40110 8 40264 93 40520 92 40775 93 41031 92 41286 93 41542 92 41798 92 42053 93 42309 92 42564 93 42820 92 43075 63 43141 26 43331 60 43398 25 43587 52 43656 21 43843 51 43913 12 44100 49 44170 9 44356 47 44427 6 44613 43 44685 1 44869 38 45125 37 45193 3 45382 34 45447 6 45638 33 45701 9 45894 32 45956 11 46151 30 46211 13 46407 27 46466 15 46664 17 46722 16 46921 13 46977 17 47178 10 47232 19 47436 6 47488 19 47616 3 47743 21 47872 5 47918 8 47998 22 48128 6 48160 26 48253 23 48384 7 48414 32 48508 25 48640 8 48669 34 48764 25 48896 8 48924 36 49019 26 49152 9 49178 39 49275 26 49408 9 49433 41 49531 26 49664 9 49688 42 49787 26 49920 9 49943 44 50044 25 50176 10 50198 45 50301 24 50432 10 50453 46 50557 23 50688 10 50708 47 50814 21 50944 10 50963 49 51072 18 51200 11 51218 50 51329 14 51456 12 51472 52 51587 9 51712 69 51846 1 51968 70 52224 71 52480 72 52736 74 52924 5 52992 75 53179 8 53248 76 53434 9 53504 76 53689 11 53760 77 53944 13 54016 77 54199 16 54272 77 54454 19 54486 4 54528 76 54709 22 54738 10 54784 76 54964 40 55040 75 55220 41 55296 75 55476 41 55552 75 55732 41 55808 75 55988 41 56064 75 56244 41 56320 75 56500 41 56576 75 56757 39 56832 75 56941 1 57013 39 57088 75 57194 7 57269 39 57344 76 57448 10 57526 38 57600 76 57704 11 57782 38 57856 77 57959 12 58038 37 58112 78 58215 12 58294 37 58368 78 58470 13 58550 37 58624 79 58726 13 58806 38 58880 79 58981 14 59062 38 59136 80 59237 14 59318 39 59363 3 59392 80 59493 15 59575 51 59648 80 59748 16 59831 52 59904 80 60004 17 60087 53 60160 81 60259 19 60344 53 60416 81 60515 20 60600 54 60672 81 60771 23 60857 53 60928 81 61026 26 61114 53 61184 81 61282 28 61371 52 61440 82 61538 29 61629 51 61696 82 61794 30 61865 7 61888 49 61952 82 62050 31 62120 9 62146 48 62208 83 62306 32 62375 11 62402 48 62464 21 62487 60 62562 32 62630 13 62658 49 62720 19 62744 59 62818 33 62885 15 62913 50 62976 18 63001 58 63073 34 63141 17 63169 50 63232 17 63258 57 63329 35 63396 20 63424 51 63488 16 63515 57 63585 35 63652 23 63678 52 63744 16 63772 56 63841 36 63907 79 64000 15 64029 55 64096 38 64163 79 64256 14 64285 55 64352 39 64418 80 64512 14 64542 54 64607 42 64674 80 64768 13 64798 55 64862 44 64930 80 65024 13 65055 53 65118 45 65186 80 65280 12 65311 54 65374 45 65442 80
442220,0 65536
000056,0 65536
000098,252 4 508 4 763 5 1018 6 1274 6 1530 6 1785 7 2041 7 2297 7 2552 8 2808 8 3064 8 3320 8 3576 8 3832 8 4088 8 4344 8 4601 7 4857 7 5113 7 5369 7 5625 7 5881 7 6137 7 6394 6 6651 5 6907 5 7164 4
000046,105 25 361 25 617 25 872 27 1128 27 1384 27 1640 27 1895 28 2151 28 2408 28 2664 28 2920 28 3176 28 3432 28 3688 28 3944 28 4201 27 4457 26 4713 26 4969 26 5225 25 5482 24 5738 24 5994 23 6206 2 6250 23 6444 22 6506 23 6697 26 6762 22 6950 30 7018 21 7204 32 7274 20 7459 33 7530 19 7714 34 7787 17 7969 35 8043 15 8224 36 8300 12 8479 37 8556 10 8734 38 8814 6 8989 39 9244 40 9499 40 9715 2 9753 42 9966 10 10008 43 10217 16 10263 43 10471 19 10518 44 10725 22 10774 44 10981 23 11029 44 11236 24 11285 44 11492 25 11540 44 11748 25 11796 44 12004 25 12052 44 12260 25 12307 44 12516 25 12563 44 12772 25 12819 44 13029 23 13076 43 13285 23 13332 43 13542 20 13589 42 13799 9 13846 41 14057 5 14104 39 14363 35 14621 33 14885 24 15143 21 15401 18 15659 5 20131 3 20385 8 20640 10 20896 11 21152 12 21407 13 21663 14 21920 14 22176 14 22432 14 22688 15 22945 14 23201 14 23457 13 23714 12 23971 10 24228 8 24486 4 38947 3 39201 7 39456 9 39711 11 39967 12 40223 12 40478 14 40735 13 40991 13 41247 14 41503 14 41760 13 42017 12 42273 12 42530 12 42786 12 43043 11 43300 10 43556 10 43813 10 44069 10 44203 14 44325 10 44458 19 44581 11 44713 23 44837 11 44968 27 45093 11 45224 29 45349 10 45479 33 45605 10 45735 35 45862 8 45990 37 46119 6 46246 38 46377 1 46501 40 46756 41 47011 43 47267 44 47523 46 47778 49 48034 52 48290 54 48462 6 48546 55 48712 13 48802 55 48965 17 49059 54 49219 19 49315 55 49474 20 49572 54 49729 21 49828 54 49985 21 50085 53 50240 22 50341 53 50496 21 50597 53 50752 21 50853 53 51008 20 51109 52 51264 20 51365 52 51520 19 51621 51 51776 18 51877 50 52033 17 52133 49 52290 15 52389 47 52547 13 52645 45 52805 10 52901 44 53064 6 53157 35 53413 34 53670 32 53926 32 54183 30 54439 30 54696 28 54953 27 55210 25 55466 25 55723 23 55980 21 56237 20 56494 18 56751 16 57012 9
315120,0 65536
317877,7973 5 8227 14 8482 18 8737 20 8993 21 9248 23 9503 25 9759 25 10015 26 10270 27 10526 27 10782 28 11038 28 11295 27 11551 27 11807 27 12064 26 12320 26 12577 25 12834 24 13091 24 13348 23 13604 24 13860 24 14117 23 14373 24 14629 24 14885 24 15141 24 15398 23 15654 23 15911 21 16168 19 16426 17 16685 12 16945 3 20041 2 20062 5 20293 9 20316 9 20542 18 20570 13 20797 20 20824 16 21052 23 21079 18 21307 46 21562 48 21817 49 22073 49 22328 50 22584 50 22839 51 23095 51 23351 51 23607 50 23863 49 24119 49 24375 48 24632 47 24888 46 25145 45 25402 44 25658 43 25915 42 26171 42 26428 41 26685 40 26941 41 27198 40 27455 39 27713 38 27971 36 28229 34 28486 32 28742 32 28998 32 29253 32 29509 32 29765 31 30021 32 30276 33 30532 34 30788 34 31044 35 31300 35 31556 35 31812 35 32068 34 32324 34 32580 33 32837 32 33093 31 33350 14 33370 8 33608 10 33866 6 36720 4 36749 4 36975 6 37002 10 37230 8 37256 13 37476 4 37483 12 37510 16 37730 22 37765 17 37984 24 38020 19 38239 26 38274 21 38493 29 38530 21 38749 31 38784 24 39004 60 39259 62 39515 63 39771 64 40026 67 40282 68 40538 69 40794 69 41050 70 41306 71 41563 70 41819 70 42077 68 42340 61 42597 60 42828 5 42853 60 43083 7 43109 59 43338 9 43364 60 43593 10 43619 60 43849 10 43875 60 44104 11 44129 61 44360 12 44384 62 44616 12 44638 64 44872 12 44893 68 45128 13 45148 73 45384 13 45403 76 45640 15 45657 78 45897 95 46154 95 46410 96 46667 96 46924 97 47180 99 47437 100 47693 101 47949 103 48205 104 48462 29 48492 75 48718 29 48749 76 48974 28 49005 78 49231 27 49262 78 49487 27 49518 80 49743 27 49773 83 49887 5 50000 27 50029 84 50129 21 50256 27 50284 86 50383 24 50512 115 50637 26 50768 117 50891 29 51025 117 51144 32 51281 152 51537 152 51793 153 52049 153 52304 155 52560 155 52816 156 53072 156 53327 158 53583 158 53839 158 54095 159 54351 159 54607 159 54862 159 55118 159 55298 3 55374 159 55552 9 55630 158 55808 11 55886 158 56064 12 56142 157 56320 12 56398 156 56576 13 56654 155 56832 13 56911 153 57088 13 57167 152 57344 13 57422 151 57600 13 57678 149 57856 13 57934 147 58112 13 58190 145 58368 12 58446 143 58624 12 58702 142 58880 12 58958 141 59136 12 59214 140 59392 12 59470 140 59648 11 59726 139 59904 11 59982 138 60160 11 60238 28 60269 107 60416 11 60494 26 60526 105 60672 10 60750 25 60783 103 60928 10 61007 22 61040 74 61131 9 61184 9 61263 20 61298 72 61440 9 61519 19 61555 70 61696 7 61776 16 61813 68 61952 6 62033 14 62070 66 62290 13 62327 65 62546 14 62583 65 62803 17 62840 64 63059 19 63096 37 63136 24 63315 20 63352 36 63393 23 63571 21 63608 36 63650 21 63827 22 63864 36 63906 21 64083 22 64120 36 64162 21 64339 23 64376 36 64418 20 64595 23 64632 37 64673 21 64851 24 64888 38 64927 21 65107 24 65144 59 65363 24 65400 58
655919,0 24832 24833 255 25090 254 25346 254 25602 254 25858 254 26115 253 26371 253 26627 253 26883 253 27139 253 27395 253 27651 253 27907 253 28164 252 28420 252 28676 246 28933 234 29189 231 29445 229 29702 225 29958 218 30214 215 30471 211 30727 207 30983 199 31240 173 31415 19 31496 155 31657 7 31678 2 31752 153 32008 152 32265 150 32521 149 32777 148 33033 86 33122 59 33289 85 33379 57 33546 83 33637 3 33653 37 33802 82 33911 5 33921 22 34058 80 34179 17 34314 79 34436 13 34570 78 34695 5 34826 77 35083 75 35339 73 35595 72 35851 69 36108 65 36364 63 36620 61 36876 59 37132 58 37389 55 37645 54 37901 53 38157 52 38414 38 38670 36 38927 34 39183 33 39439 32 39696 29 39952 27 40208 24 40465 20 40723 15 40985 2
000006,182 74 439 73 695 73 951 73 1207 73 1463 73 1719 73 1974 74 2230 74 2485 75 2740 76 2994 78 3249 79 3503 81 3758 82 4013 83 4268 84 4523 85 4778 86 5032 88 5287 89 5543 32 5579 53 5798 33 5836 52 6054 32 6092 52 6310 32 6348 52 6566 32 6604 52 6822 32 6859 53 7079 31 7114 54 7335 89 7591 89 7848 88 8105 87 8362 86 8625 79 8887 73 9146 70 9403 69 9660 68 9916 66 10172 65 10429 64 10685 64 10942 64 11198 66 11455 65 11711 65 11968 64 12225 63 12482 62 12740 60 12997 59 13254 58 13510 58 13767 57 14024 56 14280 56 14537 55 14793 55 15050 54 15308 52 15565 51 15824 48 16081 47 16338 46 16594 46 16850 46 17106 46 17362 46 17618 46 17874 46 18131 45 18387 45 18643 45 18900 44 19156 44 19413 43 19671 6 19681 31 19940 28 20203 21 20462 18 20719 15 20735 1 20976 13 21233 8 21491 2 24831 1 25085 3 25340 4 25596 4 25851 5 26107 5 26363 5 26619 5 26875 5 27131 2 27387 2 27643 1
000020,0 65536
409913,0 12 50 116 256 12 307 115 512 13 562 116 768 13 817 117 1024 13 1072 118 1280 12 1328 118 1536 12 1583 119 1792 12 1839 119 2048 12 2095 119 2304 12 2351 118 2560 12 2607 118 2816 12 2863 118 3072 12 3119 117 3328 11 3376 116 3584 11 3632 116 3840 11 3888 115 4096 11 4144 115 4352 10 4400 114 4608 10 4656 113 4864 9 4913 111 5120 9 5169 110 5376 8 5425 109 5632 7 5682 107 5888 6 5938 106 6145 3 6195 105 6451 104 6708 102 6965 100 7221 100 7478 98 7735 21 7760 49 7813 18 7993 18 8020 22 8044 20 8071 15 8250 16 8280 18 8301 18 8328 13 8509 11 8538 15 8557 17 8586 10 8795 13 8814 16 8844 7 9052 11 9070 15 9310 8 9327 14 9567 6 9583 13 9825 2 9840 12 10097 10 10354 8 10611 6 10869 3 26281 2 26536 6 26791 8 27047 9 27302 11 27558 12 27813 14 28069 14 28325 15 28580 17 28836 18 29091 26 29346 29 29602 31 29858 32 30113 34 30370 34 30626 34 30882 34 31139 33 31397 31 31654 30 31912 28 32169 27 32426 26 32683 25 32942 3 32953 11 33211 9 33468 6 33769 3 34024 5 34278 8 34534 9 34789 10 35045 11 35300 12 35556 12 35812 13 36067 14 36323 14 36579 14 36834 15 37090 15 37119 1 37345 15 37371 5 37601 14 37625 7 37857 13 37879 9 38112 12 38134 10 38295 5 38368 12 38389 11 38549 9 38625 10 38644 12 38803 12 38881 10 38900 12 39058 14 39138 8 39155 13 39313 16 39395 7 39410 14 39568 19 39652 5 39665 15 39824 20 39918 18 40079 23 40172 20 40253 2 40335 25 40427 21 40493 5 40506 8 40591 25 40683 21 40748 9 40758 17 40779 5 40847 26 40939 21 41003 40 41103 26 41195 21 41258 43 41358 27 41451 21 41514 45 41613 28 41707 21 41769 48 41862 35 41963 21 42025 60 42116 37 42219 21 42280 63 42371 38 42424 10 42475 21 42536 65 42626 39 42678 14 42731 21 42792 69 42881 40 42933 16 42987 21 43048 72 43137 40 43188 18 43242 22 43304 73 43392 41 43443 20 43498 22 43560 74 43648 41 43699 21 43754 22 43816 75 43903 43 43954 23 44009 23 44072 76 44159 43 44210 23 44265 23 44328 76 44415 44 44465 25 44520 24 44584 76 44671 45 44720 27 44776 24 44841 75 44928 75 45031 25 45097 75 45184 75 45286 26 45353 75 45440 76 45541 27 45609 75 45696 76 45796 28 45866 73 45953 76 46051 29 46122 73 46209 76 46306 30 46378 73 46465 77 46560 32 46634 72 46721 77 46815 33 46891 71 46977 78 47069 35 47147 71 47233 80 47323 37 47403 71 47489 82 47575 41 47659 71 47745 127 47915 72 48001 127 48172 71 48257 127 48428 72 48513 127 48684 73 48768 128 48940 74 49024 128 49196 75 49280 128 49452 76 49535 129 49709 76 49791 129 49922 11 49965 77 50046 145 50221 79 50301 149 50478 230 50735 232 50992 233 51249 233 51508 48 51560 179 51766 46 51816 179 52023 44 52072 179 52280 43 52328 180 52537 43 52583 181 52794 43 52838 182 53051 225 53307 225 53564 224 53821 223 54079 221 54336 220 54593 219 54849 220 55105 220 55361 220 55617 220 55873 220 56128 221 56384 221 56639 79 56722 139 56895 78 56979 79 57060 56 57150 78 57236 75 57318 54 57406 78 57493 72 57576 51 57662 78 57750 71 57833 50 57918 77 58007 69 58093 45 58174 77 58263 69 58351 43 58431 76 58520 68 58607 43 58687 76 58777 67 58863 43 58916 4 58943 76 59034 66 59118 44 59171 7 59200 75 59291 66 59374 45 59425 10 59456 76 59548 41 59594 20 59629 62 59712 76 59805 38 59852 19 59884 64 59968 77 60061 36 60109 19 60139 66 60223 78 60317 35 60366 19 60394 68 60467 6 60476 82 60573 34 60623 18 60650 164 60828 35 60881 16 60905 166 61083 35 61138 15 61161 166 61339 35 61395 14 61417 166 61594 36 61653 12 61672 167 61849 37 61909 13 61928 167 62104 38 62165 14 62183 168 62359 39 62420 187 62615 39 62675 187 62870 41 62929 189 63125 42 63184 189 63380 44 63438 190 63636 44 63693 191 63891 46 63948 191 64147 46 64203 192 64402 47 64458 192 64658 48 64713 192 64913 49 64969 191 65169 49 65225 190 65425 49 65481 55
544420,0 65536
962767,181 75 440 72 695 73 951 73 1207 73 1464 72 1720 72 1976 72 2232 72 2488 72 2744 72 3000 72 3074 1 3256 77 3513 76 3769 77 4026 76 4283 74 4540 73 4797 72 5054 70 5310 66 5567 65 5728 6 5823 65 5983 12 6080 64 6238 16 6336 64 6493 18 6592 64 6749 19 6849 63 7004 21 7105 63 7260 22 7361 63 7515 23 7617 63 7770 25 7873 63 8026 25 8128 64 8281 26 8384 64 8537 26 8641 63 8792 27 8897 63 9048 27 9153 63 9304 27 9409 63 9560 27 9665 63 9816 27 9921 63 10072 26 10177 63 10328 26 10433 63 10585 25 10690 62 10841 25 10946 62 11097 24 11202 62 11353 24 11459 61 11609 24 11715 61 11866 22 11972 60 12122 22 12228 60 12379 20 12485 59 12636 19 12741 59 12893 18 12998 58 13150 16 13255 57 13407 15 13513 55 13665 12 13778 46 13922 11 14037 43 14179 9 14294 42 14437 6 14552 40 14809 39 15066 38 15323 37 15580 36 15838 31 16096 24 16355 19 16613 15 16878 3 17264 6 17514 13 17768 16 18024 17 18279 18 18535 18 18791 17 19047 17 19151 6 19303 16 19405 9 19560 14 19660 12 19816 13 19915 14 20073 11 20170 17 20331 7 20425 19 20681 20 20937 22 21192 24 21448 24 21704 25 21960 26 22216 27 22473 27 22729 27 22985 28 23241 28 23497 28 23752 30 24008 30 24264 30 24520 30 24775 31 25031 31 25128 3 25287 32 25381 10 25543 32 25635 13 25799 32 25890 15 26055 33 26145 17 26312 32 26400 18 26434 16 26568 33 26656 18 26687 21 26825 32 26912 18 26942 23 27082 32 27167 19 27197 25 27339 31 27423 19 27452 27 27595 31 27679 19 27708 28 27852 30 27935 19 27963 29 28109 29 28191 18 28218 31 28366 28 28447 18 28473 32 28623 27 28703 18 28727 34 28881 25 28959 19 28979 39 29138 23 29214 60 29394 23 29470 60 29651 21 29725 61 29907 20 29981 61 30163 18 30237 60 30420 13 30493 10 30507 45 30677 9 30749 9 30763 38 30934 7 31006 7 31019 37 31192 2 31263 4 31275 36 31402 4 31531 36 31650 18 31788 34 31905 25 32043 35 32160 28 32299 35 32416 29 32555 34 32671 32 32809 36 32927 33 33060 40 33183 34 33314 42 33439 35 33569 42 33695 36 33824 42 33950 38 34079 42 34206 38 34334 43 34461 39 34589 44 34717 39 34844 45 34972 40 35100 46 35227 42 35355 50 35481 44 35611 53 35736 44 35866 55 35992 44 36122 56 36247 45 36378 56 36503 45 36634 56 36758 45 36890 56 37014 45 37146 55 37270 44 37402 54 37526 44 37658 52 37781 44 37915 49 38037 44 38171 48 38293 43 38428 46 38548 43 38655 1 38684 45 38803 43 38910 2 38941 43 39017 1 39058 43 39165 3 39198 42 39256 4 39270 7 39314 42 39420 4 39455 40 39510 8 39525 12 39570 42 39676 4 39712 38 39764 11 39779 19 39825 42 39932 4 39969 36 40019 40 40081 41 40187 5 40233 27 40274 42 40337 40 40443 5 40492 19 40530 43 40593 40 40699 5 40750 12 40786 44 40849 39 40954 6 41008 8 41043 44 41105 39 41210 6 41300 43 41361 39 41466 6 41558 42 41617 39 41723 5 41816 40 41874 38 41980 4 42073 40 42130 39 42237 3 42330 39 42387 38 42587 38 42643 38 42844 38 42900 37 43100 38 43156 38 43278 5 43355 40 43413 37 43533 7 43611 41 43670 36 43788 9 43867 42 43927 34 44043 10 44122 43 44184 6 44193 24 44298 12 44378 44 44451 22 44554 12 44606 4 44634 45 44709 19 44809 14 44850 19 44889 46 44966 17 45064 27 45094 33 45145 47 45223 13 45320 64 45401 48 45481 8 45575 65 45657 49 45830 67 45912 50 46086 67 46168 51 46341 68 46424 51 46596 69 46680 52 46851 71 46936 52 47079 10 47107 71 47191 53 47329 21 47363 71 47447 53 47583 25 47618 72 47702 54 47837 28 47874 71 47957 54 48092 30 48129 72 48212 54 48347 32 48384 73 48468 54 48602 33 48640 72 48723 54 48858 33 48896 72 48979 53 49114 33 49152 72 49235 52 49370 33 49408 71 49491 52 49626 33 49664 71 49747 51 49882 33 49921 69 50003 51 50139 31 50179 66 50259 50 50396 30 50437 63 50516 48 50653 29 50698 57 50772 47 50909 29 50956 51 51028 46 51166 28 51213 46 51283 46 51422 28 51470 39 51539 45 51678 28 51727 37 51795 44 51934 28 51984 35 52051 42 52190 28 52242 30 52307 41 52445 29 52503 23 52563 40 52701 28 52761 20 52819 39 52956 29 53019 18 53075 38 53211 29 53276 16 53331 37 53467 28 53533 13 53588 35 53722 28 53790 5 53844 35 53978 27 54101 32 54234 25 54358 30 54490 23 54615 27 54746 21 54872 25 55002 19 55130 22 55259 16 55390 17 55515 15 55648 15 55772 13 55905 15 56029 11 56162 14 56287 7 56418 15 56675 14 56931 14 57188 12 57444 11 57517 9 57702 8 57770 15 57962 1 58024 18 58276 23 58524 31 58624 3 58779 33 58880 6 59034 34 59136 10 59289 36 59392 14 59545 38 59648 16 59801 40 59904 17 60057 42 60160 17 60312 44 60416 18 60568 45 60672 18 60824 45 60928 18 61080 46 61184 18 61336 46 61440 17 61592 46 61696 17 61848 46 61952 16 62104 46 62208 15 62360 46 62464 15 62616 46 62720 14 62872 45 62976 14 63128 45 63232 14 63384 44 63488 13 63640 43 63744 13 63897 41 64000 13 64153 40 64256 13 64410 37 64512 13 64666 36 64768 13 64923 34 65024 12 65179 32 65280 12 65436 24
976097, 
000033, 
000091, 
474754,44510 8 44763 12 45007 24 45260 28 45515 29 45770 30 46025 32 46280 34 46372 4 46536 36 46626 7 46791 39 46879 11 47047 41 47134 13 47302 43 47388 15 47558 44 47643 16 47814 45 47897 19 48069 48 48131 5 48152 20 48325 49 48385 10 48407 21 48580 52 48640 14 48662 22 48836 53 48896 17 48917 23 49091 55 49152 44 49346 57 49408 44 49601 59 49664 44 49857 60 49920 44 50112 107 50367 99 50471 3 50622 99 50877 100 51132 101 51388 101 51643 102 51898 103 52153 105 52408 106 52662 108 52917 109 53171 111 53426 112 53681 113 53937 112 54192 113 54448 113 54703 114 54959 114 55081 6 55214 133 55469 136 55724 139 55980 141 56235 143 56490 145 56745 147 57000 104 57107 41 57255 104 57365 6 57376 28 57511 103 57633 27 57766 103 57889 28 58004 7 58021 104 58145 28 58258 10 58277 103 58401 28 58512 13 58532 104 58656 30 58766 16 58788 103 58912 32 59020 20 59042 105 59168 38 59274 130 59423 41 59529 131 59679 42 59785 131 59935 43 60041 132 60191 44 60296 133 60447 44 60552 134 60703 45 60807 135 60959 45 61063 135 61215 45 61318 136 61472 45 61572 138 61728 45 61827 139 61984 45 62082 141 62240 45 62337 142 62496 45 62592 128 62721 15 62752 45 62847 129 62978 15 63008 45 63091 141 63235 14 63264 46 63313 4 63345 143 63491 15 63520 46 63567 8 63600 144 63747 16 63776 56 63856 144 64004 15 64032 56 64111 145 64260 15 64288 57 64367 145 64515 16 64544 57 64623 145 64770 17 64800 58 64879 164 65057 57 65135 164 65313 57 65391 145
255544,0 18176 18177 255 18434 254 18690 254 18947 253 19203 253 19459 253 19715 253 19972 252 20228 252 20484 252 20741 251 20997 251 21254 250 21510 250 21766 250 22023 249 22279 249 22535 249 22791 249 23048 248 23304 248 23561 247 23817 247 24073 247 24330 246 24586 246 24843 245 25099 245 25356 244 25612 244 25868 244 26125 243 26381 243 26637 243 26894 242 27150 242 27406 242 27663 241 27919 241 28175 241 28432 240 28688 240 28944 240 29200 240 29457 239 29713 239 29969 239 30226 238 30482 238 30739 237 30995 237 31251 237 31508 236 31764 236 32020 236 32277 235 32533 235 32789 235 33045 235 33302 234 33558 234 33814 234 34071 233 34327 233 34583 233 34839 233 35096 232 35352 232 35609 231 35865 231 36121 231 36378 230 36634 230 36891 229 37147 229 37403 229 37660 228 37916 228 38172 228 38429 227 38685 227 38941 227 39197 227 39454 226 39710 226 39966 226 40223 225 40479 225 40735 225 40991 225 41248 224 41504 224 41760 224 42017 223 42273 223 42530 222 42786 222 43042 222 43299 221 43555 221 43812 220 44068 220 44324 220 44581 219 44837 219 45093 219 45350 218 45606 218 45862 218 46119 217 46375 217 46631 217 46888 216 47144 216 47400 216 47657 215 47913 215 48170 214 48426 214 48682 214 48939 213 49195 213 49452 212 49708 212 49964 212 50221 211 50477 211 50733 211 50989 211 51246 210 51502 210 51758 210 52014 210 52271 209 52527 209 52783 209 53039 209 53296 208 53552 208 53808 208 54064 208 54321 207 54577 207 54833 207 55090 206 55346 206 55603 205 55859 205 56115 205 56371 205 56628 204 56884 204 57141 203 57397 203 57653 203 57909 203 58166 202 58422 202 58678 202 58935 201 59191 201 59447 201 59703 201 59960 200 60216 200 60472 200 60729 199 60985 199 61241 199 61498 198 61754 198 62010 198 62267 197 62523 197 62779 197 63036 196 63292 196 63548 196 63805 195 64061 195 64317 195 64573 195 64830 194 65086 194 65342 194
158770,3 114 259 113 515 114 771 114 1027 115 1206 2 1284 114 1460 10 1481 10 1541 113 1715 34 1798 112 1970 37 2054 112 2225 39 2311 110 2480 42 2568 109 2736 43 2825 108 2991 45 3082 106 3246 47 3339 5 3348 96 3501 49 3595 5 3603 97 3756 51 3836 2 3839 1 3851 5 3859 97 4011 52 4091 5 4106 106 4265 55 4346 6 4362 105 4519 57 4601 7 4618 105 4773 59 4857 7 4867 2 4874 105 5027 61 5113 7 5122 3 5130 104 5283 61 5368 8 5377 5 5386 103 5538 62 5624 14 5642 102 5794 62 5880 14 5899 101 6050 62 6136 14 6155 100 6306 61 6392 6 6399 8 6410 101 6562 60 6648 5 6656 7 6666 101 6818 59 6904 5 6912 111 7074 57 7161 4 7168 111 7330 54 7424 111 7585 54 7680 111 7841 53 7936 39 7977 70 8097 52 8192 39 8234 69 8353 52 8448 39 8491 68 8609 52 8704 40 8747 68 8866 51 8960 40 9004 68 9122 51 9216 41 9260 68 9378 51 9472 41 9517 68 9635 50 9728 41 9773 68 9891 50 9984 42 10029 68 10148 49 10240 42 10286 68 10406 47 10496 42 10542 68 10668 41 10752 43 10797 69 10926 39 11008 114 11183 38 11264 114 11440 37 11520 114 11697 36 11776 114 11955 34 12032 114 12213 2 12221 24 12273 2 12288 114 12479 22 12525 9 12544 114 12735 23 12779 14 12800 114 12992 22 13034 19 13055 115 13249 21 13289 137 13506 20 13545 137 13763 18 13800 138 14020 17 14056 139 14277 15 14312 138 14536 11 14568 138 14824 138 15080 55 15140 78 15336 51 15398 75 15591 51 15655 74 15846 52 15911 73 16024 6 16101 54 16167 72 16278 16 16356 58 16423 71 16533 18 16611 62 16678 71 16789 19 16830 5 16866 138 17045 19 17085 8 17121 138 17300 20 17340 9 17376 138 17556 21 17594 12 17632 137 17812 21 17849 14 17888 135 18068 21 18104 16 18143 134 18325 20 18359 17 18399 131 18581 20 18613 20 18655 130 18837 20 18867 23 18911 95 19011 29 19094 18 19121 25 19167 91 19268 27 19351 16 19375 28 19423 90 19524 26 19607 15 19630 30 19680 89 19780 25 19865 11 19886 30 19936 89 20036 24 20122 7 20142 31 20193 89 20292 22 20398 31 20450 91 20548 21 20654 31 20706 93 20804 20 20911 30 20963 94 21059 20 21167 30 21219 115 21424 29 21474 116 21681 28 21730 116 21937 28 21986 116 22194 27 22242 117 22451 26 22498 118 22707 25 22754 118 22964 24 23010 119 23221 23 23267 118 23478 22 23523 118 23735 21 23779 118 23992 20 24036 117 24249 20 24293 116 24507 19 24550 115 24771 11 24808 113 25028 10 25069 108 25285 9 25327 106 25541 8 25583 106 25798 5 25840 105 26096 105 26352 105 26608 105 26865 104 27121 104 27377 104 27633 104 27889 103 28145 103 28263 5 28401 102 28516 11 28658 101 28771 13 28915 99 29026 16 29171 98 29281 18 29427 96 29536 20 29603 4 29683 95 29792 20 29858 7 29939 94 30048 21 30113 9 30193 96 30304 21 30369 9 30448 96 30560 21 30624 11 30688 112 30816 21 30880 11 30942 114 31072 21 31136 12 31197 114 31329 20 31392 13 31452 115 31585 20 31647 15 31707 115 31842 19 31902 17 31963 115 32098 19 32157 18 32219 114 32355 18 32406 26 32475 113 32612 17 32659 29 32731 112 32868 17 32914 30 32988 111 33125 16 33168 32 33245 109 33382 14 33423 33 33501 108 33640 11 33678 34 33758 70 33832 32 33899 7 33933 35 34015 68 34089 30 34189 35 34272 66 34347 12 34370 1 34444 36 34528 66 34700 37 34784 65 34955 39 35040 64 35211 41 35296 63 35466 45 35552 62 35722 50 35809 61 35978 53 36065 60 36233 55 36321 61 36489 56 36577 61 36745 56 36834 60 37001 57 37091 59 37256 59 37348 58 37512 59 37605 57 37768 60 37862 56 38024 61 38119 55 38280 63 38376 53 38536 65 38632 53 38792 67 38889 51 39048 67 39146 50 39304 68 39402 49 39560 68 39659 47 39816 68 39915 47 40072 69 40172 46 40329 68 40429 44 40585 68 40686 43 40842 67 40943 41 41098 68 41178 7 41202 38 41355 67 41433 9 41459 37 41612 67 41688 11 41715 37 41868 67 41943 12 41971 38 42124 69 42198 14 42227 39 42380 70 42453 15 42482 41 42636 90 42735 45 42892 144 43147 146 43403 146 43642 5 43659 147 43896 9 43915 148 44151 11 44170 150 44407 14 44425 152 44662 172 44918 172 45173 174 45428 175 45683 177 45936 105 46045 72 46138 10 46189 107 46304 102 46444 107 46562 101 46699 108 46819 102 46954 108 47075 103 47209 108 47332 103 47464 108 47588 104 47718 110 47844 105 47971 113 48100 105 48224 116 48356 106 48479 117 48612 107 48733 120 48867 108 48988 121 49123 109 49243 122 49378 111 49498 123 49634 111 49753 125 49889 113 50008 126 50145 114 50263 127 50400 115 50518 128 50656 246 50912 60 50977 181 51167 59 51234 180 51423 58 51490 180 51679 56 51747 179 51935 42 52003 179 52190 41 52259 48 52309 129 52446 34 52482 2 52516 46 52566 128 52703 33 52772 45 52823 127 52959 33 53029 43 53080 126 53215 33 53285 42 53338 12 53362 100 53471 33 53542 40 53596 5 53621 96 53727 33 53798 39 53879 94 53983 33 54055 38 54137 92 54239 33 54312 36 54358 6 54394 91 54495 33 54568 36 54612 10 54652 89 54751 33 54825 35 54867 12 54912 85 55007 33 55082 34 55121 16 55171 82 55263 33 55338 34 55376 19 55428 81 55519 33 55595 58 55685 80 55775 33 55851 60 55942 80 56032 32 56108 60 56198 80 56289 31 56365 60 56455 79 56546 30 56622 60 56711 79 56803 29 56879 59 56967 78 57060 28 57136 58 57223 78 57317 27 57393 57 57479 78 57575 25 57618 4 57650 56 57735 77 57832 24 57868 12 57907 55 57991 77 58089 23 58122 15 58164 54 58246 77 58345 23 58377 16 58421 52 58502 76 58601 23 58632 17 58678 51 58757 75 58857 23 58888 16 58935 48 59013 72 59113 21 59135 1 59144 16 59197 41 59269 65 59369 20 59399 17 59456 36 59525 57 59625 14 59656 15 59713 33 59781 54 59882 11 59912 15 59970 30 60038 50 60140 6 60155 2 60168 14 60227 26 60295 42 60410 3 60415 1 60424 13 60484 24 60553 39 60665 5 60671 1 60680 11 60742 21 60810 37 60921 7 60936 10 61004 15 61068 34 61177 7 61192 9 61262 12 61325 33 61433 7 61448 9 61519 10 61584 29 61690 6 61704 8 61777 7 61842 27 61947 5 61960 8 62099 25 62203 5 62215 9 62356 23 62459 5 62471 10 62613 21 62716 4 62726 11 62869 20 62972 4 62982 12 63126 18 63228 4 63238 12 63383 15 63485 3 63495 11 63640 12 63742 2 63753 8 63898 7 63999 1 64255 1
688285,13 150 172 84 270 150 427 85 526 242 782 242 1038 242 1295 241 1551 241 1807 241 2063 241 2319 241 2575 241 2831 241 3087 241 3343 241 3599 241 3855 241 4111 241 4368 240 4624 240 4880 240 5136 240 5392 240 5648 240 5904 240 6160 240 6416 240 6672 240 6928 240 7185 239 7441 239 7697 239 7953 239 8210 238 8466 238 8722 238 8979 237 9235 237 9491 237 9747 237 10004 236 10260 236 10516 236 10772 236 11028 236 11284 236 11541 235 11797 235 12053 235 12310 234 12566 234 12822 234 13079 233 13335 190 13528 40 13591 190 13785 39 13847 190 14041 39 14103 190 14298 38 14359 191 14555 37 14615 191 14811 37 14872 190 15068 36 15128 191 15325 35 15384 192 15582 34 15640 192 15839 33 15896 193 16098 30 16152 193 16359 25 16409 193 16622 18 16665 193 16880 16 16921 193 17136 16 17177 193 17392 16 17434 193 17648 16 17690 193 17904 16 17946 194 18161 15 18202 194 18417 15 18459 193 18675 11 18687 1 18715 194 18938 4 18971 194 19195 2 19227 193 19452 1 19484 192 19708 1 19740 192 19996 191 20252 191 20508 191 20764 190 21021 189 21277 189 21533 189 21756 1 21789 167 21961 17 22012 1 22046 165 22219 15 22267 2 22302 163 22476 14 22523 2 22558 162 22732 14 22778 4 22783 1 22814 162 22988 14 23025 1 23032 8 23071 160 23245 13 23278 18 23327 160 23501 13 23532 20 23583 159 23757 13 23787 21 23839 159 24013 12 24042 22 24095 158 24269 12 24297 23 24351 158 24525 12 24553 23 24607 157 24781 12 24808 24 24864 155 25038 11 25064 24 25120 155 25294 11 25320 24 25376 154 25550 11 25575 25 25632 154 25807 10 25831 25 25889 153 26063 10 26086 26 26145 152 26319 10 26341 27 26401 152 26576 9 26594 30 26658 151 26832 10 26848 32 26914 151 27089 9 27103 33 27170 151 27345 10 27359 33 27427 149 27602 10 27615 33 27683 149 27859 45 27939 149 28115 45 28195 148 28371 45 28451 148 28626 46 28708 146 28881 47 28964 146 29137 47 29220 146 29392 48 29476 146 29647 49 29732 146 29903 49 29988 146 30158 50 30245 145 30414 50 30501 145 30670 50 30757 145 30926 50 31013 145 31182 50 31270 145 31438 50 31526 145 31694 50 31782 146 31950 50 32039 145 32205 51 32295 146 32461 51 32551 146 32717 51 32807 146 32972 52 33064 145 33228 52 33320 145 33483 53 33576 145 33739 53 33832 145 33995 53 34088 145 34251 53 34344 145 34507 53 34601 143 34763 53 34857 143 35019 53 35113 143 35274 54 35369 143 35529 55 35625 143 35785 55 35882 142 36040 56 36138 142 36295 57 36394 143 36551 57 36650 143 36806 58 36907 142 37062 58 37163 142 37317 59 37419 142 37573 59 37675 141 37829 59 37931 141 38085 59 38187 141 38341 59 38443 141 38596 60 38700 140 38852 60 38956 140 39108 60 39212 140 39364 60 39468 140 39620 58 39679 1 39724 141 39876 58 39981 140 40132 49 40184 6 40237 140 40388 47 40441 5 40493 141 40644 46 40698 4 40749 141 40900 45 40954 4 41006 140 41155 45 41210 4 41215 1 41262 141 41410 44 41466 4 41471 1 41518 141 41665 44 41722 4 41727 1 41775 141 41919 44 41978 4 41983 1 42031 186 42234 4 42287 184 42491 2 42544 182 42748 1 42800 181 43004 1 43056 180 43312 179 43568 179 43824 180 44080 180 44337 180 44593 181 44849 182 45105 182 45361 182 45618 181 45874 181 46130 181 46386 181 46643 181 46899 181 47155 182 47411 183 47668 184 47924 184 48180 185 48436 185 48693 184 48949 184 49205 183 49462 181 49718 180 49974 176 50231 171 50488 168 50744 167 51000 166 51257 165 51513 165 51769 165 52025 165 52281 165 52537 165 52793 165 53049 165 53306 164 53562 164 53818 163 54074 163 54330 161 54587 158 54843 156 55099 155 55356 154 55612 153 55804 1 55868 153 56060 1 56125 152 56315 2 56381 152 56571 2 56637 152 56827 2 56893 152 57083 3 57149 152 57338 4 57405 152 57594 4 57661 152 57850 4 57855 1 57917 152 58105 5 58111 1 58173 151 58361 5 58367 1 58429 151 58616 6 58623 1 58686 149 58872 6 58879 1 58942 149 59128 8 59198 148 59384 8 59455 146 59640 8 59711 145 59895 9 59967 145 60151 9 60224 143 60407 9 60480 142 60662 10 60736 141 60918 10 60992 141 61173 11 61248 140 61429 11 61504 139 61684 12 61760 137 61940 12 62016 135 62195 13 62272 134 62451 13 62528 133 62707 13 62784 132 62964 12 63040 131 63221 11 63296 131 63477 11 63553 130 63734 10 63809 130 63990 8 63999 1 64065 130 64243 11 64321 132 64494 16 64577 134 64748 18 64834 127 65014 7 65090 125 65346 124 65535 1
680771,0 65536
000076,0 65536
596931,0 192 199 183 393 55 455 185 642 62 711 249 967 249 1223 249 1479 249 1735 249 1992 249 2248 249 2504 195 2702 52 2759 54 2816 138 2960 52 3013 47 3072 137 3216 99 3328 136 3472 99 3584 136 3729 98 3840 136 3985 99 4096 136 4241 99 4352 137 4497 99 4608 137 4753 99 4864 137 5009 99 5120 138 5265 98 5376 138 5521 98 5632 138 5778 98 5888 139 6033 99 6144 139 6289 100 6399 141 6544 101 6655 246 6909 207 7118 39 7164 208 7374 39 7420 208 7631 38 7676 208 7887 38 7932 208 8143 37 8188 209 8399 37 8444 210 8655 37 8700 247 8956 247 9212 246 9468 246 9724 245 9979 55 10038 186 10235 54 10295 184 10490 54 10551 184 10745 55 10807 183 11000 56 11063 183 11255 57 11318 184 11510 60 11572 186 11765 216 11984 30 12020 216 12241 28 12275 216 12497 28 12530 51 12584 162 12754 27 12785 50 12840 161 13011 26 13041 49 13097 159 13268 25 13296 49 13353 157 13525 23 13552 48 13609 105 13716 49 13790 13 13808 47 13865 104 13973 47 14048 10 14065 46 14121 104 14230 46 14305 8 14321 46 14377 103 14486 45 14563 4 14578 44 14633 102 14742 45 14835 43 14888 103 14998 44 15091 44 15143 104 15255 43 15347 44 15398 104 15511 42 15603 45 15653 105 15769 39 15859 155 16026 36 16114 157 16284 26 16370 157 16541 24 16625 159 16798 24 16880 161 17055 26 17135 163 17312 26 17390 164 17569 26 17645 166 17826 25 17899 168 18084 23 18153 144 18302 21 18341 22 18408 144 18559 20 18597 22 18662 144 18816 19 18852 23 18918 143 19073 18 19108 22 19173 143 19329 17 19363 23 19429 142 19586 16 19618 23 19685 140 19843 14 19874 21 19941 139 20099 14 20129 10 20197 137 20356 12 20386 7 20453 135 20613 9 20642 6 20709 133 20871 5 20899 4 20964 133 21155 3 21220 133 21475 133 21731 132 21986 132 22242 131 22497 132 22694 1 22752 133 22899 6 22949 5 23006 135 23153 10 23204 8 23256 141 23408 13 23460 9 23509 144 23663 15 23716 10 23765 144 23919 15 23971 13 24020 144 24174 17 24227 15 24276 126 24407 13 24429 18 24483 17 24532 126 24667 9 24685 19 24739 19 24789 125 24927 7 24939 22 24995 20 25046 124 25184 35 25250 22 25302 125 25439 37 25506 23 25559 125 25694 39 25761 24 25816 124 25949 41 26016 26 26072 125 26205 42 26271 27 26328 126 26459 45 26525 29 26584 177 26780 31 26840 23 26866 152 27036 32 27096 22 27124 151 27291 36 27352 22 27382 150 27547 38 27607 23 27648 141 27803 40 27862 24 27904 142 28059 41 28117 25 28160 142 28315 41 28372 27 28416 142 28570 43 28626 29 28672 142 28826 44 28881 30 28928 142 29082 45 29135 32 29184 141 29337 47 29389 34 29436 1 29440 35 29481 100 29593 86 29684 9 29695 32 29741 96 29848 88 29937 13 29951 30 29998 95 30104 132 30255 93 30359 132 30512 92 30615 132 30768 93 30871 132 31025 92 31126 134 31281 92 31382 134 31537 93 31638 135 31793 94 31893 136 32049 94 32149 136 32305 96 32405 136 32562 96 32660 137 32818 235 33074 236 33330 164 33500 66 33585 164 33757 65 33841 164 34014 65 34097 164 34270 65 34353 164 34527 65 34609 164 34783 65 34865 164 35039 66 35121 164 35295 66 35377 144 35530 12 35550 68 35632 29 35663 110 35789 10 35805 69 35886 30 35921 107 36046 11 36059 72 36137 34 36178 106 36303 123 36435 105 36560 120 36691 105 36816 117 36947 105 37072 114 37202 107 37328 113 37458 108 37583 114 37713 110 37838 115 37968 112 38092 117 38224 113 38344 121 38480 115 38598 123 38735 242 38991 243 39247 243 39502 245 39758 245 40013 248 40267 4151 44423 250 44681 247 44938 246 45194 246 45450 245 45706 244 45962 244 46218 196 46422 40 46474 195 46679 38 46729 195 46936 37 46985 195 47192 37 47241 195 47448 37 47497 34 47534 159 47704 38 47753 32 47792 78 47871 78 47960 38 48009 31 48050 75 48128 31 48164 43 48216 38 48265 30 48309 72 48384 30 48420 44 48471 39 48521 29 48567 69 48640 29 48677 46 48726 41 48778 27 48824 68 48896 29 48933 90 49034 26 49080 68 49152 28 49189 90 49290 24 49337 68 49408 27 49445 91 49546 23 49593 69 49663 26 49700 92 49802 21 49849 92 49956 92 50057 14 50105 90 50211 93 50312 13 50360 90 50467 94 50567 12 50612 42 50662 44 50722 95 50823 11 50867 42 50919 42 50978 96 51079 11 51122 42 51175 42 51233 98 51335 10 51378 42 51431 41 51489 99 51592 8 51633 43 51687 40 51745 99 51851 3 51889 43 51943 39 52000 99 52146 43 52199 39 52256 99 52402 43 52454 41 52512 99 52659 44 52709 42 52768 99 52917 44 52963 40 53024 99 53173 75 53249 8 53279 100 53430 74 53506 6 53535 100 53687 73 53763 4 53791 100 53943 10 53956 60 54047 100 54200 8 54213 59 54303 100 54458 5 54470 58 54558 101 54716 1 54726 58 54814 101 54982 58 55069 102 55238 58 55324 103 55494 58 55579 104 55750 58 55834 104 56006 58 56089 105 56262 58 56323 1 56343 107 56518 58 56579 1 56598 107 56775 57 56834 3 56853 108 57031 57 57089 5 57108 95 57206 10 57288 64 57363 90 57464 8 57544 66 57618 88 57721 6 57799 69 57873 88 57977 5 58015 10 58055 70 58129 86 58234 3 58268 21 58308 73 58387 82 58490 2 58522 31 58560 77 58644 79 58776 117 58901 77 59024 124 59158 75 59257 1 59277 127 59415 73 59512 3 59532 127 59672 70 59768 4 59787 128 59928 69 60023 7 60042 129 60185 66 60279 8 60297 131 60442 64 60534 150 60699 62 60790 151 60957 59 61046 152 61213 57 61301 154 61469 53 61557 139 61697 16 61725 48 61812 140 61953 18 61981 45 62067 141 62209 20 62237 44 62321 143 62466 20 62492 43 62551 5 62569 151 62721 22 62748 42 62806 10 62823 153 62977 24 63002 43 63061 239 63317 238 63573 237 63829 237 64085 236 64340 237 64596 237 64852 237 65108 236 65364 172
142027,2 11 258 12 514 12 768 15 1024 16 1097 4 1280 17 1352 7 1536 19 1607 10 1792 20 1861 13 2048 21 2116 15 2304 22 2367 21 2560 23 2619 25 2816 24 2873 28 3072 24 3128 30 3328 24 3383 31 3584 24 3638 33 3840 24 3894 34 4096 24 4150 34 4352 24 4406 35 4608 24 4662 36 4864 24 4918 37 5120 23 5174 37 5376 22 5430 37 5632 22 5687 37 5888 21 5943 37 6144 21 6199 37 6400 21 6455 37 6656 20 6711 37 6912 20 6966 37 7168 19 7221 38 7424 18 7477 37 7680 16 7732 38 7936 15 7987 38 8192 14 8242 39 8448 13 8498 38 8704 13 8753 38 8960 12 9008 39 9186 8 9216 12 9264 38 9440 12 9472 11 9519 37 9694 19 9728 10 9775 36 9949 24 9984 9 10031 35 10204 27 10240 8 10287 33 10459 30 10496 7 10542 33 10715 42 10798 32 10970 38 11010 1 11054 30 11226 38 11310 29 11481 39 11565 29 11737 39 11821 27 11992 40 12077 26 12248 40 12334 23 12503 41 12590 22 12759 41 12847 19 13014 42 13105 16 13270 42 13364 10 13525 43 13780 44 14036 44 14291 45 14546 46 14802 46 14914 4 15057 47 15167 8 15312 48 15417 15 15568 48 15651 4 15670 19 15823 49 15906 7 15924 22 16079 49 16160 10 16179 25 16335 49 16415 12 16434 28 16590 50 16669 15 16689 31 16846 50 16915 26 16944 33 17102 50 17158 7 17169 65 17359 49 17411 80 17615 133 17872 134 18128 136 18386 136 18643 136 18901 134 19157 135 19413 135 19669 135 19925 135 20180 135 20435 136 20690 136 20945 137 21200 137 21456 136 21711 136 21859 4 21966 135 22114 6 22222 119 22343 13 22369 8 22477 120 22601 8 22624 10 22732 120 22858 7 22879 11 22988 120 23115 6 23134 13 23243 121 23371 6 23389 14 23498 54 23553 67 23627 8 23643 16 23754 54 23811 64 23882 12 23897 19 24009 55 24068 63 24138 34 24265 55 24325 62 24393 36 24521 55 24583 61 24649 37 24776 56 24860 41 24903 40 25032 56 25121 82 25288 56 25379 81 25544 56 25636 81 25799 57 25893 81 26002 6 26054 58 26150 80 26256 10 26306 60 26406 79 26511 12 26558 63 26663 77 26765 16 26812 64 26919 76 27020 18 27067 64 27176 75 27275 19 27322 64 27432 74 27530 21 27577 64 27688 74 27785 23 27832 65 27945 72 28040 24 28088 64 28201 72 28296 25 28343 65 28457 71 28552 25 28598 65 28713 69 28808 26 28853 66 28969 67 29064 26 29108 66 29225 66 29320 27 29364 65 29481 65 29576 27 29618 65 29737 64 29833 27 29872 61 29993 63 30089 28 30125 63 30249 62 30345 30 30377 66 30505 61 30601 97 30762 51 30818 1 30857 96 31018 49 31113 96 31274 48 31369 95 31530 47 31626 93 31786 46 31882 93 32043 44 32139 92 32299 43 32395 92 32556 41 32652 68 32724 19 32812 40 32908 11 32921 54 32981 18 33068 37 33164 10 33177 53 33238 17 33325 34 33420 10 33432 53 33495 15 33581 33 33676 64 33751 15 33837 31 33932 63 34007 15 34093 30 34188 60 34262 16 34349 29 34443 52 34518 16 34606 27 34694 56 34774 16 34862 26 34949 56 35029 17 35118 25 35204 55 35285 17 35374 24 35414 4 35460 51 35541 17 35630 24 35668 8 35716 48 35797 17 35887 22 35923 10 35972 48 36052 18 36144 21 36178 12 36228 48 36308 18 36400 20 36433 14 36484 47 36564 18 36657 18 36688 17 36740 47 36820 18 36914 16 36944 18 36997 46 37076 17 37172 9 37199 28 37253 46 37333 16 37430 3 37454 31 37509 46 37589 15 37709 32 37766 45 37846 13 37965 33 38022 45 38103 12 38220 35 38279 44 38361 8 38475 36 38536 43 38620 3 38729 38 38792 43 38984 39 39048 42 39238 41 39304 42 39493 42 39560 42 39747 44 39815 42 40003 44 40071 41 40258 45 40326 41 40513 46 40582 40 40678 7 40769 45 40838 39 40932 10 41024 46 41094 39 41186 13 41280 46 41349 39 41441 15 41536 46 41605 39 41697 16 41792 45 41861 38 41953 17 42048 45 42117 38 42208 19 42304 44 42373 38 42464 21 42561 43 42628 39 42720 22 42817 42 42884 38 42975 23 43073 42 43139 39 43230 25 43330 40 43380 5 43394 40 43485 26 43586 40 43635 9 43649 41 43741 26 43843 38 43891 54 43996 27 44100 36 44146 54 44251 28 44357 33 44402 53 44507 28 44614 30 44658 52 44762 29 44871 19 44914 50 45018 29 45129 16 45170 49 45274 29 45388 11 45426 48 45529 30 45682 47 45785 30 45938 32 45975 8 46040 31 46194 31 46296 31 46450 31 46552 31 46707 29 46810 30 46963 29 47069 27 47220 27 47329 24 47457 6 47476 27 47586 23 47711 10 47733 25 47843 22 47966 14 47989 23 48100 22 48221 21 48245 20 48356 22 48476 43 48612 21 48732 42 48868 21 48988 41 49125 20 49244 39 49381 20 49500 36 49637 19 49757 31 49893 19 50013 31 50149 19 50269 31 50406 17 50526 30 50662 17 50783 30 50919 16 51040 29 51175 15 51297 28 51432 14 51555 26 51689 12 51812 25 51946 11 52069 24 52203 9 52327 22 52461 6 52584 21 52841 19 52997 6 53099 17 53248 13 53311 3 53358 14 53504 14 53563 10 53618 9 53760 15 53817 13 53876 6 54016 15 54072 16 54134 2 54272 16 54326 19 54528 17 54553 5 54572 30 54784 17 54808 8 54826 32 55040 17 55063 11 55081 34 55296 18 55318 14 55335 37 55552 19 55573 55 55808 76 56064 77 56320 77 56576 77 56832 77 57088 77 57344 77 57600 76 57856 76 58112 75 58368 75 58624 74 58807 3 58821 4 58880 74 59061 9 59074 9 59136 74 59315 26 59392 74 59570 28 59648 74 59825 30 59904 74 60080 32 60160 74 60335 34 60416 74 60591 34 60672 74 60846 36 60928 74 61102 36 61184 74 61358 36 61440 74 61614 37 61696 74 61870 37 61952 74 62126 37 62208 74 62383 36 62464 74 62639 36 62720 75 62895 36 62976 6 62984 67 63151 35 63232 5 63242 65 63407 35 63488 5 63499 64 63663 34 63744 5 63756 63 63919 34 64000 6 64012 63 64174 34 64256 6 64269 62 64430 33 64512 8 64526 60 64685 34 64768 9 64783 58 64941 33 65024 9 65039 58 65197 32 65280 9 65296 56 65453 32
487629,0 13 32 13 62 63 150 119 288 12 319 51 372 6 407 118 543 14 575 60 662 120 798 15 831 60 917 121 1053 16 1087 60 1172 121 1308 17 1343 59 1427 121 1563 18 1600 57 1683 121 1818 18 1856 57 1938 121 2073 19 2113 55 2193 122 2327 21 2370 53 2449 122 2580 23 2626 47 2705 121 2834 24 2883 45 2960 122 3088 25 3139 44 3216 122 3343 25 3396 43 3472 121 3598 25 3653 41 3728 112 3841 6 3853 25 3909 41 3984 112 4109 24 4166 39 4240 112 4365 22 4423 38 4496 112 4621 20 4680 37 4752 112 4877 18 4937 36 5008 112 5133 16 5194 34 5264 112 5389 15 5453 32 5520 112 5645 14 5715 26 5775 113 5901 14 5973 24 6031 113 6157 14 6230 23 6286 114 6412 16 6487 23 6542 114 6668 17 6744 23 6797 115 6924 17 7001 24 7052 116 7179 19 7257 26 7307 117 7435 20 7514 26 7563 117 7692 19 7744 6 7771 26 7818 118 7948 19 7999 8 8027 27 8074 118 8205 17 8254 10 8284 26 8330 118 8463 15 8509 12 8540 27 8585 119 8725 8 8765 12 8796 28 8841 119 8984 3 9021 13 9052 28 9097 119 9277 13 9308 29 9352 120 9533 13 9565 29 9607 121 9789 14 9821 29 9862 122 10046 13 10078 29 10115 125 10303 12 10334 31 10367 129 10559 12 10591 161 10816 11 10848 160 11072 10 11105 159 11329 9 11361 159 11585 8 11618 158 11842 6 11875 157 12041 5 12131 157 12296 7 12388 156 12552 7 12644 156 12807 9 12901 155 13063 9 13159 153 13319 9 13416 152 13575 10 13673 151 13832 10 13929 151 14088 10 14185 151 14345 10 14441 151 14602 9 14698 150 14859 8 14954 150 15116 6 15210 150 15374 3 15467 149 15724 148 15981 147 16238 146 16495 145 16752 144 17008 144 17264 144 17520 144 17776 144 18031 145 18287 145 18542 146 18798 146 19053 147 19308 148 19564 148 19819 149 20075 149 20330 150 20586 150 20842 150 21098 150 21354 150 21610 150 21852 2 21865 151 22106 6 22120 152 22361 8 22374 154 22617 167 22872 168 23128 168 23384 168 23639 169 23895 169 24152 168 24408 168 24664 168 24921 167 25177 167 25433 167 25690 166 25946 166 26203 165 26459 165 26716 164 26972 164 27229 163 27486 162 27742 162 27999 161 28255 161 28512 160 28768 160 29024 160 29280 160 29537 159 29793 159 30049 159 30305 159 30561 159 30816 160 31072 160 31327 161 31582 162 31838 162 32093 163 32348 164 32602 166 32856 168 33111 169 33365 171 33621 171 33876 172 34132 172 34388 172 34644 172 34900 172 35157 171 35413 171 35671 169 35845 8 35929 167 36098 16 36192 182 36386 7 36450 183 36641 10 36707 185 36894 14 36963 202 37219 203 37476 202 37732 203 37989 202 38246 202 38503 201 38760 200 39020 197 39278 195 39535 194 39791 194 40047 194 40303 195 40559 195 40815 196 41072 196 41328 197 41585 199 41841 204 42098 205 42355 205 42613 203 42871 201 43128 200 43385 199 43643 197 43901 195 44159 59 44222 130 44420 50 44484 125 44678 47 44742 123 44934 45 44999 122 45190 45 45257 121 45447 43 45514 120 45703 43 45771 120 45959 43 46028 119 46215 43 46285 119 46471 43 46542 118 46727 43 46799 117 46983 43 47056 117 47238 45 47313 116 47492 47 47570 115 47739 4 47746 50 47827 114 47993 60 48084 36 48128 69 48248 61 48342 33 48384 69 48503 62 48601 29 48640 70 48759 62 48863 23 48896 70 49014 63 49121 20 49152 70 49270 63 49379 18 49408 70 49525 64 49636 16 49664 70 49780 64 49893 15 49920 71 50035 65 50150 13 50176 71 50290 65 50407 11 50432 71 50545 66 50664 8 50688 72 50800 67 50944 72 51056 67 51200 73 51312 67 51456 73 51567 68 51712 74 51823 68 51968 75 52079 68 52224 75 52335 68 52480 76 52591 68 52736 76 52847 68 52992 76 53103 69 53248 76 53358 70 53504 35 53543 37 53613 71 53760 33 53800 36 53868 72 54016 33 54056 36 54123 73 54272 33 54313 35 54379 74 54528 34 54569 35 54634 75 54784 35 54825 34 54889 76 55040 36 55080 35 55144 77 55296 75 55400 77 55552 74 55655 78 55808 74 55911 78 56064 73 56166 78 56320 72 56422 78 56576 49 56626 21 56677 79 56832 46 56886 16 56933 78 57088 43 57147 8 57188 79 57345 31 57381 4 57444 79 57699 79 57955 79 58210 79 58466 79 58722 79 58978 78 59235 77 59491 77 59748 76 60006 74 60268 69 60525 70 60782 71 61039 71 61296 71 61552 71 61809 71 62066 70 62323 69 62580 68 62837 67 63094 66 63352 64 63609 63 63867 60 64125 58 64381 58 64637 58 64893 58 65149 57 65406 56
442157,15 19 271 20 527 20 783 21 1040 19 1296 18 1553 16 1810 13 2067 9 2325 3 3363 2 3616 7 3871 8 4126 10 4380 13 4635 14 4890 16 5145 19 5401 23 5656 26 5912 27 6168 28 6424 28 6680 29 6816 2 6937 28 7071 4 7193 27 7327 4 7450 26 7584 3 7706 26 7840 3 7962 25 8096 5 8218 24 8352 7 8474 23 8608 10 8730 22 8863 12 8986 21 9119 14 9242 19 9374 16 9498 18 9630 18 9754 16 9886 19 10011 13 10141 20 10267 12 10397 21 10524 10 10653 21 10781 7 10909 21 11165 21 11421 21 11677 21 11933 21 12189 20 12445 20 12702 18 12958 18 13215 16 13472 15 13729 13 13986 11 14243 9 14501 5 32132 2 32350 4 32385 8 32605 7 32639 11 32860 9 32893 14 33115 10 33142 22 33370 12 33395 25 33626 12 33649 28 33882 12 33903 31 34138 12 34158 32 34395 10 34413 33 34652 8 34667 36 34910 4 34922 37 35178 37 35433 38 35689 38 35944 39 36200 39 36457 38 36713 38 36970 37 37227 35 37485 33 37748 26 38007 22 38264 21 38521 19 38778 18 39035 16 39292 14 39549 11 39806 9 40063 7 40321 2 51458 9 51712 12 51968 14 52224 14 52480 15 52736 16 52992 16 53248 17 53504 17 53760 17 54016 17 54272 17 54528 18 54784 17 55040 17 55296 17 55552 17 55808 16 56064 16 56320 15 56576 15 56832 14 57088 13 57344 12 57600 11 57856 10 58112 8 58368 6
933048,132 50 388 50 644 51 899 52 1155 52 1410 53 1666 54 1922 53 2177 54 2433 54 2689 53 2945 52 3201 50 3457 40 3713 38 3969 36 4225 26 4481 25 4737 25 4993 25 5250 25 5506 25 5762 25 6019 25 6276 25 6532 25 6789 25 7047 23 7304 22 7563 19 7821 16 8081 11 8340 7 8599 1 62358 5 62612 11 62867 14 63122 16 63378 17 63634 18 63889 19 64145 19 64401 20 64658 19 64914 19 65170 19 65427 18
000012,2679 7 2929 14 3183 17 3438 19 3694 19 3949 20 4205 20 4460 20 4716 20 4971 20 5227 19 5483 17 5739 16 5995 15 6252 13 6508 12 6765 10 7022 8 7279 5 12680 6 12933 12 13187 15 13442 16 13697 18 13953 18 14209 18 14465 18 14721 18 14977 18 15234 16 15492 13 15753 3 18579 4 18834 6 19090 6 19346 6 19603 3 21246 2 21501 3 21756 4 22012 4 22268 4 22524 4 22781 3 23039 1 32373 4 32598 6 32628 6 32851 11 32884 6 33102 18 33140 6 33355 21 33396 6 33610 22 33653 4 33866 22 34121 22 34377 21 34634 14 34891 9 35150 2 35687 3 35942 5 36198 5 36454 5 39757 3 40010 8 40265 10 40520 11 40775 13 41029 15 41284 16 41538 18 41793 19 42048 21 42303 22 42559 23 42814 25 43069 26 43324 28 43579 30 43834 31 44088 34 44343 35 44598 36 44854 37 45110 37 45365 38 45621 38 45878 37 46134 37 46390 37 46647 36 46867 4 46903 35 47121 7 47160 34 47376 8 47416 34 47632 9 47672 34 47888 9 47929 32 48144 9 48186 30 48400 9 48444 28 48657 7 48701 26 48913 7 48958 24 49170 5 49215 22 49426 5 49472 21 49683 3 49729 21 49985 21 50241 22 50496 24 50752 24 51007 25 51263 25 51518 26 51774 26 52030 26 52286 26 52542 26 52799 24 53055 24 53311 23 53567 22 53824 20 54015 1 54080 19 54265 7 54336 17 54520 8 54592 15 54775 9 54848 14 55031 9 55105 11 55157 3 55287 9 55361 10 55412 6 55543 7 55594 2 55618 9 55667 8 55799 6 55849 4 55874 8 55923 9 56057 3 56104 5 56132 5 56179 11 56360 6 56436 10 56617 4 56692 11 56874 2 56948 12 57204 12 57460 13 57716 13 57886 4 57971 15 58142 4 58227 16 58399 3 58483 16 58656 1 58739 17 58995 17 59251 18 59507 19 59764 18 60020 19 60169 5 60276 20 60424 8 60533 20 60679 10 60790 20 60934 13 61047 19 61189 16 61303 20 61444 20 61559 20 61698 25 61814 21 61952 31 62070 21 62208 33 62325 22 62464 34 62580 22 62720 35 62836 22 62976 36 63091 23 63232 37 63347 22 63488 38 63603 22 63744 39 63858 23 64000 40 64114 23 64256 41 64370 23 64512 42 64626 23 64768 43 64882 22 65024 43 65139 21 65280 43 65395 21
513583,27 30 172 53 283 30 428 53 539 30 684 53 793 33 938 57 1048 33 1194 58 1304 32 1450 59 1559 32 1706 59 1815 31 1961 61 2071 30 2216 62 2327 29 2470 65 2583 28 2725 67 2842 24 2980 69 3104 17 3235 74 3362 13 3491 16 3511 58 3583 1 3620 9 3747 15 3768 59 3837 3 4003 13 4024 61 4091 5 4259 11 4281 63 4346 10 4427 4 4516 9 4537 78 4682 8 4727 5 4773 7 4793 80 4937 13 4981 8 5030 4 5049 81 5192 21 5235 11 5304 83 5447 24 5490 13 5560 84 5690 3 5701 27 5745 15 5815 85 5944 6 5954 31 6000 17 6071 86 6199 42 6255 19 6326 87 6454 44 6510 21 6582 87 6709 45 6765 23 6839 86 6964 46 7021 24 7095 86 7220 46 7276 26 7351 87 7475 47 7532 27 7607 88 7731 47 7787 28 7864 72 7937 15 7987 47 8042 31 8120 72 8195 14 8242 48 8298 32 8376 72 8452 14 8498 47 8553 39 8632 72 8708 15 8753 48 8808 42 8889 19 8909 51 8964 16 9009 47 9064 44 9146 16 9168 48 9220 17 9264 48 9320 45 9402 15 9425 47 9475 19 9518 49 9575 46 9659 13 9681 47 9729 21 9773 50 9831 47 9916 11 9937 69 10028 50 10086 48 10174 8 10193 70 10284 50 10342 48 10450 69 10540 49 10597 50 10706 69 10796 48 10853 50 10963 68 11052 48 11108 51 11225 62 11308 48 11363 52 11482 60 11565 47 11618 53 11738 60 11821 47 11872 56 11995 59 12078 107 12251 59 12335 106 12508 57 12592 105 12764 57 12849 104 13021 56 13106 25 13133 74 13245 10 13277 55 13363 23 13390 69 13500 13 13534 54 13620 22 13647 66 13754 16 13791 17 13811 33 13876 22 13903 65 14009 18 14048 14 14069 31 14133 21 14160 64 14237 6 14265 19 14306 10 14328 27 14390 20 14416 63 14492 8 14520 21 14565 4 14588 2 14591 20 14646 19 14672 63 14748 9 14775 23 14849 18 14903 18 14929 61 15003 11 15031 24 15106 16 15148 3 15160 16 15185 15 15204 13 15224 23 15259 12 15286 26 15363 14 15395 3 15400 9 15418 13 15442 12 15464 6 15482 22 15514 14 15540 28 15621 11 15648 18 15675 11 15698 11 15740 22 15768 17 15795 30 15879 8 15902 21 15933 7 15955 9 15997 45 16049 32 16139 1 16157 22 16191 3 16213 4 16253 47 16302 35 16413 23 16510 83 16668 24 16766 83 16924 24 17022 84 17180 25 17277 84 17436 25 17533 84 17692 25 17787 86 17949 25 18041 88 18205 25 18294 91 18428 1 18461 25 18548 93 18718 25 18803 94 18974 25 19058 95 19231 24 19314 95 19488 23 19570 94 19744 22 19825 95 20001 21 20081 50 20134 42 20257 21 20338 45 20390 42 20514 20 20594 42 20646 42 20769 21 20851 39 20901 43 21024 22 21108 35 21156 43 21278 24 21366 30 21411 44 21533 25 21623 28 21665 46 21788 26 21880 26 21920 47 22043 27 22137 24 22176 46 22298 28 22393 23 22431 47 22554 29 22649 22 22687 47 22810 29 22904 23 22942 48 23065 30 23160 23 23198 47 23320 31 23415 24 23454 47 23538 5 23552 3 23575 33 23669 26 23710 46 23792 8 23808 6 23829 36 23924 28 23966 46 24021 5 24036 1 24045 12 24064 8 24083 39 24178 30 24223 44 24276 37 24320 10 24338 40 24431 34 24479 44 24531 39 24576 11 24593 42 24685 36 24736 43 24786 41 24832 12 24848 43 24940 38 24993 41 25041 43 25087 61 25194 41 25250 40 25296 108 25449 43 25507 39 25551 109 25703 46 25764 38 25806 111 25958 48 26021 152 26213 50 26279 150 26467 52 26544 142 26723 53 26803 140 26978 54 27061 140 27233 55 27319 142 27489 56 27577 142 27744 57 27842 134 28000 57 28098 135 28255 58 28354 135 28511 59 28610 135 28767 59 28865 137 29023 59 29121 137 29279 59 29377 137 29535 60 29632 139 29791 60 29888 139 30047 60 30144 140 30304 59 30400 141 30560 59 30656 142 30817 58 30912 144 31074 56 31169 144 31332 54 31425 75 31503 67 31590 52 31682 74 31760 68 31847 50 31939 73 32017 68 32104 49 32196 72 32275 67 32360 48 32453 72 32532 67 32616 47 32710 72 32789 67 32872 47 32967 71 33046 67 33128 46 33227 68 33303 67 33383 46 33487 49 33538 13 33559 67 33638 46 33744 48 33799 9 33816 66 33892 47 34000 48 34057 7 34073 66 34147 48 34256 48 34314 6 34329 66 34401 50 34513 47 34571 5 34586 66 34656 15 34677 37 34769 47 34829 2 34842 67 34910 17 34934 37 35025 47 35099 83 35192 36 35282 46 35355 84 35449 35 35538 46 35612 83 35707 34 35749 5 35795 45 35868 64 35933 18 35965 32 36003 11 36052 44 36125 61 36190 17 36224 30 36257 15 36310 42 36381 59 36446 18 36485 1 36493 36 36570 38 36638 56 36702 18 36749 37 36828 36 36894 55 36958 18 37005 38 37086 34 37151 52 37214 19 37260 40 37343 33 37407 51 37469 20 37516 41 37599 33 37664 49 37725 21 37771 45 37855 33 37920 36 37957 11 37981 22 38027 50 38111 33 38177 34 38216 6 38237 23 38282 18 38301 34 38367 33 38434 33 38493 24 38537 18 38558 35 38624 32 38690 33 38749 25 38793 18 38814 36 38880 32 38946 33 39005 26 39049 17 39070 37 39136 32 39203 31 39260 27 39304 18 39327 37 39391 33 39459 31 39516 28 39560 18 39583 38 39647 33 39715 30 39771 29 39816 18 39840 38 39904 32 39972 28 40027 29 40073 17 40096 39 40160 32 40228 26 40282 30 40329 17 40353 38 40416 32 40485 14 40505 2 40538 31 40585 17 40609 39 40672 32 40741 12 40794 31 40841 16 40865 40 40928 32 40997 8 41049 32 41098 15 41122 39 41185 31 41254 5 41305 32 41354 15 41378 40 41441 31 41510 5 41560 34 41611 13 41635 39 41698 30 41767 4 41816 34 41868 12 41891 40 41955 29 42023 4 42072 34 42125 10 42148 40 42212 28 42279 21 42327 35 42383 6 42404 40 42469 27 42535 23 42583 35 42661 39 42727 25 42790 37 42839 34 42917 40 42985 23 43045 40 43095 34 43174 39 43243 21 43300 43 43350 35 43430 39 43501 17 43555 45 43606 35 43687 38 43758 16 43809 47 43862 34 43943 38 44016 13 44065 48 44118 34 44200 38 44273 10 44320 50 44375 33 44456 38 44531 5 44576 50 44631 32 44712 38 44831 51 44887 32 44969 37 45087 52 45143 32 45225 37 45343 52 45400 31 45482 36 45599 53 45655 32 45738 36 45855 90 45996 34 46112 63 46178 24 46254 32 46368 61 46436 23 46514 28 46624 61 46696 3 46704 12 46780 18 46880 62 46961 13 47039 15 47111 8 47137 61 47218 17 47296 13 47365 12 47393 61 47474 18 47552 13 47620 15 47650 60 47730 19 47753 6 47808 12 47874 19 47906 60 47986 19 48007 11 48023 6 48064 10 48128 22 48163 59 48241 54 48319 9 48384 23 48420 58 48496 21 48519 35 48575 8 48640 23 48678 56 48751 21 48775 37 48831 8 48896 24 48936 54 49006 22 49031 38 49087 7 49152 24 49194 52 49261 23 49288 37 49342 8 49408 24 49452 49 49516 24 49544 37 49598 8 49664 25 49710 47 49771 25 49799 38 49854 8 49920 26 49968 44 50027 66 50109 9 50176 27 50227 41 50283 66 50364 10 50432 28 50490 33 50539 67 50620 11 50688 29 50747 32 50795 67 50875 13 50902 4 50944 30 51004 30 51052 66 51130 15 51156 8 51200 31 51262 27 51308 67 51385 18 51410 10 51456 32 51519 8 51531 14 51566 67 51640 37 51712 32 51778 2 51788 12 51823 110 51968 33 52045 10 52080 109 52224 34 52303 7 52337 108 52480 35 52562 1 52594 107 52736 37 52850 107 52992 39 53107 106 53248 40 53364 105 53504 41 53621 104 53760 42 53878 103 54016 43 54134 41 54179 58 54272 44 54391 39 54437 56 54528 44 54647 38 54694 55 54759 11 54784 45 54903 37 54952 54 55012 16 55040 46 55160 36 55210 52 55266 19 55296 47 55416 35 55467 76 55552 48 55673 33 55723 77 55808 49 55929 32 55980 77 56064 50 56186 22 56211 5 56236 79 56319 51 56443 19 56468 4 56492 135 56700 17 56748 135 56957 15 57003 136 57214 13 57259 136 57472 11 57514 137 57729 9 57770 137 57986 7 58025 138 58243 5 58281 138 58501 2 58536 139 58792 139 59047 140 59302 141 59557 142 59812 143 60068 143 60323 144 60578 52 60632 91 60833 51 60889 90 61089 50 61145 90 61344 50 61401 90 61599 49 61657 90 61854 47 61913 90 62109 45 62170 88 62363 46 62426 88 62618 47 62682 87 62873 48 62938 86 63129 48 63194 84 63384 49 63451 37 63489 40 63640 49 63707 37 63746 34 63896 49 63963 37 64003 31 64152 49 64220 36 64259 29 64408 49 64476 36 64518 24 64664 49 64733 35 64786 9 64920 49 64990 34 65046 1 65176 48 65247 33 65433 47 65503 33
809952,2809 4 3063 6 3316 10 3570 14 3824 16 4077 19 4327 25 4579 29 4831 33 5084 36 5338 38 5592 40 5846 42 6100 44 6353 47 6605 51 6859 53 7112 56 7365 59 7617 63 7866 70 8117 75 8369 79 8622 82 8874 86 9126 90 9378 94 9631 97 9883 101 10135 105 10388 108 10642 110 10896 112 11149 115 11401 119 11653 123 11905 127 12158 130 12411 133 12665 135 12918 138 13170 142 13422 146 13675 149 13928 152 14180 156 14433 159 14686 162 14938 166 15191 169 15443 173 15696 176 15948 180 16202 182 16454 186 16707 189 16959 193 17213 195 17466 198 17719 201 17971 205 18224 208 18477 211 18731 213 18985 215 19239 217 19493 219 19746 222 20000 224 20254 226 20507 229 20761 231 21015 233 21268 236 21521 239 21775 241 22028 244 22273 43263
000053,0 65536
418853,0 65536
524214,0 188 256 188 512 192 768 218 1024 220 1280 217 1536 216 1792 216 2043 2 2048 216 2298 3 2304 216 2553 4 2560 217 2783 6 2809 5 2816 216 3038 12 3064 6 3072 216 3294 13 3320 6 3327 216 3551 13 3575 223 3807 14 3831 222 4063 14 4086 223 4319 15 4341 224 4574 16 4597 224 4830 17 4852 226 5086 17 5108 226 5342 16 5365 225 5598 16 5622 224 5854 15 5878 224 6109 16 6135 224 6365 16 6391 226 6620 18 6646 252 6902 254 7158 1288 8448 253 8704 253 8960 253 9216 253 9472 244 9720 4 9728 244 9984 243 10240 243 10496 243 10752 242 11008 242 11264 242 11520 242 11776 242 12032 242 12288 242 12544 242 12796 1 12800 242 13051 2 13056 242 13307 2 13312 242 13561 4 13568 243 13816 5 13824 243 14071 6 14080 244 14326 7 14336 253 14592 254 14848 254 15104 254 15360 254 15616 254 15872 254 16128 254 16384 254 16640 254 16896 254 17152 254 17408 140 17557 104 17664 138 17815 102 17920 137 18072 101 18176 136 18330 99 18432 136 18587 98 18688 135 18844 97 18944 134 19101 96 19200 131 19359 7 19374 78 19456 129 19632 5 19641 66 19712 128 19898 64 19968 127 20155 63 20224 125 20411 63 20480 121 20667 62 20736 120 20923 61 20992 119 21179 60 21248 118 21435 59 21504 116 21692 58 21760 115 21949 56 22016 114 22205 56 22272 113 22462 54 22528 113 22719 53 22784 113 22976 51 23040 113 23232 51 23296 112 23489 50 23552 112 23745 50 23808 111 24001 49 24056 4 24064 111 24258 48 24312 5 24320 111 24514 48 24568 5 24576 110 24771 46 24824 5 24832 110 25027 46 25080 5 25088 110 25284 45 25336 6 25344 110 25540 45 25591 7 25600 110 25799 36 25847 7 25856 110 26057 33 26103 7 26112 110 26315 31 26359 7 26368 110 26573 2 26579 23 26616 6 26624 110 26835 22 26872 5 26880 109 27092 20 27128 5 27136 109 27348 20 27385 4 27392 109 27605 18 27641 4 27648 109 27862 17 27897 4 27904 109 28120 14 28154 2 28160 109 28377 13 28416 109 28638 7 28672 109 28897 3 28928 109 29184 108 29440 108 29696 108 29952 107 30208 107 30464 105 30720 104 30976 104 31232 104 31488 104 31744 104 32000 104 32256 104 32512 104 32768 104 33024 104 33280 104 33536 104 33792 105 34048 106 34304 108 34560 109 34816 110 35072 111 35328 112 35584 113 35840 115 35989 18 36096 116 36243 22 36352 117 36498 25 36608 119 36752 29 36864 121 37007 32 37120 123 37262 37 37376 123 37517 40 37632 124 37771 44 37888 125 38025 47 38144 126 38279 50 38400 127 38532 53 38656 185 38912 185 39168 186 39424 186 39680 187 39934 196 40187 201 40439 207 40693 210 40947 212 41202 214 41457 217 41688 3 41711 243 41956 23580
372637,0 65536
000025, 
461675,0 65536
255132,0 163 200 25 256 162 457 22 512 162 712 23 768 162 967 24 1024 161 1222 24 1280 160 1478 24 1536 159 1733 24 1792 158 1989 23 2048 157 2245 22 2304 156 2500 23 2560 155 2756 22 2816 154 3012 21 3072 154 3268 20 3328 153 3524 18 3584 152 3780 12 3840 152 4036 11 4096 152 4292 9 4352 152 4549 6 4608 152 4864 152 5120 152 5376 151 5632 151 5888 151 6144 150 6400 149 6628 4 6656 149 6884 5 6912 148 7139 6 7168 148 7395 7 7424 147 7652 5 7680 147 7909 4 7936 146 8192 146 8448 145 8704 144 8960 143 9216 142 9472 141 9728 140 9984 139 10240 139 10496 138 10752 138 11008 137 11264 137 11520 137 11776 137 12032 136 12252 5 12288 136 12507 7 12544 136 12761 9 12800 136 13016 11 13056 136 13270 14 13312 136 13525 16 13568 136 13780 17 13824 135 14035 19 14080 135 14291 19 14336 133 14547 20 14592 132 14803 21 14848 129 15059 24 15104 127 15314 26 15360 124 15570 27 15616 121 15825 29 15872 115 16081 30 16128 112 16336 32 16384 110 16590 34 16640 109 16837 4 16844 36 16896 108 17016 7 17091 46 17152 108 17270 12 17346 47 17408 108 17524 16 17601 48 17664 108 17779 28 17857 48 17920 110 18034 30 18113 48 18176 144 18369 48 18432 145 18626 47 18688 145 18882 47 18944 145 19138 47 19199 145 19395 46 19454 145 19651 46 19710 144 19907 46 19965 144 20163 46 20220 144 20418 47 20476 142 20674 47 20732 141 20930 47 20989 139 21186 47 21247 136 21443 46 21503 134 21699 46 21760 131 21956 45 22016 130 22212 45 22272 129 22468 45 22528 129 22724 45 22784 128 22981 44 23040 127 23237 44 23296 127 23493 43 23552 126 23749 43 23808 125 24006 42 24064 124 24262 42 24320 123 24518 42 24576 122 24775 40 24832 120 25031 41 25088 117 25287 41 25344 116 25542 42 25600 115 25798 42 25856 115 26053 43 26112 115 26308 44 26368 115 26563 45 26624 114 26818 46 26880 114 27059 2 27072 48 27136 114 27312 8 27325 51 27392 114 27566 65 27648 113 27821 65 27904 112 28076 66 28160 110 28332 65 28416 101 28587 65 28672 100 28843 64 28928 100 29098 65 29184 99 29354 65 29440 98 29609 65 29696 97 29865 65 29952 97 30120 65 30208 96 30375 66 30464 95 30627 69 30720 94 30880 71 30976 94 31135 72 31232 94 31390 72 31488 93 31645 72 31744 93 31901 71 32000 93 32156 71 32256 93 32412 70 32512 92 32667 69 32768 92 32923 67 33024 91 33178 65 33280 90 33433 64 33536 88 33688 64 33792 87 33943 65 34048 86 34199 64 34304 65 34375 14 34454 64 34560 63 34632 13 34710 63 34816 61 34889 12 34965 63 35072 61 35145 13 35221 60 35328 60 35402 14 35477 56 35584 59 35658 15 35733 51 35840 59 35915 15 35989 50 36096 59 36172 14 36245 50 36352 59 36430 12 36500 51 36608 59 36689 7 36756 51 36864 60 37012 51 37120 61 37268 51 37376 62 37524 50 37632 63 37780 50 37888 63 38036 49 38144 64 38291 50 38400 64 38547 49 38656 63 38803 49 38912 63 39059 48 39168 63 39295 4 39315 48 39424 63 39549 10 39571 47 39680 62 39803 21 39827 47 39936 61 40058 23 40084 45 40192 60 40313 25 40342 42 40448 59 40567 27 40599 41 40704 57 40821 29 40855 41 40960 54 41075 31 41112 39 41216 50 41329 34 41368 39 41468 1 41471 50 41583 36 41624 39 41723 52 41837 39 41880 39 41957 1 41978 53 42092 41 42136 40 42232 54 42347 43 42392 40 42469 1 42487 55 42602 45 42648 40 42724 2 42742 56 42856 47 42905 40 42979 4 42998 56 43111 48 43161 40 43234 5 43253 58 43365 50 43417 40 43489 8 43509 58 43620 51 43673 40 43744 10 43765 59 43872 55 43929 40 44000 11 44021 60 44124 59 44185 40 44255 13 44277 60 44377 62 44440 41 44511 14 44533 61 44630 65 44696 41 44766 15 44788 63 44884 66 44951 41 45022 16 45042 66 45138 68 45207 40 45279 15 45297 68 45393 68 45463 40 45535 16 45552 71 45649 67 45719 38 45792 14 45809 77 45904 68 45975 37 46049 8 46058 3 46065 78 46159 69 46232 33 46306 5 46321 78 46415 69 46488 31 46577 79 46670 70 46745 29 46833 79 46926 70 47002 27 47036 6 47088 80 47181 71 47260 25 47289 12 47344 80 47436 72 47520 39 47600 80 47691 73 47778 38 47856 14 47872 64 47946 73 48035 38 48112 14 48128 64 48201 74 48293 37 48368 14 48384 64 48456 74 48550 37 48624 14 48640 65 48711 75 48807 37 48881 12 48896 66 48966 75 49064 37 49143 6 49152 145 49320 38 49401 4 49408 145 49577 38 49664 145 49833 38 49920 145 50088 39 50176 145 50344 39 50432 145 50600 39 50688 145 50856 39 50944 145 51112 38 51200 145 51368 38 51456 145 51624 37 51712 145 51879 38 51968 146 52134 38 52224 146 52390 38 52480 146 52645 39 52736 146 52900 40 52992 146 53156 39 53248 145 53411 40 53504 144 53666 41 53760 142 53921 41 54016 142 54176 42 54272 141 54429 27 54465 6 54528 140 54674 37 54784 138 54930 36 55040 136 55185 36 55296 130 55441 36 55552 129 55697 37 55808 128 55953 38 56064 127 56208 40 56261 4 56320 127 56464 41 56516 7 56576 126 56719 42 56772 7 56832 126 56975 43 57027 9 57088 125 57230 44 57283 10 57344 125 57485 46 57538 11 57600 125 57741 46 57793 12 57856 125 57998 44 58049 13 58112 126 58255 43 58304 14 58368 126 58513 41 58560 14 58624 101 58727 23 58770 40 58815 16 58880 97 58985 21 59026 39 59071 16 59136 93 59243 19 59283 38 59326 17 59392 90 59500 18 59539 38 59582 17 59648 78 59733 2 59757 17 59795 38 59837 18 59904 77 60014 16 60052 37 60093 18 60160 76 60271 14 60308 37 60348 20 60416 75 60529 11 60564 38 60603 21 60672 75 60788 7 60821 59 60928 75 61078 58 61184 75 61335 57 61440 75 61593 55 61696 75 61851 54 61952 75 62109 52 62208 75 62369 48 62464 75 62628 45 62720 75 62885 44 62976 75 63142 43 63232 74 63398 43 63488 74 63654 43 63744 73 63910 43 64000 73 64166 43 64256 73 64423 41 64512 73 64679 41 64768 73 64935 41 65024 73 65191 40 65280 73 65447 40
529350, 
000075,0 65536
534649, 
421383,48 85 158 31 193 54 305 83 414 31 450 52 561 83 670 31 706 52 817 84 925 32 961 54 1073 84 1181 33 1217 53 1329 83 1436 90 1585 83 1692 89 1841 82 1947 90 2096 83 2202 90 2351 14 2370 65 2457 91 2605 15 2627 63 2712 91 2857 19 2884 62 2967 92 3110 22 3140 61 3221 93 3365 23 3396 59 3476 93 3619 26 3651 58 3731 93 3872 92 3987 92 4127 91 4243 91 4382 91 4499 90 4638 89 4755 90 4893 88 5011 89 5149 87 5267 89 5404 88 5523 89 5660 87 5779 90 5915 88 6036 90 6171 88 6292 92 6426 88 6548 96 6681 89 6805 97 6937 89 7061 98 7192 89 7317 98 7447 90 7574 98 7703 89 7831 97 7958 89 8088 97 8214 88 8345 96 8469 88 8602 95 8724 86 8867 86 8974 87 9124 85 9217 3 9228 84 9380 84 9472 4 9483 84 9636 84 9728 5 9738 84 9893 83 9984 5 9993 84 10149 83 10240 5 10248 85 10405 83 10496 93 10662 82 10752 93 10918 82 11008 92 11175 82 11264 92 11431 82 11519 93 11658 8 11688 82 11774 2 11777 90 11912 12 11944 88 12033 90 12166 15 12200 88 12289 89 12421 16 12455 89 12545 89 12676 18 12709 91 12801 88 12931 20 12962 94 13058 87 13187 22 13214 98 13314 87 13443 125 13571 13 13587 71 13699 125 13828 11 13844 70 13955 125 14085 9 14101 69 14212 124 14342 7 14357 70 14468 124 14598 7 14614 69 14724 124 14854 7 14870 69 14981 123 15109 9 15127 42 15173 22 15238 122 15363 12 15383 40 15430 20 15494 122 15617 15 15641 37 15687 19 15751 138 15900 33 15944 18 16007 140 16157 32 16200 18 16264 140 16414 30 16456 18 16520 140 16671 28 16712 19 16775 142 16927 26 16968 19 17031 142 17184 23 17224 19 17286 143 17440 21 17480 20 17541 145 17697 18 17735 29 17797 48 17848 94 17954 16 17991 31 18052 49 18105 93 18211 14 18247 32 18308 49 18361 93 18469 10 18503 33 18563 50 18618 92 18759 33 18819 50 18874 92 19014 35 19075 50 19131 91 19270 35 19331 51 19386 68 19456 21 19526 35 19586 53 19641 68 19712 21 19782 35 19842 95 19950 10 19968 21 20037 36 20098 63 20163 30 20208 5 20224 21 20294 35 20338 6 20355 61 20420 28 20465 3 20480 22 20550 35 20593 9 20611 61 20677 26 20736 22 20806 36 20847 12 20867 61 20933 26 20992 22 21062 37 21102 13 21124 61 21189 25 21231 4 21248 23 21319 53 21381 60 21445 24 21482 11 21504 23 21575 54 21638 61 21700 24 21735 15 21760 24 21831 54 21895 84 21989 19 22016 25 22087 54 22152 82 22244 22 22272 26 22343 55 22409 80 22499 25 22528 29 22598 56 22665 79 22755 25 22784 31 22853 58 22922 77 23011 26 23040 32 23108 59 23178 75 23266 27 23296 33 23363 61 23434 39 23474 33 23522 27 23552 33 23618 64 23689 39 23730 30 23777 28 23808 34 23873 110 23986 30 24032 28 24064 34 24128 110 24242 30 24286 30 24320 34 24383 109 24499 29 24535 37 24576 34 24639 108 24755 30 24790 39 24832 34 24894 108 25011 31 25046 39 25088 34 25149 108 25267 31 25302 39 25344 34 25404 109 25523 31 25559 38 25600 35 25660 109 25780 30 25815 38 25856 35 25915 110 26036 29 26072 38 26111 36 26171 111 26292 29 26328 76 26426 113 26549 27 26585 75 26682 113 26805 26 26841 77 26938 113 27062 24 27097 78 27194 113 27319 22 27354 79 27450 113 27576 6 27584 11 27610 79 27706 113 27834 2 27841 9 27866 80 27962 61 28024 51 28097 8 28121 81 28218 60 28281 49 28354 6 28377 81 28474 59 28537 48 28633 82 28731 57 28793 47 28889 82 28987 55 29050 44 29144 83 29243 54 29306 42 29400 83 29500 51 29562 41 29655 32 29691 48 29756 49 29818 40 29911 29 29947 47 30013 47 30075 40 30165 29 30203 47 30270 45 30331 40 30419 30 30459 47 30527 13 30544 26 30588 39 30672 32 30715 46 30784 10 30800 25 30844 40 30926 33 30971 2 30975 42 31044 1 31056 24 31101 39 31181 34 31231 42 31313 23 31357 40 31436 35 31488 41 31569 22 31614 39 31691 36 31744 41 31826 20 31870 39 31946 38 32000 42 32082 20 32127 38 32200 39 32256 43 32339 18 32383 37 32452 43 32512 45 32596 16 32640 36 32705 46 32768 47 32853 14 32896 36 32960 46 33024 48 33112 10 33153 34 33215 46 33280 49 33372 4 33409 34 33471 46 33536 49 33666 32 33726 47 33792 50 33923 31 33982 47 34039 5 34048 51 34180 29 34237 48 34293 8 34304 52 34437 28 34493 48 34549 8 34560 53 34694 27 34749 49 34804 9 34816 53 34951 27 35004 51 35059 10 35072 54 35207 27 35260 52 35313 12 35328 54 35462 29 35516 65 35584 55 35716 32 35771 66 35840 55 35971 33 36027 66 36096 56 36225 36 36283 66 36352 57 36427 6 36480 37 36539 65 36608 57 36681 10 36735 38 36795 64 36864 57 36935 14 36991 38 37052 62 37120 56 37190 18 37246 39 37308 61 37376 56 37445 24 37500 40 37565 53 37632 55 37700 27 37755 40 37821 48 37888 54 37955 28 38010 40 38078 46 38144 53 38209 31 38265 38 38335 44 38400 52 38465 31 38520 38 38592 42 38656 50 38720 32 38776 37 38848 41 38912 48 38974 34 39032 36 39105 39 39168 46 39223 41 39287 37 39361 38 39424 45 39476 45 39543 37 39617 37 39680 45 39731 46 39798 38 39873 36 39936 45 39985 49 40054 38 40129 35 40192 98 40298 50 40385 34 40448 100 40551 54 40641 33 40704 158 40897 32 40958 162 41153 31 41213 164 41409 30 41468 167 41665 28 41723 169 41921 27 41977 7 41986 82 42074 74 42177 27 42232 8 42245 77 42331 74 42433 26 42477 19 42503 74 42588 73 42689 25 42730 22 42762 71 42845 72 42946 24 42983 25 43020 68 43101 73 43202 25 43235 29 43281 62 43358 72 43459 61 43541 58 43614 72 43715 61 43798 56 43870 72 43971 61 44055 54 44126 72 44227 61 44311 54 44381 72 44483 61 44568 52 44637 72 44739 61 44825 51 44892 73 44995 61 45081 50 45148 72 45251 61 45338 49 45403 73 45507 61 45595 48 45658 73 45763 61 45851 48 45914 71 46019 61 46108 47 46169 71 46276 60 46364 47 46424 71 46532 60 46620 47 46680 70 46789 59 46876 47 46935 71 47046 58 47132 47 47191 72 47305 55 47388 47 47447 72 47564 52 47644 47 47703 73 47823 49 47900 47 47959 75 48080 48 48156 47 48215 78 48337 47 48412 47 48471 80 48594 46 48668 47 48728 80 48851 45 48925 46 48984 81 49108 44 49181 46 49240 82 49365 43 49438 45 49497 81 49622 42 49695 45 49754 81 49879 41 49952 45 50012 79 50136 40 50210 45 50271 77 50392 40 50471 41 50532 72 50648 40 50729 40 50789 72 50904 40 50986 40 51045 72 51160 40 51243 40 51301 15 51317 57 51416 40 51499 41 51556 14 51574 56 51673 39 51755 41 51810 15 51830 56 51931 37 52011 42 52064 16 52086 56 52190 34 52267 44 52317 19 52342 56 52449 31 52523 68 52598 56 52708 28 52779 68 52855 55 52966 26 53035 67 53111 55 53225 23 53291 67 53367 55 53482 22 53547 67 53623 56 53697 9 53740 20 53803 67 53880 55 53942 27 53997 19 54059 67 54137 90 54254 18 54314 68 54393 91 54510 18 54570 68 54651 90 54748 2 54767 17 54826 68 54917 82 55001 7 55023 17 55081 69 55174 91 55280 16 55337 69 55431 91 55536 16 55593 69 55688 93 55793 15 55850 68 55944 95 56050 14 56106 68 56200 98 56307 13 56362 68 56457 101 56565 11 56619 66 56713 104 56824 5 56875 66 56969 105 57131 66 57225 106 57388 64 57481 107 57644 64 57738 106 57901 62 57994 107 58157 62 58251 107 58414 60 58508 107 58671 59 58766 105 58928 58 59024 104 59186 55 59283 102 59444 53 59541 101 59702 51 59798 100 59959 49 60055 100 60216 48 60286 8 60312 100 60472 47 60540 12 60569 99 60728 46 60794 15 60826 98 60984 32 61022 7 61048 18 61084 97 61240 31 61281 2 61301 22 61343 94 61497 30 61555 24 61601 93 61753 30 61810 25 61858 92 61951 1 62010 29 62066 25 62115 93 62267 30 62322 25 62371 93 62524 30 62578 25 62627 93 62780 32 62834 25 62883 93 63036 33 63090 24 63139 93 63278 4 63292 35 63346 24 63395 93 63533 6 63547 38 63602 23 63650 94 63789 53 63859 21 63906 94 64045 54 64115 20 64161 95 64300 55 64372 18 64417 95 64556 24 64586 26 64629 16 64672 96 64812 22 64844 25 64886 14 64927 97 65068 21 65102 22 65143 12 65183 97 65324 20 65361 19 65400 10 65439 97
734470,137 9 396 5 653 4 889 2 1141 8 1347 4 1397 8 1597 13 1652 9 1850 21 1907 11 2104 26 2162 13 2358 29 2409 3 2416 16 2612 32 2664 26 2867 34 2919 30 2955 4 3122 35 3175 42 3377 37 3431 43 3633 37 3687 44 3888 38 3944 44 4143 40 4200 46 4399 40 4457 54 4615 1 4654 41 4714 57 4867 10 4908 43 4970 59 5121 13 5161 46 5227 59 5376 15 5415 47 5484 60 5632 16 5671 47 5740 61 5888 16 5926 48 5996 62 6144 17 6182 48 6252 63 6400 17 6437 48 6507 64 6656 17 6693 48 6763 65 6912 17 6948 49 7018 66 7168 17 7203 49 7273 68 7424 18 7457 51 7529 69 7680 18 7712 51 7784 70 7936 19 7967 51 8039 72 8192 19 8222 51 8295 72 8448 20 8477 51 8550 73 8704 20 8733 50 8805 74 8960 21 8987 51 9061 73 9216 77 9316 74 9472 75 9572 74 9728 72 9827 75 9984 70 10083 75 10240 69 10338 77 10496 70 10570 3 10594 77 10752 80 10849 78 11008 82 11105 78 11264 83 11360 78 11520 84 11616 78 11776 85 11872 78 12032 85 12129 76 12288 85 12385 75 12544 86 12641 75 12800 86 12897 74 13056 86 13154 73 13312 86 13410 73 13568 86 13666 73 13824 85 13922 74 14080 85 14177 75 14336 84 14433 76 14592 83 14688 77 14848 82 14943 78 15104 81 15198 79 15360 80 15453 80 15616 80 15707 82 15872 79 15963 81 16128 80 16218 79 16384 80 16473 71 16640 81 16729 71 16896 82 16984 72 17152 84 17239 73 17408 160 17664 160 17920 57 17981 99 18176 55 18239 97 18432 54 18495 97 18688 54 18752 96 18944 53 19008 96 19200 53 19265 95 19456 52 19522 95 19712 52 19778 97 19968 52 20034 99 20224 51 20290 101 20480 50 20546 103 20736 49 20802 104 20992 46 21057 106 21248 45 21313 107 21504 44 21569 107 21760 44 21824 109 22016 43 22080 110 22272 43 22336 111 22528 43 22591 112 22784 43 22847 113 23040 42 23102 114 23296 43 23357 116 23552 43 23607 122 23808 45 23857 128 24064 177 24320 177 24576 177 24832 177 25088 177 25344 176 25600 176 25856 176 26112 110 26224 64 26368 108 26480 64 26624 107 26736 63 26880 106 26992 63 27136 106 27248 62 27392 104 27504 62 27648 102 27761 60 27904 99 28019 57 28160 97 28282 48 28416 95 28541 44 28672 91 28798 42 28928 89 29054 41 29184 89 29309 41 29440 89 29565 41 29696 89 29820 42 29952 89 30076 42 30208 89 30331 44 30464 89 30587 44 30720 90 30842 45 30976 90 31098 46 31232 91 31353 47 31488 92 31608 49 31746 2 31752 84 31862 51 32010 83 32118 51 32268 81 32373 53 32525 80 32629 53 32782 80 32885 53 33039 79 33141 53 33295 79 33397 53 33552 78 33653 53 33808 78 33908 54 34064 78 34164 54 34319 79 34419 56 34561 3 34574 80 34674 57 34816 8 34829 81 34929 58 35072 94 35184 60 35328 94 35439 61 35584 94 35694 62 35840 94 35949 63 36096 95 36203 66 36352 95 36455 70 36608 96 36708 72 36864 172 37120 172 37376 172 37632 172 37888 172 38144 171 38400 171 38656 171 38912 170 39168 170 39424 170 39680 169 39866 4 39936 169 40119 9 40192 168 40373 12 40448 167 40628 13 40704 166 40884 14 40960 164 41139 15 41216 163 41394 16 41472 162 41650 17 41728 162 41906 17 41984 161 42162 17 42240 161 42418 17 42496 161 42674 18 42752 161 42930 19 43008 162 43186 20 43264 162 43442 21 43520 162 43697 24 43776 96 43874 63 43953 24 44032 95 44131 62 44208 26 44288 93 44388 61 44462 29 44544 92 44646 58 44717 30 44800 91 44904 55 44972 31 45056 90 45164 50 45227 33 45312 88 45421 48 45482 34 45568 85 45678 45 45737 36 45824 81 45935 44 45992 38 46080 80 46192 43 46247 40 46336 80 46449 42 46503 41 46592 80 46707 41 46758 43 46848 80 46968 37 47013 44 47104 80 47227 35 47268 46 47360 79 47488 31 47523 47 47616 79 47745 30 47779 47 47872 79 48002 29 48035 47 48128 78 48258 29 48290 49 48384 78 48515 29 48546 49 48640 78 48771 29 48801 50 48896 78 49028 78 49152 79 49284 78 49408 80 49541 77 49664 81 49798 75 49920 81 50055 74 50176 82 50312 71 50432 83 50569 68 50688 83 50826 61 50944 84 51083 59 51200 84 51341 56 51456 85 51599 18 51620 32 51712 85 51858 7 51878 29 51968 86 52136 26 52224 86 52394 23 52480 87 52652 20 52736 87 52910 17 52992 7 53001 79 53167 15 53248 5 53258 78 53424 12 53504 5 53515 77 53681 9 53760 4 53772 77 53939 5 54016 4 54029 76 54272 5 54285 76 54528 5 54542 74 54784 5 54799 73 55040 6 55055 73 55296 6 55311 72 55552 6 55567 72 55808 6 55823 72 56064 7 56079 73 56320 7 56334 74 56576 7 56589 76 56832 8 56844 77 57088 90 57344 90 57600 91 57856 91 58112 91 58224 3 58368 92 58478 8 58624 92 58734 9 58880 92 58989 10 59136 92 59244 12 59393 91 59499 13 59650 91 59754 15 59907 90 60009 16 60163 91 60264 17 60419 92 60519 18 60675 93 60774 19 60931 95 61028 22 61187 119 61443 119 61697 120 61952 121 62208 121 62464 121 62720 120 62976 120 63232 120 63488 119 63744 119 64000 118 64256 117 64512 117 64769 113 65024 109 65280 108
925045,0 65536
504868,0 64093 64094 254 64351 763 65118 234 65376 160
000018,133 87 248 5 254 1 389 87 505 4 511 1 645 87 760 5 767 1 900 89 995 1 1015 9 1156 90 1249 4 1270 10 1412 96 1526 10 1667 97 1781 11 1923 97 2037 11 2179 97 2292 12 2435 96 2548 12 2691 96 2803 13 2947 96 3058 14 3203 96 3313 15 3459 96 3567 17 3715 96 3821 19 3971 96 4076 20 4228 95 4330 22 4484 96 4583 25 4740 124 4997 123 5253 123 5509 123 5766 122 6022 122 6279 121 6536 120 6793 119 7050 118 7307 117 7564 116 7821 115 8078 114 8335 113 8592 112 8848 112 9104 112 9360 112 9616 112 9871 113 10127 113 10383 113 10638 114 10894 114 11150 114 11406 114 11662 114 11918 114 12174 112 12287 1 12430 103 12686 101 12942 100 13197 100 13453 99 13709 99 13964 100 14220 100 14475 100 14731 100 14987 100 15243 100 15499 100 15755 99 16011 99 16267 98 16524 97 16780 96 17037 95 17294 93 17551 92 17809 90 18066 90 18324 88 18581 88 18838 88 19095 87 19353 86 19613 83 19874 78 20132 77 20389 76 20646 75 20902 76 21159 75 21416 74 21673 73 21929 73 22186 72 22443 40 22487 27 22700 38 22743 28 22958 35 22998 29 23216 32 23254 30 23473 30 23509 31 23731 28 23763 34 23988 26 24018 35 24245 25 24273 37 24502 23 24528 38 24759 20 24784 39 24831 1 25016 17 25039 41 25086 2 25274 13 25295 49 25533 5 25550 50 25806 50 26062 50 26317 51 26572 52 26827 53 27082 54 27337 55 27592 56 27848 56 28103 57 28359 57 28614 58 28870 58 29126 58 29382 58 29638 58 29894 58 30150 58 30406 58 30662 58 30918 58 31173 59 31429 59 31685 59 31940 60 32196 60 32451 61 32707 61 32963 61 33219 61 33475 61 33731 61 33987 61 34243 61 34500 60 34756 60 35013 59 35269 59 35526 58 35783 57 36040 53 36297 51 36554 48 36810 47 37066 45 37322 44 37578 44 37834 43 38089 44 38344 45 38599 47 38854 48 39109 49 39364 51 39619 52 39875 52 40130 53 40386 53 40642 53 40898 53 41153 54 41409 53 41665 53 41921 53 42178 51 42434 51 42691 49 42947 49 43204 48 43389 20 43460 48 43643 24 43716 47 43795 5 43898 26 43973 46 44049 9 44154 27 44229 46 44304 13 44409 30 44485 46 44559 15 44665 30 44741 46 44815 16 44921 31 44997 46 45070 19 45177 32 45253 45 45326 19 45433 32 45509 45 45581 21 45689 32 45765 45 45837 22 45944 33 46022 43 46092 23 46200 33 46278 43 46348 24 46456 33 46535 41 46604 24 46711 34 46792 16 46815 16 46860 24 46967 34 47049 12 47073 12 47116 25 47222 34 47308 5 47333 1 47372 25 47478 34 47629 23 47733 35 47886 22 47989 35 48143 20 48245 35 48400 19 48501 34 48658 16 48757 34 48916 12 49014 32 49177 3 49270 32 49526 31 49783 30 50040 28 50297 26 50554 24 50811 21 51069 12 51326 9 51584 4 55522 5 55632 18 55777 7 55867 9 55886 22 56032 9 56120 14 56138 27 56288 10 56375 46 56543 12 56629 48 56799 12 56885 49 57056 11 57140 50 57312 11 57395 51 57569 10 57651 51 57827 7 57906 52 58085 3 58162 52 58418 52 58674 52 58930 52 59186 52 59442 52 59698 52 59954 53 60210 53 60467 52 60723 53 60980 52 61236 53 61493 52 61749 52 62005 52 62262 51 62519 50 62775 50 63032 49 63290 46 63550 42 63811 17 63829 18 64069 11 64093 8 64327 6
435772,0 166 256 166 512 166 768 166 1024 165 1280 165 1536 164 1792 163 2048 163 2304 162 2560 161 2816 160 3072 159 3328 158 3584 156 3840 154 4096 153 4352 152 4608 152 4864 151 5120 150 5376 150 5632 149 5888 148 6144 147 6400 146 6656 145 6912 144 7168 143 7424 142 7680 142 7936 141 8192 141 8448 140 8704 139 8960 137 9216 136 9472 134 9728 133 9984 132 10240 131 10496 130 10752 129 11008 127 11264 126 11522 123 11780 120 12038 115 12297 109 12556 105 12814 102 13072 100 13329 100 13587 98 13845 17 13867 74 14103 13 14123 75 14360 11 14379 75 14619 5 14636 74 14892 75 15148 75 15404 75 15661 74 15918 73 16175 73 16432 72 16641 7 16688 72 16896 9 16945 71 17152 10 17201 72 17408 10 17457 72 17664 10 17713 73 17920 10 17970 72 18176 11 18226 72 18432 11 18482 73 18688 11 18738 73 18944 12 18994 74 19200 12 19250 74 19456 13 19506 74 19712 15 19761 75 19968 24 20016 76 20224 24 20272 76 20480 24 20527 78 20736 24 20782 79 20992 24 21038 79 21248 24 21294 79 21504 23 21551 78 21760 23 21807 78 22016 22 22064 77 22272 22 22320 77 22528 21 22577 76 22784 21 22834 75 23040 20 23090 75 23296 20 23347 74 23552 19 23603 73 23808 20 23858 74 24064 20 24114 74 24320 21 24369 75 24576 22 24624 77 24832 24 24879 78 25088 26 25134 79 25344 29 25390 79 25600 31 25645 80 25856 33 25900 80 26112 35 26155 81 26368 36 26410 82 26624 39 26664 83 26880 123 27136 123 27392 122 27648 122 27904 122 28160 121 28416 121 28672 120 28928 119 29184 118 29440 118 29696 117 29952 117 30208 116 30464 114 30720 112 30976 110 31232 109 31488 108 31744 107 32000 106 32256 105 32512 103 32768 102 33024 100 33280 99 33536 97 33792 94 34048 92 34304 91 34560 90 34816 90 35072 90 35328 90 35584 90 35840 90 36096 90 36352 90 36608 90 36864 89 37120 89 37376 89 37632 88 37888 88 38144 88 38400 87 38656 87 38912 87 39168 87 39424 87 39680 87 39936 87 40192 87 40448 86 40704 86 40960 86 41216 86 41472 86 41694 4 41728 86 41948 8 41984 86 42203 10 42240 87 42457 13 42496 87 42677 4 42711 16 42752 89 42932 6 42966 18 43008 91 43187 8 43203 3 43221 20 43264 103 43443 9 43455 11 43476 22 43520 106 43698 28 43729 25 43776 108 43954 56 44032 110 44209 58 44288 112 44464 59 44544 113 44719 60 44800 115 44973 63 45056 116 45227 65 45312 117 45482 67 45568 118 45737 69 45824 119 45992 71 46080 120 46247 73 46336 121 46502 75 46592 122 46757 77 46848 122 47013 78 47104 123 47268 79 47360 123 47524 79 47616 123 47780 79 47872 123 48035 81 48128 123 48290 85 48384 123 48545 92 48639 124 48799 220 49054 221 49309 222 49565 223 49820 224 50076 224 50332 225 50587 226 50843 227 51098 228 51354 229 51609 136 51749 90 51863 136 52008 87 52117 137 52271 81 52372 138 52528 80 52627 138 52785 79 52882 139 53042 77 53138 110 53249 27 53299 76 53393 111 53505 27 53557 74 53648 112 53761 27 53813 74 53904 112 54017 26 54070 73 54159 113 54273 25 54326 73 54414 114 54529 24 54582 74 54670 114 54785 23 54838 74 54925 115 55041 21 55093 75 55181 115 55297 20 55349 75 55436 116 55554 17 55604 76 55692 116 55810 13 55859 76 55947 117 56066 10 56114 77 56203 117 56322 8 56369 77 56459 117 56579 5 56623 78 56714 118 56835 3 56876 80 56970 118 57130 80 57226 118 57384 81 57482 118 57639 78 57738 118 57894 79 57994 118 58150 80 58250 118 58405 81 58506 118 58661 82 58762 118 58917 82 59018 118 59173 81 59274 118 59429 81 59530 118 59685 81 59785 119 59941 81 60040 120 60198 80 60295 121 60454 79 60549 123 60710 79 60804 124 60967 78 61059 125 61223 78 61314 126 61479 77 61568 128 61736 76 61822 130 61992 76 62077 131 62249 75 62332 132 62505 74 62587 133 62761 74 62843 133 63018 73 63098 134 63274 72 63354 134 63530 72 63609 135 63787 71 63865 135 64043 70 64121 135 64299 70 64376 136 64555 70 64632 136 64811 69 64888 136 65068 68 65144 136 65324 67 65400 136
000039,0 65536
252446, 
799155,0 32811 32816 250 33073 249 33330 247 33586 247 33842 248 34097 250 34352 252 34607 14969 49582 249 49839 248 50095 247 50351 134 50486 112 50607 132 50744 111 50863 131 51001 111 51119 131 51257 113 51374 132 51513 249 51769 249 52024 251 52279 10464 62745 254 63003 252 63260 251 63518 249 63775 248 64032 247 64289 247 64545 247 64801 247 65057 246 65315 221
980103,0 186 206 6 216 226 464 2 473 225 721 3 728 227 976 235 1232 234 1488 234 1744 233 2000 233 2256 232 2512 232 2769 230 3025 230 3282 228 3538 227 3794 227 4050 226 4307 224 4564 222 4822 219 5079 218 5336 217 5593 216 5850 216 6107 216 6325 3 6364 222 6621 222 6878 221 7135 221 7363 7 7392 221 7617 10 7649 235 7906 234 8162 234 8419 233 8676 232 8932 232 9189 231 9446 230 9703 229 9960 228 10218 226 10476 224 10733 223 10990 223 11246 223 11503 222 11759 223 12016 222 12272 222 12529 221 12786 220 13043 219 13301 217 13558 216 13815 215 14071 215 14297 1 14327 215 14551 4 14575 2 14584 215 14806 6 14829 5 14840 215 15061 7 15084 6 15097 214 15316 8 15340 5 15353 215 15570 9 15597 2 15609 224 15865 223 16121 222 16377 221 16634 220 16890 219 17147 217 17406 214 17663 212 17920 211 18176 211 18432 211 18688 211 18944 211 19200 211 19456 211 19712 211 19968 211 20224 211 20480 212 20736 212 20992 212 21248 212 21504 212 21760 212 22016 211 22272 211 22528 211 22784 212 23040 216 23296 217 23552 217 23808 218 24064 218 24320 219 24576 219 24832 220 25088 220 25344 220 25600 220 25856 219 26112 218 26368 217 26624 216 26880 216 27136 215 27392 215 27648 215 27873 1 27904 216 28128 4 28160 216 28384 4 28416 216 28640 5 28672 217 28896 5 28928 218 29152 6 29184 220 29408 6 29440 223 29665 4 29696 224 29952 224 30208 224 30464 225 30720 225 30976 225 31232 225 31488 225 31744 218 31963 5 32000 224 32256 225 32512 226 32768 227 33024 228 33280 229 33536 229 33792 229 34048 230 34304 231 34560 231 34816 232 35072 232 35328 232 35584 232 35840 231 36095 227 36348 228 36601 231 36854 234 37108 240 37363 242 37614 249 37867 533 38401 255 38658 2 38663 249 38915 1 38919 249 39175 249 39431 249 39687 249 39939 1 39942 250 40195 253 40451 253 40706 234 40941 19 40961 234 41199 17 41217 233 41456 250 41713 248 41970 247 42227 246 42484 245 42742 243 43000 241 43257 239 43515 237 43771 237 44031 232 44287 232 44544 230 44800 229 45056 229 45311 230 45567 229 45823 229 46079 228 46335 228 46591 228 46848 227 47104 227 47360 227 47616 227 47872 227 48128 227 48384 227 48640 227 48896 11 48910 213 49152 11 49167 211 49408 11 49423 211 49664 11 49679 211 49920 12 49935 211 50176 13 50190 212 50432 226 50688 226 50944 226 51200 225 51456 225 51712 225 51968 224 52224 224 52480 210 52692 11 52736 209 52950 9 52992 208 53208 6 53248 208 53504 208 53760 208 54016 208 54272 209 54528 209 54784 210 55040 210 55296 211 55552 211 55808 211 56064 211 56320 211 56576 210 56832 210 57088 209 57344 208 57600 208 57856 207 58112 207 58368 204 58624 203 58880 202 59136 202 59392 206 59647 208 59903 208 60156 1 60159 209 60412 1 60415 210 60668 1 60671 210 60927 210 61183 209 61440 208 61696 207 61952 205 62208 203 62464 202 62720 202 62976 201 63232 201 63488 201 63744 200 64000 200 64256 200 64512 200 64768 201 65024 200 65279 201 65535 1
797883,184 72 440 72 696 72 939 85 1197 83 1461 75 1719 73 1976 72 2233 71 2491 69 2751 65 3008 64 3265 63 3521 63 3776 64 4031 65 4281 71 4536 72 4791 73 5046 74 5302 74 5558 74 5814 74 6072 72 6335 65 6592 64 6849 63 7106 62 7364 37 7403 21 7621 33 7661 19 7879 9 7891 18 7918 18 8138 2 8148 16 8175 17 8405 14 8432 16 8663 11 8690 14 8920 9 8949 8 9207 5
623676,2 5 258 5 514 6 768 8 1024 8 1280 8 1536 8 1792 8 2048 8 2304 7 2560 7 2816 6 3074 2 16027 6 16283 8 16539 9 16795 10 17051 11 17307 12 17564 11 17819 12 18075 12 18330 13 18586 12 18843 10 19101 7 29642 6 29897 9 30152 12 30175 4 30408 13 30428 9 30663 15 30682 13 30919 33 31174 34 31430 35 31685 36 31940 38 32195 39 32449 42 32703 46 32958 50 33213 54 33469 56 33724 59 33980 60 34236 61 34492 62 34747 63 35003 64 35259 64 35515 64 35771 64 36028 64 36284 65 36540 66 36607 1 36796 68 37052 68 37308 68 37564 68 37820 68 38076 68 38331 69 38587 69 38843 69 39099 69 39355 69 39611 69 39867 69 40124 68 40380 68 40636 68 40893 67 41149 67 41405 67 41661 67 41918 66 42173 67 42429 67 42685 67 42940 68 43195 69 43450 70 43705 71 43960 72 44215 73 44470 72 44543 1 44725 73 44980 74 45235 47 45286 23 45491 45 45543 22 45746 45 45800 20 46001 44 46057 19 46256 44 46314 16 46512 43 46571 14 46768 42 46828 12 47024 33 47061 3 47085 9 47280 33 47343 6 47537 31 47794 30 48055 24 48312 22 48569 20 48826 18 49082 16 49339 14 49596 12 49853 9 50112 3 51097 3 51351 7 51606 9 51861 10 52116 11 52372 12 52628 12 52884 12 53139 14 53395 14 53651 14 53907 15 54163 15 54419 15 54675 16 54715 4 54932 15 54967 12 55188 17 55207 2 55220 19 55444 22 55474 23 55700 23 55728 29 55758 4 55957 23 55982 41 56216 71 56477 68 56735 67 56991 68 57247 69 57503 70 57759 72 58014 74 58269 77 58524 79 58778 81 59033 83 59288 85 59543 87 59799 87 60054 88 60310 88 60565 89 60821 88 61077 87 61332 88 61588 87 61844 87 62100 87 62356 87 62612 87 62868 87 63124 88 63381 87 63637 87 63894 87 64150 90 64407 89 64663 89 64920 81 65177 78 65433 72
567096,0 65536
000083,0 65536
106940,0 49060 49065 250 49321 249 49578 247 49834 247 50090 246 50346 246 50602 246 50858 246 51114 246 51369 247 51625 247 51880 249 52136 249 52392 249 52647 251 52903 252 53159 252 53414 12122
000087,0 65536
677723,0 65536
000013,10674 5 10928 8 11183 10 11403 8 11439 11 11654 14 11694 13 11907 18 11950 14 12162 20 12205 17 12417 21 12461 18 12673 21 12716 21 12928 22 12972 22 13184 22 13227 24 13439 23 13483 25 13695 23 13738 27 13950 23 13993 28 14205 24 14249 28 14460 24 14504 30 14715 24 14760 31 14970 25 15016 33 15225 25 15271 36 15481 25 15527 39 15736 25 15783 42 15992 25 16038 45 16248 24 16294 47 16504 23 16550 49 16760 22 16806 50 17016 21 17062 51 17272 20 17318 18 17338 33 17528 18 17574 17 17594 34 17785 16 17831 15 17851 34 18042 14 18087 14 18107 35 18298 13 18344 13 18363 36 18556 9 18601 11 18619 37 18814 3 18858 9 18875 37 19116 5 19132 37 19387 38 19643 38 19898 39 20154 39 20409 40 20665 40 20921 40 21176 40 21432 40 21688 39 21943 40 22199 39 22454 40 22710 39 22965 39 23221 39 23476 39 23732 38 23988 38 24244 37 24500 36 24756 36 25012 35 25268 34 25524 33 25780 33 26036 32 26293 31 26549 31 26806 31 27063 30 27321 28 27583 23 27841 21 28098 21 28356 19 28613 18 28871 16 29128 15 29385 14 29642 12 29900 9 30158 4
191621,0 65536
000055,0 65536
614290,15100 4 15351 9 15602 14 15854 18 16106 22 16359 25 16611 29 16865 31 17119 33 17373 35 17627 37 17879 41 18132 44 18385 47 18639 49 18892 52 19143 57 19395 61 19649 63 19903 65 20157 67 20412 68 20666 70 20921 71 21175 73 21430 74 21685 75 21939 77 22193 79 22427 101 22681 103 22935 105 23189 107 23444 108 23697 111 23951 113 24204 116 24448 128 24699 133 24947 141 25199 145 25451 149 25704 152 25957 155 26211 157 26464 160 26715 165 26967 169 27220 172 27472 176 27725 179 27978 182 28232 184 28487 185 28741 187 28996 188 29252 188 29494 4 29507 189 29739 213 29991 217 30244 220 30497 223 30748 39 30791 185 31001 42 31049 183 31253 46 31305 183 31506 49 31562 182 31759 52 31817 183 32012 56 32073 183 32266 246 32519 10762 43292 244 43550 242 43806 242 44061 243 44317 244 44572 246 44827 247 45082 249 45338 250 45593 252 45848 19688
000095,0 65536
489967,0 65536
830714,0 61281 61282 252 61540 250 61796 249 62052 249 62308 249 62563 251 62819 252 63073 2463
609763,41 14 298 13 553 15 809 15 938 12 1064 15 1194 13 1320 15 1452 9 1576 14 1832 13 2088 12 2344 11 2601 7 4604 1 4859 2 5114 3 5369 4 5625 4 5881 4 6138 3 6395 2 9767 4 10019 10 10272 14 10519 23 10774 24 11030 24 11286 24 11541 25 11797 25 12053 24 12309 24 12565 23 12820 23 13076 22 13331 22 13586 23 13841 23 14096 23 14352 22 14607 22 14863 21 15119 19 15375 18 15632 15 15797 3 15888 13 16053 4 16145 9 16308 7 16322 1 16403 4 16562 19 16817 21 17073 22 17279 3 17328 26 17533 7 17584 28 17787 10 17840 29 18042 11 18095 31 18297 12 18351 31 18553 12 18607 32 18809 12 18863 33 19066 11 19118 35 19323 9 19374 35 19580 7 19629 37 19839 3 19883 40 20079 4 20136 44 20332 10 20389 47 20587 11 20643 49 20841 14 20898 51 21097 14 21153 52 21266 5 21352 15 21408 53 21520 9 21607 17 21664 53 21774 12 21862 18 21919 53 22029 13 22117 19 22175 53 22284 14 22372 19 22430 53 22539 15 22628 19 22686 53 22795 15 22852 10 22884 19 22942 52 23050 16 23106 14 23140 18 23198 50 23305 16 23361 16 23395 19 23453 48 23560 17 23615 19 23652 17 23709 45 23816 16 23871 19 23908 17 23965 43 24071 17 24126 20 24165 15 24221 41 24327 16 24382 20 24422 14 24476 38 24583 16 24637 21 24679 12 24731 23 24755 14 24839 15 24893 21 24937 9 24985 24 25012 11 25095 15 25149 20 25194 7 25239 25 25268 10 25351 14 25405 19 25494 25 25525 7 25607 14 25661 18 25748 26 25864 12 25917 17 26003 26 26120 12 26175 14 26258 25 26377 10 26413 4 26433 11 26513 23 26635 7 26668 6 26692 6 26768 23 26893 4 26923 8 27023 24 27179 8 27276 27 27435 8 27529 30 27691 8 27784 31 27947 8 28038 34 28204 6 28293 35 28461 4 28548 36 28803 38 29057 40 29312 42 29567 44 29821 46 30076 48 30332 48 30488 6 30587 49 30742 9 30843 49 30997 11 31099 49 31227 2 31252 13 31355 49 31482 3 31506 17 31611 49 31737 5 31760 21 31867 49 31992 6 32013 26 32123 49 32248 6 32266 30 32379 49 32504 5 32520 33 32636 48 32760 5 32775 35 32893 46 33016 5 33030 37 33121 2 33150 45 33273 4 33284 39 33372 10 33407 44 33529 4 33536 44 33626 15 33665 10 33679 28 33792 45 33880 20 33936 26 34048 46 34135 22 34194 24 34304 47 34390 24 34453 20 34560 48 34645 26 34713 15 34816 49 34900 27 34970 13 35072 50 35156 28 35228 9 35300 5 35328 51 35412 28 35554 9 35584 52 35668 28 35808 12 35840 52 35924 36 36063 14 36096 52 36180 39 36318 16 36352 53 36436 41 36574 17 36608 53 36692 41 36829 19 36864 53 36948 42 37085 19 37120 53 37204 43 37316 7 37342 19 37376 53 37461 42 37569 11 37599 18 37632 54 37716 43 37824 13 37858 15 37888 55 37972 44 38078 15 38117 11 38144 59 38227 45 38334 15 38376 6 38396 1 38400 61 38482 47 38589 16 38651 3 38655 11 38670 48 38737 48 38845 15 38906 14 38928 47 38993 49 39077 3 39100 16 39162 12 39185 47 39249 50 39331 7 39356 16 39383 6 39417 7 39425 3 39441 49 39505 51 39586 9 39612 16 39635 12 39672 8 39698 57 39762 9 39772 41 39841 11 39869 15 39889 15 39928 8 39954 58 40019 6 40030 40 40096 13 40126 13 40144 16 40183 9 40210 59 40286 41 40351 14 40383 11 40399 18 40439 9 40467 59 40543 40 40606 16 40655 19 40696 8 40725 57 40799 41 40862 17 40910 20 40952 8 40986 53 41056 41 41117 18 41166 21 41208 8 41243 52 41312 42 41373 19 41422 21 41463 9 41500 51 41568 43 41629 19 41679 21 41719 9 41757 51 41824 44 41885 19 41935 22 41975 9 42015 49 42081 44 42141 20 42192 22 42231 9 42272 49 42337 45 42398 19 42448 23 42487 9 42531 2 42539 39 42595 44 42655 17 42705 22 42744 8 42797 37 42852 44 42911 17 42960 23 43001 7 43053 38 43111 41 43167 17 43216 23 43259 3 43309 39 43369 40 43423 17 43471 24 43566 39 43626 39 43679 16 43727 24 43822 40 43883 39 43933 18 43982 25 44079 40 44141 37 44188 18 44237 26 44336 39 44398 36 44442 19 44492 27 44593 39 44656 35 44696 20 44747 28 44849 39 44913 34 44950 22 45002 30 45105 39 45170 34 45205 23 45256 32 45361 39 45427 57 45511 35 45617 39 45684 56 45765 39 45873 39 45918 3 45941 56 46020 43 46129 39 46172 6 46199 30 46230 24 46274 46 46384 39 46427 7 46456 28 46488 23 46529 48 46640 39 46683 8 46713 26 46745 23 46784 49 46896 38 46939 8 46969 26 47001 24 47039 50 47152 37 47195 9 47225 26 47257 26 47294 51 47408 36 47452 17 47481 25 47512 29 47549 52 47664 34 47709 18 47737 25 47768 29 47804 54 47921 31 47967 18 47993 25 48023 31 48059 54 48177 29 48224 18 48250 23 48278 33 48314 55 48434 25 48480 19 48506 22 48533 92 48690 23 48736 19 48762 22 48789 77 48874 6 48948 19 48992 20 49018 21 49044 77 49205 16 49248 20 49274 20 49300 77 49465 10 49504 21 49530 19 49556 76 49759 23 49785 20 49812 76 50015 46 50068 76 50271 46 50324 76 50526 48 50579 77 50782 49 50835 77 51038 131 51294 131 51550 132 51806 132 52063 131 52319 132 52576 131 52832 131 53089 129 53229 9 53347 128 53481 17 53605 126 53734 23 53863 109 53977 37 54121 104 54236 36 54378 102 54493 35 54635 101 54749 35 54892 101 55005 35 55149 101 55261 35 55406 101 55517 35 55664 99 55772 36 55930 51 55987 32 56028 36 56187 49 56244 32 56283 37 56444 48 56501 31 56538 38 56701 47 56757 33 56792 40 56959 45 57013 75 57217 43 57270 72 57399 7 57474 42 57526 72 57652 14 57731 42 57784 70 57906 17 57987 42 58041 69 58161 19 58244 41 58299 21 58323 45 58415 22 58500 41 58559 14 58580 44 58669 24 58757 41 58818 9 58837 43 58924 25 59014 40 59094 42 59178 27 59270 41 59351 41 59415 4 59431 30 59527 40 59607 41 59669 9 59681 36 59783 41 59863 41 59924 49 60040 40 60119 41 60179 49 60296 40 60375 41 60434 50 60553 39 60631 41 60690 50 60809 39 60887 41 60945 52 61066 38 61143 41 61201 53 61323 36 61399 41 61456 55 61581 14 61601 12 61655 41 61712 56 61859 8 61911 41 61967 58 62118 1 62168 40 62222 60 62425 39 62478 61 62682 38 62733 63 62939 37 62989 64 63198 32 63244 65 63457 24 63500 66 63714 21 63756 66 63971 18 64013 65 64228 16 64269 66 64484 15 64525 66 64741 13 64783 64 65000 5 65040 63 65297 62
982804,0 65536
000038,38656 3 38912 4 39168 4 39424 4 39680 5 39936 5 40192 5 40448 4 40704 4 40960 4 41216 3
470274,0 49 79 223 336 223 592 229 848 234 1104 236 1360 243 1616 244 1871 246 2126 248 2381 250 2635 339 2980 249 3238 246 3495 245 3752 245 4009 246 4266 248 4524 19 4548 223 4781 17 4807 220 5039 14 5064 220 5297 12 5321 219 5554 10 5578 218 5811 9 5835 217 6069 6 6092 216 6348 216 6604 216 6860 216 7116 216 7372 216 7628 216 7884 216 8139 217 8395 217 8651 217 8907 217 9162 218 9418 218 9674 217 9930 217 10185 218 10441 218 10697 217 10952 218 11208 218 11464 218 11720 218 11976 217 12231 55 12287 162 12487 55 12544 161 12743 54 12800 161 12999 54 13055 161 13255 39 13302 31 13337 135 13511 38 13563 25 13593 135 13766 39 13818 24 13849 134 14022 38 14074 23 14104 135 14279 37 14329 22 14360 134 14535 37 14584 22 14615 134 14791 37 14839 22 14871 133 15047 37 15094 22 15126 133 15303 37 15349 22 15382 91 15482 32 15559 37 15604 22 15637 90 15741 28 15814 39 15859 23 15893 89 15997 28 16069 40 16113 24 16149 89 16254 27 16324 69 16405 89 16510 27 16579 69 16660 90 16766 27 16834 70 16916 90 17022 27 17090 70 17171 94 17277 28 17345 71 17427 97 17533 28 17601 70 17682 100 17789 28 17856 13 17873 54 17937 102 18044 29 18111 14 18130 52 18193 104 18300 28 18354 27 18386 51 18448 136 18607 30 18643 50 18703 137 18862 32 18899 50 18958 137 19117 33 19156 49 19213 138 19372 34 19413 193 19628 35 19670 191 19884 35 19927 189 20140 36 20184 187 20396 36 20441 185 20651 37 20698 183 20907 38 20955 181 21163 38 21212 179 21419 38 21469 177 21675 38 21726 174 21931 38 21986 167 22187 38 22243 164 22443 39 22500 163 22699 40 22747 1 22756 163 22954 51 23012 163 23210 52 23268 163 23465 54 23523 164 23721 28 23753 23 23779 164 23977 27 24011 189 24233 27 24267 189 24489 26 24523 190 24745 26 24780 189 25001 25 25035 191 25258 24 25291 191 25514 23 25547 191 25770 23 25802 192 26027 21 26057 193 26284 20 26312 194 26540 19 26567 195 26797 18 26823 195 27054 17 27078 196 27311 15 27333 196 27567 15 27589 196 27824 14 27844 196 28081 13 28099 196 28337 12 28355 196 28594 10 28610 196 28852 7 28866 195 29121 180 29304 11 29377 178 29632 178 29888 178 30143 178 30399 178 30655 177 30910 178 31166 178 31422 178 31678 178 31935 176 32191 176 32448 174 32704 173 32961 171 33218 168 33474 167 33731 165 33987 165 34244 164 34500 164 34756 163 35012 163 35268 163 35524 162 35779 163 36035 162 36291 161 36546 161 36802 159 37058 158 37314 157 37560 3 37569 157 37813 8 37825 156 38068 10 38081 155 38301 2 38323 12 38338 153 38555 6 38578 14 38597 147 38792 8 38810 8 38833 15 38855 142 39046 13 39065 11 39088 16 39112 139 39301 33 39344 15 39370 135 39557 34 39599 16 39627 132 39812 36 39855 17 39885 128 40068 37 40110 18 40142 109 40256 3 40324 37 40366 18 40399 106 40580 38 40622 19 40656 104 40836 38 40879 19 40912 101 41092 38 41135 20 41169 98 41348 38 41392 20 41425 94 41604 38 41649 20 41681 90 41860 38 41905 21 41937 87 42116 38 42162 21 42193 85 42372 38 42418 22 42449 82 42628 38 42674 23 42705 53 42760 24 42884 38 42930 24 42960 48 43009 4 43018 19 43140 38 43186 25 43216 48 43266 3 43275 17 43397 37 43442 25 43472 48 43523 1 43532 14 43653 38 43697 27 43727 49 43779 1 43789 12 43909 38 43953 28 43983 49 44046 10 44166 37 44209 79 44302 8 44422 37 44464 80 44559 6 44678 37 44720 80 44816 5 44934 37 44976 80 45099 2 45161 7 45190 37 45232 80 45355 3 45416 11 45446 37 45487 81 45611 3 45671 14 45702 37 45743 33 45778 46 45868 2 45926 16 45958 36 45999 33 46035 45 46182 17 46214 36 46254 34 46292 44 46437 18 46470 36 46510 34 46548 44 46595 1 46692 19 46726 35 46766 35 46803 20 46829 19 46851 1 46947 20 46982 35 47021 56 47085 19 47107 1 47203 20 47238 34 47277 55 47342 18 47363 1 47372 3 47458 21 47495 33 47532 54 47598 18 47619 2 47627 5 47713 22 47751 32 47788 51 47854 18 47875 14 47968 23 48007 31 48044 49 48110 18 48131 15 48151 9 48224 23 48264 30 48300 48 48366 18 48387 31 48479 24 48521 28 48556 47 48622 18 48642 45 48735 24 48777 27 48812 46 48877 19 48898 46 48991 24 49035 23 49068 43 49133 19 49153 48 49247 24 49292 20 49324 39 49389 68 49503 24 49550 15 49580 37 49644 70 49732 6 49760 23 49808 9 49836 36 49900 70 49987 10 50017 22 50092 36 50156 70 50242 12 50274 21 50348 36 50411 72 50497 15 50531 21 50605 36 50666 73 50753 16 50787 21 50861 36 50922 73 51009 16 51044 20 51117 37 51178 73 51264 18 51300 20 51373 37 51433 21 51455 52 51520 19 51556 20 51629 38 51689 20 51712 51 51776 19 51812 19 51885 38 51945 20 51968 51 52032 20 52067 20 52141 39 52201 19 52224 51 52288 20 52323 20 52397 39 52457 19 52480 50 52544 20 52579 20 52653 39 52713 18 52736 50 52800 21 52835 20 52909 40 52969 18 52992 49 53057 20 53092 18 53165 40 53225 18 53248 46 53313 19 53348 18 53422 40 53481 19 53505 43 53570 18 53605 17 53678 43 53737 20 53761 42 53827 16 53862 15 53935 52 53993 20 54015 1 54017 41 54083 15 54118 15 54192 54 54250 43 54299 14 54341 11 54375 13 54449 54 54509 40 54558 9 54598 7 54633 9 54707 52 54773 32 54816 6 54857 1 54964 51 55030 31 55222 48 55287 30 55480 46 55544 30 55738 44 55801 29 55995 43 56057 29 56251 44 56314 28 56507 49 56571 26 56763 51 56828 15 56844 9 57019 53 57087 11 57102 6 57275 54 57344 9 57361 2 57531 55 57600 8 57787 56 57856 8 58042 58 58112 7 58298 60 58368 6 58553 64 58624 6 58808 68 58880 5 59063 70 59136 4 59319 70 59394 2 59574 72 59829 73 60084 74 60339 75 60415 1 60594 76 60671 1 60673 3 60849 77 60929 3 61104 78 61185 4 61360 77 61441 4 61615 78 61697 4 61871 78 61953 4 62127 78 62209 4 62382 79 62465 4 62638 78 62722 3 62894 78 62978 2 63150 78 63235 1 63406 77 63662 77 63918 76 64175 75 64431 75 64515 1 64688 75 64944 75 65201 73 65459 71 65535 1
243578,29179 5 29433 7 29686 10 29939 13 30191 17 30443 21 30695 25 30948 28 31201 31 31453 35 31706 38 31960 40 32213 43 32466 46 32720 48 32973 51 33227 53 33479 57 33731 61 33984 64 34237 67 34490 70 34743 73 34995 77 35248 80 35501 83 35754 86 36007 89 36261 91 36513 95 36767 97 37020 100 37273 103 37525 107 37778 110 38031 113 38285 115 38538 118 38791 121 39045 123 39297 127 39549 131 39802 134 40055 137 40308 140 40561 143 40815 145 41069 147 41321 151 41573 155 41826 158 42079 161 42332 164 42585 167 42839 169 43093 171 43345 175 43598 178 43851 181 44104 184 44356 188 44610 190 44864 192 45117 195 45369 199 45621 203 45875 205 46129 207 46381 211 46635 213 46888 216 47142 218 47395 221 47648 224 47901 227 48154 230 48407 233 48661 235 48915 237 49169 239 49422 242 49676 244 49929 247 50178 15358
000003,0 65536
295041, 
000079,28 63 284 63 541 63 797 63 1053 64 1310 63 1566 63 1822 63 2079 62 2335 62 2591 61 2816 2 2847 61 3072 8 3103 60 3328 11 3358 61 3584 14 3613 60 3840 88 4096 85 4352 83 4608 82 4864 80 5120 79 5376 77 5632 75 5888 72 6144 48 6195 19 6400 48 6453 15 6656 48 6711 12 6912 48 6970 7 7168 48 7424 49 7680 49 7936 50 8192 51 8448 52 8704 52 8960 53 9216 53 9472 53 9728 53 9984 53 10240 52 10496 52 10752 51 11008 50 11264 49 11520 48 11776 48 12032 47 12288 47 12544 47 12800 46 13056 46 13312 46 13568 46 13824 46 14080 46 14336 46 14592 46 14848 46 15104 47 15360 47 15616 46 15872 46 16128 46 16384 46 16640 45 16896 45 17152 44 17408 44 17664 44 17920 44 18176 43 18432 43 18688 42 18944 42 19200 41 19456 40 19712 39 19968 21 19991 3 20000 6 20224 20 20480 20 20736 20 20992 20 21248 21 21504 22 21760 23 22016 24 22272 25 22528 26 22784 27 23040 28 23296 29 23552 30 23808 32 24064 33 24320 36 24576 45 24832 48 24893 5 25088 50 25144 13 25344 70 25600 71 25856 72 26112 72 26368 72 26624 72 26880 72 27136 73 27392 73 27648 73 27904 73 28074 6 28160 73 28327 11 28416 73 28576 18 28672 73 28831 20 28928 72 29086 22 29184 72 29341 23 29440 72 29596 25 29696 72 29852 25 29952 72 30107 27 30208 72 30363 27 30464 71 30618 28 30720 71 30874 28 30976 69 31130 29 31232 68 31386 30 31488 67 31642 31 31744 67 31899 32 31936 4 32000 67 32156 43 32256 67 32412 44 32512 66 32670 44 32768 66 32926 46 33024 41 33068 21 33183 47 33280 40 33329 16 33439 48 33536 39 33591 8 33695 49 33792 39 33951 49 34048 39 34206 51 34304 40 34462 51 34560 41 34718 51 34816 42 34973 52 35072 43 35229 51 35328 43 35485 51 35584 44 35740 51 35840 44 35996 51 36096 44 36253 50 36352 43 36509 49 36608 43 36765 49 36864 43 37021 49 37120 42 37277 48 37376 42 37534 47 37632 41 37790 46 37888 40 38046 46 38144 39 38302 45 38400 37 38558 45 38656 34 38815 43 38912 31 39071 43 39168 29 39327 44 39424 14 39583 45 39681 9 39839 47 40095 48 40351 49 40607 49 40864 49 41120 49 41376 48 41633 47 41692 6 41889 47 41947 8 42146 45 42202 10 42402 44 42458 10 42659 42 42713 11 42915 41 42969 11 43172 39 43225 11 43429 37 43480 12 43685 36 43737 10 43942 33 43993 9 44199 31 44250 8 44455 29 44507 5 44712 26 44970 22 45227 20 45484 18 45742 14 46000 10 46481 2 46736 4 46992 5 47247 6 47503 6 47760 5 48016 6 48273 7 48296 9 48529 13 48548 16 48785 37 49041 38 49297 39 49552 41 49808 41 50064 41 50319 43 50575 43 50764 4 50830 44 51019 6 51086 44 51274 8 51342 43 51529 10 51598 43 51785 10 51853 44 52040 11 52109 44 52296 11 52365 44 52552 12 52621 43 52809 11 52877 43 53065 11 53133 43 53322 10 53389 43 53578 10 53645 43 53835 9 53901 43 54092 8 54157 43 54348 8 54413 43 54605 6 54669 42 54862 4 54925 42 55182 40 55438 40 55695 38 55951 37 56209 34 56467 10 56484 14 56744 7
614416,0 65536
715702,0 65536
664566,0 8639 8642 251 8899 250 9155 249 9411 249 9667 249 9923 249 10179 250 10436 249 10692 250 10949 251 11205 252 11462 253 11719 254 11975 4663 16639 251 16896 236 17140 3 17152 235 17408 234 17664 233 17919 233 18175 233 18421 4 18427 2 18431 233 18675 246 18931 246 19187 247 19443 248 19700 5 19707 2 19710 237 19963 2 19967 237 20220 1 20223 237 20476 1 20478 238 20731 241 20987 240 21242 241 21497 242 21752 243 22008 242 22263 243 22518 244 22773 245 23027 248 23280 42256
126135,0 26420 26424 251 26682 248 26938 248 27194 249 27449 251 27704 2012 29717 253 29974 251 30231 249 30487 248 30743 247 30999 246 31254 247 31510 234 31745 12 31766 248 32022 250 32279 251 32536 3 32546 240 32803 240 33059 241 33314 245 33570 248 33824 1504 35329 255 35586 3 35591 249 35848 248 36105 247 36361 247 36618 246 36874 246 37130 246 37387 76 37465 167 37644 74 37722 166 37902 72 37980 110 38092 52 38160 70 38237 107 38352 48 38417 69 38496 104 38610 46 38674 68 38756 100 38867 45 38931 67 39015 96 39123 45 39188 66 39273 94 39380 4 39388 36 39444 65 39531 92 39637 3 39644 36 39699 66 39789 89 39894 42 39954 62 40046 88 40149 43 40210 60 40303 86 40405 43 40466 58 40559 85 40661 43 40722 57 40814 41 40859 41 40916 44 40978 55 41069 38 41118 38 41172 44 41235 53 41323 37 41375 37 41428 44 41492 51 41578 33 41633 35 41684 44 41749 48 41832 34 41890 35 41940 44 42013 39 42087 35 42147 34 42197 43 42273 34 42343 35 42404 33 42453 43 42531 30 42598 36 42666 28 42710 42 42789 27 42853 37 42924 25 42967 41 43047 6 43057 14 43109 37 43181 23 43224 40 43315 10 43364 38 43438 22 43482 38 43572 7 43619 39 43695 20 43741 35 43874 40 43952 18 44001 31 44130 39 44208 18 44259 29 44385 40 44465 17 44517 27 44640 41 44721 17 44774 26 44895 41 44978 17 45030 26 45151 41 45235 26 45287 25 45408 40 45491 27 45544 24 45665 39 45747 28 45800 24 45923 36 46004 27 46057 23 46181 34 46260 27 46314 22 46439 32 46516 27 46571 21 46696 31 46772 27 46828 20 46953 30 47028 27 47085 19 47210 29 47284 27 47343 17 47466 29 47540 26 47600 16 47723 28 47796 26 47857 15 47979 28 48052 26 48113 15 48235 28 48308 26 48370 14 48491 27 48564 26 48626 14 48747 26 48820 26 48882 14 49004 24 49076 27 49138 14 49260 22 49331 30 49362 7 49394 14 49516 20 49586 40 49650 14 49772 19 49840 44 49906 14 50028 18 50058 13 50089 52 50162 14 50284 18 50312 20 50338 61 50417 15 50540 19 50567 89 50673 15 50796 20 50822 92 50929 15 51052 22 51077 95 51184 16 51308 23 51332 97 51439 17 51564 121 51694 18 51821 22 51845 98 51948 20 52077 21 52101 99 52203 21 52334 19 52358 122 52592 16 52614 122 52870 122 53126 122 53382 122 53636 124 53891 103 53996 20 54144 105 54253 19 54388 7 54397 108 54509 19 54642 119 54765 19 54898 118 55022 18 55153 119 55278 18 55409 119 55534 18 55665 118 55790 18 55922 117 56046 18 56179 116 56302 18 56437 113 56558 18 56700 106 56813 19 56912 8 56957 106 57068 20 57166 11 57213 131 57421 13 57470 132 57674 17 57727 132 57928 20 57984 132 58182 24 58241 131 58436 28 58497 131 58691 30 58754 130 58945 33 59010 131 59199 35 59266 131 59454 36 59522 131 59709 37 59778 131 59965 37 60034 130 60220 37 60289 125 60415 5 60476 37 60545 124 60673 3 60732 36 60801 123 60987 37 61057 122 61242 37 61313 121 61498 37 61569 121 61753 38 61825 121 62008 39 62081 121 62264 40 62337 121 62519 41 62593 121 62774 43 62850 120 63030 26 63057 16 63106 120 63286 25 63314 16 63336 4 63363 119 63541 26 63571 16 63589 8 63619 119 63797 26 63828 25 63876 118 64052 27 64084 24 64132 118 64308 27 64341 23 64388 118 64563 29 64596 25 64644 118 64819 29 64853 23 64900 118 65075 29 65110 21 65157 117 65331 29 65371 12 65414 116
432339,0 65536
867180,4 51 74 3 261 49 517 50 771 53 842 3 1028 52 1099 2 1285 50 1542 49 1799 47 2056 46 2313 45 2569 45 2826 44 3082 43 3338 43 3594 43 3850 42 4106 41 4356 1 4358 2 4362 4 4369 32 4609 9 4626 31 4864 10 4882 6 4891 22 5120 10 5139 3 5149 19 5376 10 5395 2 5409 15 5632 10 5651 3 5666 14 5889 9 5906 5 5923 13 6145 9 6162 6 6179 13 6402 9 6418 6 6436 13 6658 13 6674 5 6693 13 6728 3 6913 14 6950 14 6983 5 7168 15 7206 16 7238 7 7424 15 7463 17 7493 9 7680 15 7719 18 7749 9 7936 16 7975 19 8004 10 8192 16 8230 21 8259 11 8448 17 8486 22 8514 11 8704 17 8742 24 8768 12 8960 19 8998 38 9216 23 9253 39 9472 25 9509 39 9728 27 9764 39 9984 33 10019 40 10240 74 10496 72 10752 72 11008 71 11264 71 11343 6 11520 70 11598 8 11776 70 11853 9 12032 69 12109 8 12288 69 12364 9 12544 68 12619 9 12800 69 12874 10 13056 70 13130 11 13312 71 13386 11 13568 72 13642 12 13824 72 13898 13 14080 88 14336 88 14592 89 14848 91 15104 92 15360 94 15616 95 15872 96 16128 97 16384 98 16640 99 16762 2 16896 101 17017 5 17151 103 17272 7 17405 110 17527 8 17659 114 17783 9 17913 118 18038 11 18167 122 18293 13 18421 143 18676 145 18931 147 19187 149 19442 151 19697 153 19952 154 20207 156 20462 157 20717 159 20971 161 21225 163 21480 164 21735 165 21990 166 22246 166 22501 166 22757 166 23012 166 23267 167 23522 169 23776 171 24031 172 24286 173 24473 4 24541 175 24726 10 24797 175 24980 13 25052 177 25234 15 25308 198 25513 3 25563 200 25767 6 25801 11 25818 212 26054 234 26300 246 26555 249 26810 38726
000068,0 65536
000023,7 36 114 39 204 4 263 36 371 38 519 36 626 40 706 2 775 37 882 40 959 8 1031 38 1138 40 1212 11 1287 38 1394 40 1467 13 1544 37 1651 39 1721 15 1801 37 1907 39 1976 16 2058 36 2163 39 2230 19 2315 35 2419 39 2485 21 2572 34 2676 38 2740 22 2829 33 2932 38 2995 24 3086 33 3188 38 3250 27 3344 31 3444 38 3505 31 3601 30 3700 37 3760 39 3858 29 3956 37 4014 46 4114 30 4212 37 4269 50 4371 29 4468 36 4524 58 4628 28 4725 35 4779 61 4884 28 4981 34 5034 63 5141 27 5237 34 5290 64 5398 26 5493 33 5545 65 5655 26 5749 33 5801 66 5880 4 5913 24 6005 32 6056 68 6135 5 6171 22 6261 32 6312 68 6390 6 6431 17 6517 31 6568 69 6646 6 6694 10 6772 31 6824 69 6902 5 6952 7 7028 30 7080 70 7159 3 7210 4 7284 29 7336 70 7539 29 7592 70 7795 29 7848 71 8051 30 8105 70 8307 30 8362 69 8563 30 8619 22 8643 44 8818 32 8876 20 8900 43 9075 31 9132 20 9157 42 9331 31 9389 19 9413 42 9587 31 9646 17 9670 41 9844 30 9902 17 9928 39 10070 3 10100 30 10146 29 10185 37 10323 11 10357 28 10400 31 10442 36 10578 16 10614 27 10656 30 10698 36 10833 19 10871 26 10911 30 10954 36 11088 23 11129 23 11166 30 11210 36 11344 27 11386 21 11422 29 11466 36 11599 30 11644 18 11678 28 11722 36 11855 32 11903 14 11934 28 11978 36 12111 33 12165 6 12190 28 12235 35 12367 34 12446 28 12491 37 12622 36 12702 28 12747 40 12878 36 12957 30 13004 41 13134 37 13213 30 13261 41 13389 38 13469 30 13518 40 13645 39 13724 32 13775 40 13901 39 13979 33 14034 17 14055 16 14156 40 14234 33 14291 16 14311 16 14412 40 14489 34 14548 16 14567 17 14668 40 14743 36 14804 36 14924 39 14997 38 15059 37 15180 39 15251 40 15315 36 15436 39 15506 41 15571 36 15692 39 15761 41 15827 36 15948 39 16016 42 16083 36 16204 39 16272 43 16339 35 16460 39 16528 43 16595 35 16716 38 16784 44 16852 33 16972 38 17039 46 17108 32 17190 4 17228 38 17295 46 17365 31 17444 7 17484 38 17552 46 17622 30 17698 10 17740 39 17808 47 17879 28 17953 12 17996 39 18064 47 18137 26 18209 13 18252 40 18320 47 18394 25 18464 15 18508 42 18576 48 18651 24 18719 27 18764 44 18832 48 18909 22 18975 29 19020 45 19088 48 19166 21 19231 30 19276 47 19344 49 19423 21 19486 32 19532 47 19600 50 19679 21 19742 32 19788 48 19856 56 19936 20 19998 33 20044 48 20112 57 20193 19 20255 32 20301 48 20368 58 20450 18 20511 32 20557 23 20581 24 20624 59 20707 17 20767 33 20814 18 20839 22 20880 59 20963 17 21023 33 21071 15 21095 22 21136 59 21220 16 21278 34 21330 8 21352 21 21392 60 21477 14 21533 35 21607 22 21648 60 21733 14 21786 38 21863 22 21904 42 21949 15 21990 12 22038 43 22119 22 22160 41 22205 15 22246 11 22292 24 22319 18 22375 22 22415 41 22460 16 22502 11 22548 23 22576 17 22631 22 22671 41 22716 15 22758 10 22803 24 22832 18 22887 22 22927 41 22972 15 23014 10 23059 24 23089 17 23143 21 23183 42 23228 15 23271 9 23315 24 23345 17 23399 21 23439 43 23485 13 23527 8 23571 24 23602 17 23656 19 23695 44 23741 13 23784 7 23827 24 23858 17 23912 19 23951 44 23999 9 24040 6 24083 23 24114 17 24169 17 24210 41 24257 5 24298 3 24340 22 24370 17 24426 14 24468 40 24596 22 24626 17 24683 8 24725 39 24853 20 24882 16 24982 38 25109 20 25139 15 25238 38 25366 18 25395 14 25495 37 25624 15 25652 12 25752 36 25882 11 25909 9 26010 34 26142 6 26166 4 26268 31 26529 26 26786 24 27043 22 27299 21 27555 11 27571 2 27768 4 27811 10 28021 9 28067 9 28275 12 28323 9 28529 15 28579 9 28784 17 28836 8 29038 19 29092 7 29293 21 29349 6 29548 22 29606 3 29802 24 30057 25 30311 27 30565 28 30816 33 31069 35 31313 5 31323 37 31568 48 31824 49 32079 52 32237 3 32335 54 32491 7 32591 61 32746 9 32846 65 33000 12 33102 67 33255 14 33358 68 33509 16 33614 69 33764 18 33871 69 34019 19 34127 69 34274 20 34383 70 34529 22 34640 69 34784 23 34896 70 35040 23 35120 6 35153 69 35296 23 35374 11 35409 30 35441 38 35551 23 35629 14 35666 28 35698 37 35807 23 35883 17 35922 27 35954 38 36063 23 36137 20 36179 25 36210 39 36319 22 36388 26 36436 23 36467 39 36575 22 36642 28 36693 20 36723 40 36778 8 36831 21 36896 30 36951 16 36980 41 37029 17 37086 22 37151 31 37210 11 37237 67 37343 20 37406 32 37469 5 37494 68 37599 20 37662 31 37750 70 37855 19 37917 32 38007 71 38111 18 38173 31 38264 72 38368 17 38429 31 38520 73 38614 2 38625 15 38685 30 38776 74 38867 7 38882 12 38941 30 38977 2 39032 75 39122 9 39139 9 39197 31 39229 9 39289 75 39376 12 39453 42 39545 75 39629 15 39709 43 39802 75 39881 20 39965 44 40059 8 40073 84 40222 44 40330 83 40478 45 40586 58 40645 25 40735 44 40842 57 40901 25 40992 44 41098 56 41157 25 41249 7 41264 28 41355 54 41413 25 41523 25 41611 19 41634 30 41669 26 41780 25 41868 16 41892 28 41925 26 42036 25 42124 15 42149 26 42180 27 42293 25 42381 12 42406 24 42436 27 42550 28 42638 10 42662 22 42691 28 42806 32 42895 7 42919 20 42946 28 43063 32 43152 6 43175 19 43202 28 43320 32 43408 5 43431 17 43457 28 43577 32 43664 6 43687 16 43713 27 43834 32 43920 8 43943 14 43969 26 44090 32 44151 6 44175 11 44199 12 44225 26 44347 31 44406 9 44431 16 44456 9 44481 24 44603 31 44662 10 44686 20 44713 6 44737 23 44859 31 44917 12 44942 22 44993 22 45116 10 45127 19 45173 13 45198 23 45250 20 45372 9 45384 18 45430 13 45453 25 45506 17 45629 6 45641 17 45686 13 45709 25 45763 11 45887 2 45898 15 45942 14 45965 26 46021 5 46048 5 46154 15 46199 13 46221 26 46303 6 46410 15 46456 12 46477 26 46558 8 46667 13 46712 12 46733 26 46814 8 46923 13 46970 9 46989 27 47069 9 47180 11 47227 7 47245 27 47325 9 47437 9 47485 3 47501 27 47581 9 47694 7 47756 28 47838 7 48012 28 48095 5 48180 4 48268 28 48353 1 48434 8 48524 28 48689 10 48781 26 48944 13 49037 26 49199 15 49294 25 49455 21 49551 24 49590 2 49711 22 49808 7 49816 16 49835 17 49967 22 50074 37 50223 22 50330 39 50479 22 50585 41 50735 21 50839 44 50991 15 51094 45 51248 13 51349 47 51505 10 51604 48 51762 8 51860 48 52020 4 52115 49 52371 48 52626 49 52882 48 53138 47 53394 46 53650 44 53906 43 54163 41 54419 41 54676 39 54932 38 55189 37 55446 35 55702 34 55959 33 56216 31 56473 29 56730 27 56897 4 56986 26 57151 9 57243 24 57382 4 57405 13 57500 21 57635 10 57659 20 57756 18 57890 15 57911 29 58014 13 58144 55 58272 9 58399 58 58654 60 58910 61 59165 62 59420 64 59675 65 59931 65 60186 66 60442 66 60698 66 60954 65 61210 65 61466 65 61652 6 61722 65 61906 9 61978 65 62159 14 62235 63 62412 18 62491 63 62666 21 62748 62 62920 23 63005 61 63175 25 63262 31 63301 20 63431 26 63519 7 63530 17 63560 17 63686 28 63777 3 63787 15 63819 13 63942 29 64044 13 64077 11 64197 30 64301 11 64335 8 64453 30 64558 8 64592 6 64708 31 64964 31 65220 30 65476 30
417960,0 65536
995278,0 16 36 59 172 8 256 15 293 57 430 5 512 15 548 60 684 8 768 17 802 65 937 12 1024 17 1058 67 1193 12 1280 15 1315 63 1449 11 1536 14 1572 61 1705 11 1792 13 1828 62 1961 12 2044 1 2048 12 2084 62 2217 12 2299 2 2304 11 2341 62 2474 11 2554 3 2560 9 2597 63 2730 12 2810 4 2816 8 2834 3 2853 63 2986 12 3065 14 3088 7 3109 64 3243 12 3321 7 3329 5 3342 11 3364 49 3415 14 3499 12 3576 8 3587 2 3597 13 3619 50 3671 14 3756 12 3832 8 3843 2 3852 17 3874 67 4013 11 4088 8 4099 3 4107 89 4269 11 4345 5 4351 1 4355 96 4526 9 4602 3 4610 95 4783 8 4859 2 4865 88 5041 4 5120 87 5376 85 5632 83 5888 81 6144 79 6400 64 6470 8 6656 63 6727 6 6893 2 6912 63 6985 2 7148 3 7168 63 7404 4 7424 64 7660 5 7680 64 7916 5 7936 65 8172 5 8192 66 8428 5 8448 67 8684 5 8704 69 8939 6 8960 70 9194 6 9216 71 9432 8 9449 7 9472 72 9686 13 9703 8 9728 73 9941 26 9984 73 10196 26 10240 73 10452 26 10496 73 10708 25 10752 73 10963 26 11008 72 11219 26 11264 72 11474 27 11520 72 11729 28 11776 72 11982 31 12032 71 12236 33 12288 69 12492 32 12544 67 12748 32 12800 65 13005 31 13056 64 13264 28 13312 63 13522 26 13568 62 13779 25 13824 62 14036 24 14080 62 14292 24 14336 62 14548 24 14592 62 14805 23 14848 61 15061 23 15104 61 15318 22 15360 61 15575 21 15616 61 15833 19 15872 60 16091 16 16128 60 16350 13 16384 60 16613 4 16640 60 16896 59 17152 46 17203 8 17408 44 17462 3 17664 36 17704 1 17920 28 18176 23 18432 20 18688 12 18704 1 18944 12 19200 12 19214 3 19456 19 19712 20 19968 21 20224 21 20480 22 20736 22 20992 22 21098 3 21248 22 21350 9 21504 22 21604 12 21760 22 21859 13 22016 11 22029 8 22115 14 22272 9 22287 5 22370 15 22528 8 22626 15 22784 7 22882 15 23040 7 23138 15 23296 7 23394 15 23552 6 23650 15 23808 6 23907 14 24064 6 24164 13 24320 6 24421 11 24576 6 24678 9 24832 6 24936 6 25088 7 25344 7 25600 8 25856 8 26112 9 26368 9 26459 7 26624 10 26713 10 26880 10 26968 12 27136 10 27224 13 27392 10 27479 16 27648 10 27734 21 27904 9 27990 23 28160 9 28245 26 28416 8 28501 26 28672 7 28756 27 28928 6 29011 29 29184 6 29266 30 29440 5 29521 31 29696 4 29777 31 29954 2 30032 32 30288 33 30544 34 30799 36 31055 37 31310 39 31566 40 31821 42 32077 43 32333 45 32588 47 32844 47 33100 47 33356 46 33612 46 33868 46 34124 46 34380 34 34420 5 34636 32 34677 3 34892 30 35148 27 35404 24 35660 20 35916 20 36172 19 36428 18 36684 17 36940 15 37196 14 37453 11 37710 9 37967 7 38225 3 40962 2 41216 6 41472 7 41728 7 41984 7 42240 8 42496 8 42752 8 43008 8 43264 8 43520 8 43776 7 44032 7 44288 7 44544 6 44800 6 45056 5 45312 5 45568 5 45824 5 46080 5 46336 5 46592 5 46848 6 47104 6 47360 6 47616 6 47872 7 48128 7 48384 7 48640 7 48896 7 49152 7 49408 6 49664 6 49920 5 50176 4
490941,0 341 343 65193
192744,0 55 80 117 203 48 256 55 337 170 512 55 592 171 768 56 847 173 1024 57 1102 174 1280 59 1358 174 1536 60 1614 173 1792 62 1869 170 2048 63 2125 168 2304 64 2380 167 2560 65 2636 166 2816 65 2891 167 3072 66 3146 134 3282 32 3328 67 3401 170 3584 68 3655 173 3840 245 4096 247 4352 250 4608 250 4864 251 5120 251 5376 251 5632 251 5888 251 6144 250 6400 250 6656 252 6912 246 7160 5 7168 246 7416 5 7424 246 7672 5 7680 246 7928 5 7936 253 8192 253 8448 253 8704 253 8960 253 9216 253 9472 253 9728 253 9984 253 10240 253 10496 253 10752 253 11008 253 11264 253 11520 253 11776 253 12032 253 12288 253 12544 253 12800 253 13056 253 13312 253 13568 253 13824 253 14080 253 14336 253 14592 253 14848 253 15104 252 15360 252 15616 252 15872 252 16128 252 16384 251 16640 250 16896 250 17152 250 17408 249 17664 249 17920 248 18176 247 18432 246 18688 245 18944 244 19200 242 19456 238 19712 236 19968 235 20217 2 20224 234 20473 3 20480 234 20729 4 20736 234 20985 4 20992 234 21241 4 21248 235 21497 4 21504 236 21753 4 21760 236 22009 4 22016 237 22265 4 22272 237 22521 4 22528 238 22777 4 22784 238 23033 4 23040 238 23288 5 23296 238 23544 6 23552 238 23799 7 23808 238 24054 8 24064 238 24310 8 24319 226 24550 8 24565 235 24806 9 24821 234 25062 9 25077 233 25318 9 25332 208 25548 17 25573 10 25588 205 25806 9 25828 12 25844 10 25855 193 26064 5 26083 13 26100 10 26112 192 26339 11 26356 10 26368 192 26596 8 26613 8 26624 192 26852 7 26870 7 26880 192 27110 3 27127 6 27136 164 27302 27 27384 5 27392 163 27559 26 27648 162 27816 26 27904 162 28072 26 28160 163 28328 26 28416 166 28585 25 28672 195 28928 195 29184 195 29440 195 29696 196 29952 198 30208 200 30464 201 30720 202 30976 203 31194 3 31232 203 31449 9 31488 158 31649 5 31662 29 31706 10 31744 143 31892 8 31920 27 31962 12 32000 141 32150 3 32176 26 32219 13 32256 140 32432 26 32475 15 32512 140 32687 26 32731 18 32768 140 32943 26 32988 19 33024 141 33198 26 33244 20 33276 1 33280 141 33454 26 33500 21 33530 3 33536 142 33710 25 33757 21 33784 5 33792 143 33966 25 34013 22 34040 5 34048 143 34222 25 34269 22 34295 7 34304 143 34479 24 34525 22 34551 7 34560 143 34735 24 34781 22 34807 7 34816 143 34992 22 35037 22 35063 7 35072 121 35194 21 35249 21 35293 22 35320 6 35328 117 35455 16 35506 20 35549 22 35577 4 35584 99 35689 10 35713 13 35762 20 35805 21 35833 4 35840 97 35946 8 35972 9 36019 19 36062 20 36090 3 36096 96 36204 4 36230 6 36276 18 36318 20 36346 3 36352 95 36460 4 36488 2 36532 17 36574 20 36602 3 36608 94 36789 16 36829 22 36858 3 36864 94 37046 15 37085 23 37113 4 37120 87 37210 4 37303 14 37340 33 37376 88 37466 3 37559 14 37594 35 37632 93 37761 5 37816 13 37849 36 37888 93 38016 9 38072 14 38104 37 38144 94 38272 10 38329 15 38359 37 38400 94 38528 11 38585 21 38615 35 38656 95 38784 11 38841 23 38870 35 38912 95 39042 9 39097 24 39126 34 39168 96 39300 7 39353 25 39382 33 39424 96 39557 6 39609 25 39638 33 39680 97 39815 3 39865 26 39893 33 39936 88 40028 5 40121 60 40192 87 40286 2 40306 3 40376 61 40448 87 40561 4 40632 60 40704 86 40816 5 40888 60 40960 87 41071 6 41144 60 41216 87 41325 10 41400 60 41472 88 41581 16 41656 60 41728 26 41766 51 41836 18 41912 60 41984 24 42023 52 42092 19 42168 60 42240 23 42280 53 42348 20 42395 4 42404 4 42424 60 42496 22 42537 53 42604 20 42651 5 42658 6 42680 60 42752 21 42795 52 42860 20 42906 15 42935 61 43008 21 43053 4 43064 39 43116 21 43162 15 43190 62 43264 20 43321 38 43371 22 43417 16 43444 64 43520 21 43578 37 43627 22 43673 18 43697 67 43776 22 43836 34 43883 22 43929 91 44027 1 44032 21 44093 33 44139 22 44185 91 44283 1 44288 21 44350 32 44395 22 44441 93 44535 6 44544 21 44607 30 44651 22 44698 99 44800 20 44864 29 44907 21 44954 99 45057 19 45122 27 45163 20 45211 97 45313 18 45379 25 45419 11 45469 95 45569 18 45636 24 45675 10 45729 89 45825 17 45893 23 45931 9 45985 88 46081 15 46150 22 46187 8 46225 4 46241 87 46337 13 46406 21 46442 8 46479 13 46497 86 46593 14 46663 19 46696 3 46734 15 46752 67 46823 15 46849 15 46920 17 46951 3 46989 83 47085 7 47104 17 47177 16 47206 2 47244 77 47323 1 47360 16 47434 14 47500 21 47524 50 47616 16 47692 11 47756 20 47781 47 47873 13 47951 6 48012 20 48037 46 48130 10 48268 20 48294 44 48387 6 48523 20 48550 42 48779 7 48788 11 48807 26 48839 7 49035 6 49044 10 49064 23 49291 6 49301 9 49322 19 49548 4 49558 6 49580 16 49837 14 50094 11 50352 8 56590 3 56845 5 57100 8 57356 10 57595 3 57611 13 57846 8 57855 1 57867 14 58100 15 58122 16 58354 41 58609 43 58864 45 59119 47 59375 48 59630 50 59885 51 60140 53 60206 5 60389 2 60394 55 60459 8 60642 64 60714 9 60896 66 60970 9 61150 68 61227 6 61404 70 61659 72 61913 74 62168 75 62422 77 62676 44 62730 26 62931 45 62988 24 63185 47 63245 23 63441 47 63502 22 63696 48 63759 21 63951 49 64016 20 64207 49 64273 19 64462 48 64511 1 64530 17 64718 48 64788 15 64977 34 65019 2 65048 10 65235 28 65307 6 65496 16 65535 1
891930,87 54 200 32 248 5 254 1 344 8 356 20 386 10 457 31 506 3 511 1 600 33 639 13 713 31 761 7 855 56 924 2 968 32 1014 10 1111 59 1177 6 1223 32 1269 11 1368 57 1434 5 1480 30 1526 10 1625 58 1690 6 1736 29 1782 10 1882 59 1946 6 1992 28 2038 10 2139 58 2201 7 2249 26 2294 10 2398 57 2456 9 2513 16 2549 11 2655 66 2772 12 2801 15 2912 64 3030 8 3055 17 3168 64 3289 2 3310 18 3424 63 3565 19 3680 62 3820 20 3937 59 4074 22 4193 58 4329 23 4449 59 4584 24 4705 60 4840 24 4961 61 5095 25 5217 62 5294 5 5350 26 5473 63 5549 7 5606 26 5729 63 5804 10 5862 26 5985 63 6060 26 6119 25 6241 64 6315 30 6375 25 6497 64 6570 33 6631 25 6753 64 6825 34 6888 24 7009 64 7081 35 7145 23 7266 63 7336 37 7402 22 7522 63 7592 37 7658 22 7779 62 7847 39 7894 9 7915 21 8036 61 8103 59 8171 21 8293 61 8359 61 8426 22 8550 60 8615 89 8807 59 8871 89 9064 58 9126 90 9320 58 9381 91 9577 151 9833 151 10089 151 10344 152 10600 152 10855 153 11110 154 11365 155 11620 156 11874 158 12129 159 12385 159 12641 159 12897 159 13153 159 13409 159 13665 64 13731 93 13921 64 13988 92 14177 64 14245 91 14433 64 14502 90 14689 64 14759 89 14945 65 15016 88 15202 64 15273 87 15458 64 15529 87 15714 65 15786 76 15864 8 15970 65 16042 75 16121 7 16226 65 16297 76 16378 6 16482 66 16553 76 16634 6 16738 66 16809 76 16891 5 16994 67 17064 78 17147 5 17250 149 17403 3 17407 1 17506 150 17660 1 17663 1 17762 150 17916 1 18018 151 18275 151 18427 2 18531 154 18787 154 19044 153 19300 153 19556 153 19812 153 20068 153 20325 152 20581 152 20837 152 21094 151 21350 151 21606 151 21863 150 22119 150 22376 149 22632 148 22888 148 23144 146 23291 1 23400 149 23551 1 23656 150 23807 1 23913 151 24169 151 24425 151 24681 151 24937 151 25194 150 25450 150 25706 150 25962 150 26218 150 26474 150 26731 149 26987 149 27243 149 27499 149 27756 148 28012 148 28268 148 28525 147 28781 147 29037 147 29294 146 29550 146 29806 146 30063 145 30319 145 30575 145 30831 145 31088 144 31344 144 31600 144 31856 144 32113 143 32369 143 32625 143 32881 143 33138 142 33394 142 33651 141 33907 141 34163 141 34420 140 34676 140 34933 139 35190 138 35446 138 35703 137 35960 136 36217 135 36473 135 36730 134 36986 134 37243 133 37499 133 37755 133 38012 132 38268 132 38524 132 38781 131 39037 131 39294 130 39550 130 39806 130 40062 130 40318 130 40574 130 40830 130 41086 130 41342 130 41598 130 41854 130 42110 130 42366 130 42622 130 42879 129 43135 129 43391 129 43647 129 43903 129 44160 128 44416 128 44672 128 44928 128 45185 127 45441 127 45697 127 45954 126 46210 126 46467 125 46724 124 46980 124 47236 124 47493 123 47749 123 48006 122 48262 122 48519 121 48775 121 49031 121 49288 120 49544 120 49800 120 50056 120 50312 120 50568 120 50824 120 51080 120 51337 119 51593 119 51849 119 52105 119 52362 118 52618 118 52875 117 53131 117 53387 117 53644 116 53900 116 54156 116 54413 115 54669 115 54925 98 55029 11 55181 96 55286 10 55437 96 55543 9 55694 95 55799 9 55950 95 56055 9 56206 95 56311 9 56463 94 56567 9 56719 95 56822 10 56975 96 57078 10 57232 95 57333 11 57488 97 57587 13 57745 111 58001 111 58258 110 58515 109 58772 108 59030 106 59287 105 59543 105 59800 104 60056 104 60312 104 60568 104 60824 104 61080 104 61336 104 61592 104 61848 104 62104 104 62360 104 62616 104 62872 104 63128 104 63384 104 63640 104 63896 104 64152 104 64408 104 64664 104 64921 103 65177 103 65433 103
000078,0 65536
250616,0 65536
399102,3 1 106 68 217 17 363 67 474 15 619 67 730 15 771 1 874 69 985 17 1027 2 1130 69 1240 18 1283 1 1386 69 1496 18 1642 69 1750 20 1898 70 2003 24 2033 3 2154 71 2259 24 2288 6 2410 72 2514 25 2543 7 2666 72 2771 24 2799 7 2921 74 3028 23 3055 8 3177 74 3285 22 3311 8 3433 75 3542 20 3568 7 3689 75 3798 19 3824 7 3945 76 4055 17 4081 5 4201 76 4312 14 4456 77 4569 10 4712 78 4826 5 4968 78 5224 78 5479 80 5735 80 5990 82 6246 83 6383 2 6501 84 6635 6 6757 84 6890 7 7012 86 7145 7 7268 86 7402 5 7523 87 7779 88 8034 89 8290 89 8546 89 8802 89 9059 88 9316 87 9573 86 9830 85 9964 5 10086 84 10217 10 10342 84 10472 12 10598 83 10719 22 10853 65 10920 17 10973 24 11107 66 11178 13 11227 26 11346 6 11361 68 11436 8 11482 27 11600 9 11616 69 11737 28 11855 11 11871 70 11993 28 12110 13 12125 73 12248 29 12365 89 12503 29 12620 90 12758 31 12876 90 13012 33 13131 91 13258 43 13386 93 13507 51 13642 93 13761 53 13823 1 13897 94 14016 55 14076 4 14153 94 14270 66 14408 95 14525 67 14664 95 14779 69 14920 95 15033 71 15176 95 15287 73 15432 95 15541 75 15688 95 15796 76 15945 94 16052 76 16202 92 16308 76 16460 90 16563 77 16717 89 16819 77 16980 81 17076 76 17239 78 17332 76 17496 7 17516 57 17589 75 17772 57 17845 75 18028 57 18102 74 18284 57 18358 74 18540 56 18614 74 18796 56 18871 73 19000 3 19053 54 19127 73 19253 8 19310 53 19383 73 19508 9 19567 51 19639 73 19763 10 19824 50 19895 73 20019 11 20081 48 20152 72 20274 12 20337 47 20408 72 20529 14 20594 46 20664 72 20783 17 20852 44 20920 72 21030 28 21109 46 21177 71 21284 32 21365 49 21434 70 21538 36 21622 49 21690 70 21793 38 21878 50 21947 69 22048 40 22134 50 22203 69 22303 42 22390 51 22459 69 22559 42 22646 53 22715 69 22814 44 22902 55 22971 69 23070 44 23158 58 23227 69 23326 44 23415 58 23482 70 23582 44 23671 59 23738 70 23838 44 23927 59 23993 71 24094 44 24184 59 24249 71 24350 44 24441 58 24504 72 24606 44 24698 58 24760 72 24862 44 24954 134 25117 46 25210 134 25373 46 25464 136 25629 47 25715 141 25885 48 25968 144 26141 49 26223 145 26396 51 26478 146 26652 52 26733 147 26908 52 26989 147 27164 53 27244 148 27420 53 27500 148 27677 53 27756 148 27933 53 28012 148 28190 52 28268 148 28447 51 28524 148 28703 51 28780 148 28961 49 29037 147 29218 48 29293 147 29475 47 29550 146 29732 46 29807 145 29989 45 30063 145 30245 44 30319 145 30502 43 30575 145 30759 41 30832 144 31016 39 31088 144 31273 36 31343 145 31530 34 31599 145 31787 32 31855 145 32046 28 32111 145 32306 22 32366 146 32564 17 32622 121 32749 23 32822 10 32877 121 33006 23 33133 120 33261 25 33389 119 33516 27 33645 119 33772 28 33901 119 34027 29 34157 120 34282 30 34414 120 34536 32 34671 153 34928 152 35185 150 35442 149 35699 147 35957 144 36214 143 36471 141 36729 135 36986 134 37243 133 37500 132 37757 131 38014 130 38271 129 38528 128 38785 127 38957 3 39042 126 39211 7 39298 126 39466 9 39555 125 39721 10 39811 125 39977 11 40067 125 40233 11 40323 125 40489 11 40578 126 40745 11 40834 126 41002 10 41090 126 41259 8 41346 126 41516 7 41601 127 41774 4 41857 127 42113 127 42369 127 42624 128 42880 128 43136 128 43392 128 43647 129 43903 129 44159 129 44415 129 44671 129 44927 129 45184 128 45411 2 45439 129 45666 2 45695 129 45922 2 45950 130 46177 2 46206 130 46433 2 46461 131 46689 1 46716 132 46945 1 46972 132 47200 2 47227 133 47456 3 47482 134 47712 3 47737 135 47968 3 47992 136 48225 2 48245 139 48499 141 48754 142 49009 143 49265 143 49521 143 49777 143 50033 143 50289 143 50545 143 50801 143 51057 143 51313 143 51570 142 51826 142 52082 142 52338 142 52594 142 52850 142 53106 142 53362 142 53618 142 53874 142 54130 142 54386 142 54642 142 54899 141 55155 141 55297 1 55411 145 55667 146 55923 146 56179 146 56436 145 56693 144 56950 143 57208 141 57465 140 57721 140 57978 139 58235 138 58491 133 58625 3 58747 133 58952 6 59003 133 59207 12 59259 133 59462 15 59505 5 59515 133 59717 18 59759 145 59972 20 60014 146 60227 22 60269 147 60482 23 60525 147 60737 24 60780 148 60993 24 61035 149 61248 25 61290 150 61504 25 61539 157 61760 25 61793 159 62015 26 62048 160 62271 27 62304 160 62527 27 62560 160 62783 27 62816 160 63039 28 63072 160 63295 29 63328 160 63551 30 63584 160 63807 31 63839 161 64063 193 64319 193 64576 192 64832 192 65088 192 65344 192
000007,0 65536
500314,66 12 85 22 322 12 341 22 578 12 597 23 775 3 835 11 853 23 916 16 1027 10 1092 9 1109 23 1171 20 1280 14 1349 7 1365 22 1427 23 1536 15 1608 1 1621 22 1683 26 1792 16 1877 21 1939 30 2048 17 2133 21 2195 34 2304 17 2390 19 2451 37 2560 18 2647 18 2708 38 2816 19 2904 16 2964 39 3072 19 3161 15 3221 39 3328 20 3419 12 3477 39 3584 21 3677 9 3733 39 3840 21 3937 2 3990 38 4096 22 4246 38 4352 23 4503 37 4608 23 4759 37 4864 23 5015 37 5120 23 5272 36 5376 23 5528 35 5632 23 5784 35 5888 23 6041 32 6144 22 6297 31 6402 20 6553 29 6660 17 6810 27 6918 15 7066 26 7176 11 7322 26 7434 7 7579 24 7835 24 8091 23 8347 22 8603 21 8859 20 9115 18 9371 17 9404 1 9627 16 9656 9 9884 14 9911 12 10140 13 10165 17 10397 11 10420 21 10654 9 10675 24 10912 5 10931 26 11187 27 11442 28 11698 29 11861 8 11954 29 12115 13 12211 28 12370 16 12467 28 12625 18 12723 27 12880 20 12980 26 13135 22 13238 14 13257 3 13390 23 13496 8 13645 24 13899 26 14153 28 14408 29 14663 30 14918 30 15174 30 15430 29 15686 29 15942 28 16199 27 16379 5 16456 25 16631 9 16713 24 16884 12 16971 21 17139 13 17231 14 17393 15 17649 15 17904 16 18160 16 18416 16 18672 16 18928 16 19184 16 19440 16 19695 17 19951 17 20207 17 20464 16 20720 16 20976 16 21232 16 21489 15 21723 3 21746 14 21978 4 22003 13 22233 5 22261 11 22488 5 22519 9 22742 6 22777 5 22783 1 22792 3 22997 5 23047 6 23253 3 23302 7 23528 8 23558 8 23779 15 23813 9 24033 18 24068 10 24287 20 24323 11 24542 21 24579 10 24775 9 24797 22 24835 10 25030 11 25053 23 25091 9 25286 11 25309 23 25347 8 25542 12 25564 24 25604 6 25798 12 25820 24 26054 12 26075 25 26111 1 26311 12 26331 25 26366 2 26568 12 26586 26 26621 3 26626 1 26825 14 26841 27 26875 5 26881 2 27083 42 27129 10 27341 55 27597 55 27854 55 28110 60 28367 63 28623 65 28879 66 29136 67 29393 11 29405 55 29649 9 29664 55 29907 6 29930 49 30165 1 30186 51 30442 51 30699 51 30955 51 31211 51 31467 51 31723 51 31787 7 31979 51 32041 11 32235 51 32296 13 32492 50 32550 16 32748 50 32805 18 33004 50 33060 20 33260 50 33315 22 33516 50 33570 24 33773 49 33826 24 34030 48 34081 26 34287 76 34544 7 34560 59 34816 59 35072 58 35170 2 35328 58 35425 6 35584 58 35680 10 35840 57 35935 15 36096 57 36191 20 36352 57 36447 23 36608 57 36703 24 36864 57 36958 27 37120 57 37214 28 37376 57 37470 28 37632 23 37657 33 37727 28 37888 22 37914 32 37983 28 38144 20 38170 32 38239 29 38400 18 38427 31 38495 29 38656 15 38682 32 38751 30 38912 12 38938 32 39007 32 39168 9 39194 33 39229 13 39263 34 39450 50 39518 36 39705 52 39774 38 39961 53 40029 40 40217 54 40284 42 40473 54 40540 43 40729 55 40795 45 40985 55 41051 46 41241 55 41307 47 41497 55 41563 47 41753 54 41819 48 42010 53 42075 48 42267 51 42331 48 42524 50 42587 48 42780 49 42843 48 43037 47 43100 47 43294 45 43356 48 43551 44 43613 47 43808 42 43869 48 43944 6 44065 40 44126 50 44197 11 44233 5 44322 39 44382 52 44450 16 44488 7 44579 38 44639 52 44703 20 44743 9 44835 39 44897 50 44957 22 44998 11 45091 39 45155 7 45165 39 45212 24 45254 11 45346 40 45424 36 45467 26 45510 11 45602 41 45686 31 45721 29 45766 11 45857 42 45943 30 45976 31 46022 11 46113 42 46199 66 46278 10 46369 43 46455 68 46534 9 46625 43 46712 70 46790 8 46881 42 46968 72 47046 7 47137 42 47224 73 47303 5 47393 42 47480 74 47561 1 47649 41 47736 75 47906 26 47935 10 47993 74 48163 24 48194 5 48250 74 48420 23 48507 73 48677 22 48764 20 48787 49 48934 21 49021 17 49043 49 49190 20 49277 15 49300 49 49448 18 49534 12 49556 49 49705 16 49791 10 49813 49 49963 14 50048 7 50070 49 50222 10 50259 7 50306 3 50326 51 50480 7 50513 12 50583 53 50709 10 50737 5 50768 15 50839 55 50962 14 51023 18 51095 56 51216 17 51278 20 51350 58 51471 19 51533 21 51606 59 51726 21 51788 23 51861 61 51982 21 52035 33 52117 61 52237 23 52288 36 52372 63 52493 23 52542 39 52628 63 52749 24 52796 41 52884 64 53005 24 53051 43 53139 65 53260 25 53306 44 53396 65 53516 25 53562 45 53652 65 53772 25 53817 46 53908 65 54027 26 54073 47 54164 65 54282 27 54329 47 54420 65 54538 26 54584 49 54676 65 54793 27 54840 49 54932 65 55048 27 55096 49 55189 64 55303 27 55351 51 55445 63 55559 26 55607 51 55701 63 55815 25 55862 52 55957 62 56071 23 56118 52 56214 61 56327 22 56373 52 56471 59 56583 21 56628 53 56730 3 56738 48 56839 21 56884 53 56998 43 57095 21 57139 54 57255 41 57352 19 57395 54 57512 39 57608 19 57651 54 57768 38 57864 19 57907 56 58024 37 58121 19 58164 57 58280 36 58377 19 58420 61 58536 35 58633 19 58677 63 58793 33 58890 19 58933 65 59049 33 59146 19 59190 66 59306 31 59403 17 59447 67 59563 29 59659 17 59705 66 59820 28 59916 16 59962 65 60077 26 60173 14 60221 63 60335 23 60430 12 60480 61 60596 15 60687 9 60738 60 60947 1 60994 61 61062 5 61251 73 61508 73 61764 74 62021 73 62277 73 62502 5 62534 72 62757 9 62790 72 63012 12 63047 71 63268 13 63303 71 63524 14 63560 70 63780 15 63816 70 64036 15 64073 68 64292 15 64329 68 64549 15 64586 66 64806 14 64843 64 65064 12 65099 49 65152 10 65321 11 65356 47 65408 10
000027,4956 5 5210 9 5464 13 5720 14 5975 16 6231 17 6487 18 6743 18 6999 19 7255 19 7511 19 7768 18 8024 18 8280 17 8536 17 8793 15 9049 14 9306 12 9563 9 9821 4 10429 6 10682 12 10936 15 11189 19 11443 21 11492 3 11697 23 11746 7 11951 26 12001 9 12205 28 12256 10 12460 29 12512 11 12669 11 12715 30 12767 22 12923 14 12971 30 13022 24 13178 16 13226 31 13278 25 13432 19 13482 32 13533 27 13687 20 13738 32 13789 27 13942 22 13994 33 14045 27 14197 23 14250 35 14300 29 14452 25 14506 36 14556 29 14707 26 14763 37 14812 30 14844 4 14962 27 15019 38 15068 36 15218 28 15275 39 15325 35 15473 29 15530 41 15581 35 15728 30 15786 42 15838 34 15983 32 16041 44 16095 33 16238 33 16296 45 16352 32 16494 33 16551 46 16611 29 16750 33 16805 49 16869 27 17006 32 17060 50 17127 25 17262 32 17315 51 17383 25 17518 32 17570 52 17639 25 17775 30 17825 53 17895 25 18032 29 18080 53 18151 25 18288 29 18336 53 18407 25 18545 27 18591 54 18662 26 18801 27 18847 54 18918 26 19057 27 19103 54 19173 27 19297 2 19314 26 19359 54 19428 28 19550 8 19571 24 19615 54 19684 28 19805 10 19827 24 19872 53 19939 29 20060 12 20084 23 20128 53 20195 29 20316 13 20341 21 20385 52 20451 29 20572 14 20598 20 20642 51 20706 29 20805 4 20827 16 20854 19 20899 7 20912 37 20962 28 21059 8 21083 16 21111 16 21170 34 21218 27 21314 10 21339 17 21368 12 21427 33 21474 26 21569 12 21595 17 21625 9 21684 32 21730 25 21825 12 21851 17 21885 1 21942 30 21987 23 22081 13 22107 17 22199 28 22244 20 22337 13 22363 17 22456 27 22501 17 22593 13 22619 17 22714 25 22758 14 22849 13 22875 17 22970 25 23016 10 23106 12 23132 15 23227 24 23275 5 23363 11 23389 14 23483 24 23620 10 23646 12 23738 25 23877 10 23903 11 23994 24 24135 10 24161 8 24249 25 24318 2 24396 6 24419 4 24505 25 24570 6 24653 6 24761 25 24824 8 24910 4 25016 26 25078 10 25272 27 25333 11 25528 28 25588 12 25783 30 25844 12 26038 31 26099 13 26292 34 26355 13 26482 1 26544 38 26611 13 26737 3 26798 40 26867 13 26992 5 27052 42 27124 12 27246 8 27307 43 27380 12 27501 10 27562 43 27637 11 27756 11 27817 44 27894 10 28010 14 28073 44 28151 9 28266 14 28328 45 28409 7 28521 16 28584 45 28667 5 28776 17 28840 45 29032 17 29095 45 29287 18 29351 45 29543 18 29608 44 29799 18 29864 44 30055 18 30120 43 30311 17 30376 42 30567 17 30633 40 30823 17 30890 35 31080 15 31147 33 31336 15 31404 31 31593 13 31663 27 31850 12 31928 18 32107 10 32186 15 32364 8 32444 12 32622 3 32702 8 34127 7 34381 11 34636 13 34891 14 35147 15 35402 16 35658 17 35914 17 36170 17 36426 17 36682 16 36939 15 37195 15 37452 13 37709 11 37968 5 38630 2 38882 9 39134 15 39384 22 39487 3 39630 33 39740 9 39884 35 39995 12 40139 37 40251 14 40395 37 40506 16 40650 38 40762 16 40905 39 41018 17 41161 39 41275 16 41416 40 41531 16 41672 40 41788 15 41927 41 42045 13 42182 42 42301 12 42438 42 42558 10 42693 43 42816 7 42949 43 43074 2 43204 44 43460 44 43716 44 43971 45 44227 44 44484 43 44740 43 44997 41 45253 41 45510 39 45767 37 46024 35 46280 35 46536 34 46793 33 47049 33 47305 33 47560 35 47816 35 48072 35 48327 36 48583 36 48839 36 49094 37 49350 37 49605 38 49861 37 50116 38 50372 38 50627 38 50882 39 51137 39 51392 39 51647 39 51902 38 52122 3 52158 27 52375 9 52413 27 52630 12 52669 27 52885 14 52925 27 53141 14 53181 27 53396 16 53436 29 53651 17 53692 30 53907 17 53948 31 54162 18 54205 31 54417 19 54461 32 54671 21 54717 33 54926 22 54974 32 55182 21 55230 32 55437 22 55487 31 55693 21 55743 31 55949 21 56000 30 56044 6 56204 21 56256 30 56298 10 56458 23 56513 29 56552 14 56712 25 56769 29 56808 15 56966 27 57026 28 57063 16 57221 29 57282 27 57319 17 57476 31 57539 26 57575 17 57731 32 57796 24 57831 18 57987 33 58052 23 58087 19 58242 34 58309 11 58325 5 58342 23 58498 35 58567 7 58598 26 58754 35 58825 3 58854 26 59010 36 59110 26 59266 36 59365 27 59522 36 59621 27 59778 36 59876 28 60034 36 60131 29 60291 35 60387 29 60548 34 60643 29 60806 32 60898 30 61065 28 61154 30 61327 22 61410 30 61586 18 61666 30 61845 12 61922 30 62178 30 62433 31 62689 31 62945 31 63201 31 63457 31 63713 31 63969 31 64225 31 64481 31 64737 31 64993 31 65250 30 65506 30
822622,6140 1 6395 2 6651 2 6906 3 7161 4 7416 5 7660 17 7913 20 8168 22 8422 24 8671 31 8925 35 9168 6 9177 39 9421 51 9675 53 9929 55 10183 57 10427 1 10436 60 10680 72 10934 74 11188 76 11417 1 11440 80 11667 11 11693 83 11919 113 12171 117 12404 8 12425 119 12652 148 12905 151 13159 153 13414 154 13668 156 13923 157 14177 159 14432 160 14686 162 14939 165 15192 168 15445 171 15697 175 15949 179 16201 183 16455 185 16708 188 16962 190 17216 192 17470 194 17724 196 17979 197 18233 199 18487 201 18739 205 18970 4 18991 209 19222 10 19241 215 19476 12 19495 217 19732 12 19749 219 19987 237 20227 1 20242 238 20483 3 20497 239 20738 12 20751 241 20994 254 21250 254 21506 254 21762 254 22018 254 22273 255 22529 24054 46585 254 46841 253 47098 252 47354 251 47610 251 47867 3 47871 245 48123 2 48127 245 48380 1 48383 244 48636 1 48639 244 48895 243 49151 243 49407 242 49663 241 49919 240 50175 240 50431 239 50684 1 50686 240 50940 242 51195 243 51451 243 51707 243 51963 243 52219 242 52475 242 52731 241 52987 240 53242 240 53498 239 53754 239 54010 239 54266 238 54521 239 54775 241 55030 241 55284 243 55539 244 55794 244 56050 244 56306 244 56562 243 56819 242 57076 241 57333 239 57590 237 57846 237 58103 235 58359 234 58615 232 58871 229 59128 226 59384 225 59641 224 59897 224 60154 223 60410 223 60667 222 60923 222 61179 223 61435 223 61692 222 61948 223 62204 223 62460 223 62719 220 62975 220 63232 219 63488 220 63744 220 63996 1 64000 220 64251 2 64256 221 64507 3 64512 221 64762 4 64768 222 65019 2 65024 221 65280 221 65535 1
990714,178 32 239 17 434 32 495 17 690 32 752 16 946 33 1008 16 1202 33 1265 15 1458 33 1522 14 1640 2 1715 32 1778 14 1892 8 1971 32 2035 13 2147 10 2227 32 2293 8 2402 13 2483 33 2657 15 2738 34 2912 16 2994 35 3168 16 3251 34 3424 16 3507 34 3680 16 3763 34 3938 14 4020 32 4201 5 4276 32 4533 31 4790 30 4854 3 5048 27 5109 8 5305 26 5364 12 5562 25 5619 13 5819 24 5875 13 6075 25 6131 13 6331 25 6387 13 6587 26 6643 13 6842 27 6899 13 7098 28 7155 13 7353 30 7411 13 7608 31 7667 13 7864 32 7923 13 8119 33 8179 13 8373 35 8435 13 8628 36 8690 14 8883 37 8946 14 9138 37 9202 14 9392 38 9458 14 9647 38 9713 15 9902 39 9969 15 10157 39 10225 15 10412 40 10481 15 10668 39 10737 15 10923 41 10993 15 11179 41 11248 16 11435 41 11503 17 11691 42 11759 17 11947 42 12014 18 12204 41 12269 19 12460 42 12525 19 12716 42 12780 20 12973 41 13036 20 13230 39 13292 20 13486 39 13548 20 13742 39 13804 20 13998 38 14060 20 14255 37 14316 20 14511 37 14572 20 14768 35 14828 20 15025 33 15085 19 15282 31 15341 19 15539 30 15597 19 15797 26 15854 18 16055 23 16110 18 16312 21 16366 18 16569 19 16622 18 16825 18 16878 18 17082 16 17133 19 17339 14 17388 20 17595 13 17644 20 17665 3 17852 11 17899 21 17921 3 18109 9 18154 22 18178 2 18366 7 18409 23 18434 2 18624 3 18664 24 18690 2 18919 25 18946 2 19173 27 19203 1 19424 32 19677 35 19881 4 19932 36 20137 5 20186 38 20392 6 20441 39 20487 3 20648 6 20697 39 20742 5 20904 6 20952 40 20997 6 21160 6 21207 41 21252 7 21417 5 21463 41 21508 6 21674 3 21718 42 21764 6 21973 43 22020 7 22229 43 22275 8 22484 44 22531 8 22740 44 22787 8 22995 45 23042 9 23251 45 23298 9 23507 45 23553 10 23763 45 23809 10 24020 44 24065 9 24276 44 24321 9 24533 53 24790 51 25047 50 25305 48 25562 47 25818 47 26074 47 26331 46 26587 47 26843 47 27099 47 27355 47 27611 47 27867 48 28124 47 28380 48 28637 47 28894 48 29152 47 29410 46 29667 46 29923 47 30179 48 30435 49 30692 49 30948 49 31204 50 31460 50 31717 49 31973 49 32032 8 32229 50 32285 12 32484 52 32539 15 32738 73 32990 77 33244 80 33499 82 33754 83 33948 5 34010 84 34202 9 34266 84 34457 10 34522 84 34712 11 34778 85 34968 12 35034 85 35223 12 35291 85 35479 12 35547 86 35734 13 35804 85 35990 13 36060 86 36245 13 36317 85 36501 13 36573 85 36757 13 36830 84 37013 13 37087 84 37269 13 37344 83 37525 13 37602 81 37781 14 37860 80 38037 17 38119 77 38293 20 38378 75 38550 21 38637 72 38806 22 38895 70 39062 24 39152 69 39318 26 39409 68 39575 26 39665 68 39831 27 39922 67 40087 28 40178 67 40343 29 40420 5 40435 66 40599 30 40674 9 40691 66 40855 31 40929 11 40947 11 40959 54 41111 32 41184 13 41204 9 41216 53 41367 33 41439 15 41472 52 41622 34 41694 16 41729 50 41878 35 41950 16 41986 47 42134 35 42205 17 42243 41 42389 37 42461 17 42502 35 42645 38 42717 17 42760 31 42901 39 42973 17 43017 29 43157 40 43229 18 43273 29 43413 41 43485 21 43529 29 43669 42 43741 25 43785 30 43926 41 43998 27 44041 30 44182 42 44255 30 44287 1 44296 31 44439 41 44512 32 44552 32 44695 41 44769 31 44808 32 44952 40 45025 31 45063 33 45210 38 45281 31 45319 33 45467 37 45537 31 45575 32 45725 34 45793 31 45831 32 45909 7 45983 32 46049 31 46087 32 46163 11 46242 28 46305 31 46343 32 46418 13 46500 25 46561 31 46599 32 46674 15 46759 21 46816 32 46855 32 46929 17 47022 13 47072 32 47111 31 47185 18 47280 8 47328 32 47368 29 47440 19 47584 32 47624 29 47696 20 47839 33 47881 26 47952 20 48094 34 48138 23 48209 19 48350 34 48396 17 48465 19 48605 35 48643 1 48652 15 48721 18 48860 36 48898 3 48909 13 48978 17 49115 37 49154 5 49165 12 49234 17 49371 37 49410 5 49421 11 49491 16 49626 38 49665 6 49678 10 49747 15 49881 39 49921 6 49933 10 50005 13 50136 38 50177 6 50189 10 50262 11 50392 38 50433 7 50445 10 50520 8 50648 37 50688 8 50700 11 50778 5 50903 37 50944 9 50955 12 51160 33 51200 23 51416 31 51456 24 51614 8 51673 27 51712 27 51742 2 51849 7 51864 16 51930 23 51968 35 52103 34 52200 5 52224 37 52359 34 52480 39 52614 36 52736 40 52869 38 52993 41 53125 39 53250 41 53381 40 53507 41 53637 41 53765 40 53892 43 54023 39 54148 44 54280 39 54404 44 54536 39 54661 44 54792 39 54892 3 54917 45 55048 39 55146 8 55173 45 55304 38 55401 11 55430 44 55560 38 55656 14 55686 44 55816 38 55911 16 55943 43 56072 37 56167 17 56200 42 56266 3 56328 37 56422 18 56457 41 56520 8 56585 36 56677 20 56713 41 56774 13 56841 36 56933 20 56969 41 57028 19 57097 36 57188 21 57225 41 57282 23 57354 35 57444 21 57481 41 57535 27 57610 35 57700 21 57737 40 57787 31 57866 35 57956 21 57993 40 58041 34 58123 34 58212 22 58249 40 58295 37 58379 34 58468 22 58505 40 58549 41 58635 34 58724 22 58762 38 58804 43 58892 33 58980 23 59018 38 59059 45 59148 33 59237 22 59274 38 59314 47 59405 32 59493 23 59531 36 59570 47 59661 31 59749 23 59787 36 59825 49 59918 30 60006 22 60043 35 60081 49 60174 30 60262 22 60299 34 60337 49 60431 28 60519 21 60554 34 60593 49 60688 27 60775 21 60809 34 60849 49 60945 25 61032 19 61064 35 61105 49 61203 22 61289 17 61319 35 61360 51 61462 5 61473 7 61546 15 61574 34 61616 52 61803 14 61830 27 61871 55 62059 13 62085 26 62123 68 62317 10 62341 25 62379 70 62574 8 62597 25 62636 70 62832 5 62853 25 62894 68 63110 24 63152 67 63367 23 63408 68 63624 21 63665 69 63881 20 63922 70 63999 1 64138 19 64179 74 64255 1 64395 17 64436 76 64653 15 64692 76 64949 73 65023 1 65206 74 65463 70 65535 1
000059, 
000073,0 65536
246347,43 19 300 18 555 19 810 20 1061 25 1314 28 1569 29 1824 30 2079 31 2335 31 2590 31 2846 31 3102 30 3358 29 3614 28 3870 27 4126 26 4383 24 4639 23 4895 23 5151 23 5407 22 5663 22 5920 20 6176 19 6432 18 6689 15 6946 12 7203 8 7461 3 10459 2 10714 3 10942 3 10970 3 11195 8 11226 2 11450 10 11704 13 11957 17 12209 21 12462 24 12716 26 12970 28 13225 29 13467 4 13479 31 13722 8 13734 32 13977 45 14232 45 14487 46 14742 46 14998 45 15253 45 15509 45 15764 45 16020 44 16276 44 16532 13 16546 29 16787 13 16803 28 17043 12 17059 28 17300 10 17316 27 17556 9 17573 25 17812 7 17829 25 18069 4 18086 23 18342 22 18599 15 18856 12 19112 10 19369 8 19627 4 27392 3 27648 4 27904 4 28160 4 28416 4 28672 4 28928 5 29184 5 29440 5 29696 6 29952 7 30208 7 30464 8 30720 9 30976 10 31232 11 31488 11 31744 11 32000 11 32256 11 32512 11 32768 11 33024 11 33280 12 33536 12 33792 12 34048 12 34304 13 34560 13 34816 13 35072 13 35328 14 35584 14 35840 14 36096 14 36352 15 36608 15 36864 16 37120 16 37376 16 37632 16 37888 16 38144 16 38400 16 38656 16 38912 16 39168 16 39424 16 39680 16 39936 16 40192 15 40448 15 40704 15 40960 15 41216 14 41472 14 41728 14 41984 14 42240 14 42496 15 42752 16 43008 18 43264 19 43520 20 43776 21 44032 21 44288 22 44544 22 44800 22 45056 22 45312 22 45568 22 45824 22 46080 21 46336 21 46592 21 46848 21 47104 20 47360 20 47616 19 47872 19 48128 18 48384 18 48640 17 48896 16 49154 13 49412 10 49670 6
283388,14 225 270 224 526 225 782 227 1038 230 1273 4 1279 1 1294 242 1550 242 1806 242 2062 242 2318 242 2575 241 2832 16 2865 207 3088 13 3123 205 3346 9 3379 205 3604 5 3635 205 3891 205 4147 205 4403 205 4659 205 4914 206 5170 46 5217 159 5426 45 5474 138 5613 19 5682 45 5731 24 5759 108 5871 17 5938 44 5988 20 6016 106 6128 16 6194 43 6245 17 6272 106 6385 15 6450 43 6503 13 6529 105 6643 13 6705 42 6760 11 6786 103 6900 12 6961 40 7018 7 7042 103 7158 10 7201 3 7218 33 7276 2 7299 101 7415 9 7450 12 7474 31 7555 101 7672 8 7703 16 7729 31 7812 99 7928 8 7959 17 7985 31 8068 98 8185 7 8214 18 8241 31 8325 97 8441 7 8470 19 8497 31 8583 94 8697 7 8726 19 8752 32 8841 92 8953 7 8982 20 9008 32 9101 87 9209 7 9238 21 9263 33 9359 84 9466 6 9495 21 9518 34 9617 81 9722 6 9751 58 9876 77 9978 6 10008 57 10136 72 10235 5 10265 56 10394 69 10492 4 10522 55 10651 67 10751 1 10779 53 10908 65 11038 50 11166 62 11297 46 11423 60 11556 9 11569 30 11679 60 11815 6 11825 28 11936 58 12074 1 12082 25 12193 56 12339 21 12449 56 12595 20 12705 55 12852 19 12962 53 13108 18 13218 52 13364 17 13474 52 13621 15 13730 50 13877 14 13987 46 14134 10 14243 35 14392 5 14500 32 14756 32 15013 32 15271 31 15535 24 15576 4 15794 22 15830 8 16052 21 16084 12 16309 21 16338 15 16507 1 16565 45 16761 5 16821 46 17016 6 17077 46 17271 8 17333 47 17527 8 17589 47 17783 8 17846 16 17864 28 18038 9 18102 14 18121 27 18294 9 18360 10 18377 28 18550 9 18620 4 18634 27 18806 9 18890 27 19062 9 19147 26 19319 8 19403 27 19575 8 19611 6 19659 27 19832 7 19864 11 19915 27 20089 5 20118 14 20172 26 20346 3 20373 16 20427 27 20628 17 20683 28 20883 19 20939 28 21139 20 21194 29 21394 22 21450 30 21650 23 21705 31 21906 25 21961 32 22163 26 22216 33 22419 27 22472 34 22676 21 22698 4 22727 35 22933 19 22956 2 22983 36 23190 17 23239 36 23447 16 23495 36 23704 14 23751 36 23962 11 24007 36 24220 8 24264 35 24479 3 24520 35 24777 34 25033 34 25290 33 25547 31 25804 30 26061 29 26318 27 26368 12 26575 25 26624 13 26832 23 26880 14 27090 20 27136 15 27347 17 27392 15 27605 12 27648 16 27864 5 27904 16 28160 16 28416 16 28672 16 28928 15 29184 15 29440 15 29696 15 29952 15 30208 14 30464 14 30720 12 30976 11 31235 5 38306 7 38560 11 38814 14 39056 5 39069 16 39310 11 39322 21 39566 35 39821 38 40077 40 40332 42 40587 45 40842 47 41097 49 41352 51 41607 54 41862 56 42117 58 42372 59 42628 60 42883 62 43138 63 43393 65 43647 67 43902 68 44157 69 44413 69 44668 70 44924 70 45180 70 45436 70 45693 69 45949 68 46205 68 46461 68 46717 68 46973 68 47228 70 47484 71 47739 75 47995 88 48251 89 48507 91 48763 93 49019 94 49275 95 49531 96 49788 96 50045 96 50302 95 50559 95 50817 94 51076 91 51334 90 51592 89 51849 89 52106 89 52364 87 52621 87 52877 87 53133 88 53389 88 53645 88 53901 88 54157 88 54413 88 54669 88 54926 87 55183 86 55440 85 55699 83 55961 77 56220 75 56478 74 56736 83 56993 85 57250 85 57506 86 57763 86 58019 87 58275 88 58532 88 58789 91 59046 90 59303 89 59560 88 59818 86 60076 84 60211 3 60334 82 60465 7 60591 81 60719 9 60848 80 60973 12 61105 79 61227 14 61362 78 61482 16 61621 75 61737 17 61880 72 61993 17 62137 71 62248 19 62395 69 62504 19 62653 67 62760 20 62911 65 63016 22 63168 64 63272 26 63425 63 63529 27 63681 63 63785 29 63937 63 64041 30 64193 63 64297 32 64449 63 64553 35 64705 63 64810 35 64962 62 65067 35 65218 62 65323 35 65474 62
000017,1016 5 1271 6 1279 1 1528 6 1535 1 1784 6 2041 5 2297 5 2553 5 2809 5 3065 4 3322 3 3578 3 3835 2 4091 2 4347 2 4604 1 41943 4 42199 5 42454 6 42710 6 42966 6 43190 2 43223 4 43445 4 43701 3 45997 2 46253 3 46510 2 47057 4 47288 6 47312 6 47543 9 47567 7 47798 11 47823 7 48053 12 48080 5 48308 13 48337 2 48564 13 48820 13 49076 13 49332 13 49588 13 49845 12 50101 11 50358 10 50616 7 50874 4 51132 1 59644 1 59899 2 60155 2 60409 4 60664 5 60920 5 61176 5 61432 5 61689 4 61945 4 62202 3 62459 2 62716 1 64252 1 64506 3 64762 3 65535 1
580290,0 65536
373056,0 213 232 236 490 235 743 240 996 243 1251 245 1507 245 1762 249 2015 4586 6604 253 6860 253 7115 254 7370 58166
000045, 
000051,13 27 143 30 241 2 269 27 398 31 498 1 525 27 654 31 752 5 781 27 909 32 1007 7 1037 27 1164 33 1262 8 1294 26 1420 34 1518 8 1550 26 1676 34 1774 8 1806 26 1932 34 2030 8 2062 26 2188 33 2286 8 2318 25 2444 33 2542 8 2574 25 2700 33 2799 7 2830 24 2956 32 3057 4 3086 24 3212 32 3341 24 3468 31 3597 24 3725 30 3852 25 3982 29 4108 25 4239 28 4364 26 4496 26 4619 28 4754 24 4875 29 5012 22 5131 30 5269 21 5387 31 5527 18 5643 32 5784 17 5899 33 6041 15 6155 34 6298 14 6411 35 6555 12 6668 34 6812 9 6924 35 7070 5 7180 36 7436 42 7693 42 7949 43 8205 43 8462 42 8718 42 8975 41 9232 40 9489 39 9747 37 10009 31 10266 30 10522 30 10778 30 11008 3 11034 29 11264 4 11290 29 11520 4 11546 27 11639 3 11776 5 11800 27 11892 8 12032 17 12050 32 12146 11 12288 49 12401 13 12544 49 12656 15 12800 49 12911 17 13056 49 13166 18 13312 49 13422 19 13568 49 13677 20 13824 48 13932 21 14080 48 14187 22 14336 48 14442 23 14592 47 14698 24 14848 47 14953 25 15104 46 15208 26 15360 45 15464 27 15616 44 15719 28 15872 43 15975 29 16128 43 16231 30 16384 43 16486 31 16640 43 16742 31 16896 43 16997 32 17152 43 17253 33 17408 44 17508 34 17664 44 17763 35 17920 44 18018 36 18176 45 18273 37 18432 45 18529 37 18688 45 18785 37 18944 45 19040 38 19200 45 19296 38 19456 45 19552 37 19712 44 19807 38 19968 44 20062 39 20224 44 20318 39 20480 43 20572 41 20736 43 20827 42 20992 42 21082 43 21248 42 21337 43 21504 41 21592 44 21760 41 21848 44 22016 41 22103 45 22272 41 22358 45 22528 41 22614 45 22784 41 22870 45 23040 41 23125 45 23296 41 23380 46 23552 41 23635 47 23808 41 23890 47 24064 41 24144 49 24320 42 24399 50 24576 42 24654 50 24832 42 24909 51 25085 45 25165 50 25328 4 25334 52 25420 50 25581 61 25676 50 25784 9 25836 62 25932 49 26007 8 26037 16 26091 63 26188 48 26261 11 26291 21 26346 64 26444 47 26516 13 26545 24 26602 63 26701 45 26770 15 26800 26 26858 63 26957 44 27025 17 27055 28 27113 64 27213 42 27280 18 27310 30 27369 63 27470 15 27486 23 27535 19 27565 31 27625 37 27665 23 27726 14 27742 22 27790 20 27821 32 27881 36 27922 21 27982 14 27999 20 28046 20 28076 33 28138 35 28179 19 28239 12 28255 19 28302 20 28332 34 28394 34 28435 19 28495 12 28511 19 28558 20 28588 34 28650 22 28675 8 28692 17 28751 11 28768 17 28814 20 28844 34 28907 21 28948 16 29008 9 29024 17 29070 20 29100 34 29164 20 29205 14 29265 7 29280 17 29327 19 29356 34 29421 19 29462 12 29524 2 29537 15 29583 19 29612 34 29678 18 29719 10 29793 15 29839 20 29868 34 29935 17 29976 7 30049 15 30095 20 30125 33 30192 16 30234 3 30306 13 30351 20 30381 33 30449 15 30562 13 30607 20 30637 33 30706 14 30819 12 30848 5 30863 20 30893 32 30963 13 31075 11 31100 13 31118 21 31149 32 31220 12 31332 9 31354 40 31405 31 31477 11 31588 8 31609 41 31661 31 31733 11 31846 4 31864 42 31917 31 31990 10 32056 9 32120 41 32173 31 32247 9 32310 12 32375 42 32429 31 32504 8 32564 15 32631 42 32686 29 32761 7 32818 18 32886 42 32942 29 33018 6 33072 21 33142 42 33199 28 33275 5 33327 22 33397 43 33455 27 33505 4 33533 3 33582 23 33653 43 33712 26 33757 10 33837 25 33909 43 33968 26 34011 13 34093 25 34165 42 34225 25 34265 16 34348 26 34420 43 34481 24 34520 18 34542 7 34604 26 34676 42 34738 23 34775 34 34859 27 34932 42 34994 23 35031 38 35115 27 35188 41 35250 23 35286 40 35327 1 35370 28 35444 41 35506 23 35542 42 35626 29 35700 40 35753 3 35762 23 35798 42 35881 30 35956 40 36007 7 36019 22 36054 42 36136 31 36213 39 36263 8 36275 21 36309 43 36391 32 36469 38 36518 10 36533 18 36565 43 36645 34 36726 37 36775 9 36790 15 36821 43 36900 36 36983 35 37031 9 37076 44 37155 37 37240 33 37287 9 37331 45 37411 37 37498 31 37544 7 37586 44 37666 37 37756 28 37801 6 37841 45 37922 37 38016 22 38058 5 38096 45 38177 38 38275 17 38351 30 38384 13 38433 37 38539 4 38606 31 38641 12 38688 38 38862 31 38899 9 38943 38 39118 31 39157 5 39199 37 39374 32 39454 37 39629 33 39710 37 39885 33 39965 37 40141 33 40221 37 40397 32 40477 38 40653 32 40733 38 40908 32 40989 39 41164 32 41245 40 41420 31 41501 41 41675 32 41757 42 41931 31 42013 43 42187 31 42269 43 42443 30 42525 43 42699 30 42781 43 42955 30 43038 42 43211 30 43294 42 43467 29 43550 42 43723 29 43807 40 43979 29 44063 39 44236 27 44320 37 44492 26 44576 36 44749 24 44833 34 45006 10 45022 5 45089 32 45263 6 45345 30 45602 27 45858 26 46114 25 46371 24 46627 23 46884 22 47140 21 47397 20 47655 17 47914 14 48172 11 48429 9 48686 7 48944 3 57440 5 57693 10 57947 14 58201 18 58456 21 58711 23 58966 25 59221 27 59477 29 59733 30 59988 32 60244 33 60500 34 60681 12 60756 35 60935 16 61011 37 61190 19 61267 37 61445 21 61523 38 61700 23 61779 38 61956 24 62034 40 62212 24 62290 40 62469 24 62546 40 62725 24 62802 39 62981 24 63058 39 63237 24 63315 37 63493 24 63571 37 63750 23 63827 36 64006 23 64084 35 64262 23 64340 34 64519 21 64597 33 64775 21 64853 32 65032 19 65110 31 65288 18 65366 31
000063,46533 7 46788 10 47042 13 47298 14 47553 15 47809 16 48064 17 48320 17 48576 17 48832 17 49088 17 49345 16 49601 16 49857 16 50114 15 50371 13 50628 12 50886 9 51144 5
000096,0 65536
000049, 
892843,51 46 307 46 563 47 818 48 1073 50 1329 50 1585 51 1841 51 2097 52 2352 54 2609 54 2865 55 3121 55 3378 54 3635 53 3892 52 4148 51 4404 50 4661 48 4787 9 4917 47 5042 12 5173 46 5297 14 5430 45 5552 16 5605 7 5686 44 5808 16 5859 10 5942 44 6064 17 6113 14 6199 42 6319 18 6367 17 6455 26 6486 11 6575 17 6621 19 6712 24 6744 8 6831 17 6877 20 6969 23 7002 5 7087 17 7132 22 7226 20 7344 15 7388 23 7483 18 7600 14 7643 25 7742 5 7857 13 7899 26 8114 11 8155 26 8372 7 8411 26 8667 26 8923 27 9179 26 9436 25 9692 25 9949 24 10153 5 10167 5 10206 22 10407 23 10463 21 10660 27 10719 20 10914 29 10976 18 11168 31 11233 17 11423 32 11490 15 11678 33 11746 15 11933 33 12003 13 12188 34 12260 11 12444 33 12494 4 12517 10 12699 34 12749 6 12774 8 12955 33 13004 8 13031 6 13211 33 13260 8 13288 5 13466 34 13516 8 13545 2 13722 35 13772 7 13978 35 14028 7 14234 35 14285 5 14490 36 14542 3 14746 36 15002 36 15258 36 15515 35 15772 34 16030 32 16287 31 16544 30 16802 27 16894 2 17059 26 17147 5 17315 26 17400 8 17572 25 17654 10 17828 24 17908 12 18085 23 18162 14 18341 23 18416 16 18598 21 18671 17 18855 20 18926 18 19112 18 19181 19 19369 16 19436 20 19626 14 19692 20 19883 12 19947 21 20140 10 20203 21 20397 8 20459 21 20654 5 20715 21 20971 21 21227 21 21484 20 21631 1 21740 20 21885 5 21997 19 22141 6 22255 16 22396 8 22512 13 22652 9 22908 10 23164 10 23420 10 23677 8 23934 6 24191 4 25037 8 25291 12 25545 15 25800 17 26055 18 26194 3 26310 19 26448 9 26564 21 26640 5 26702 13 26819 22 26894 11 26956 16 27074 24 27149 15 27211 18 27329 25 27404 17 27464 22 27584 27 27660 18 27718 24 27839 30 27915 20 27973 26 28094 33 28171 21 28227 28 28349 35 28427 21 28482 30 28604 36 28682 22 28738 30 28860 37 28938 22 28993 32 29116 37 29194 22 29249 32 29372 38 29450 22 29504 33 29627 39 29707 21 29760 33 29884 38 29963 21 30015 34 30140 38 30220 19 30271 34 30396 38 30477 18 30527 34 30653 37 30734 16 30783 34 30909 37 30992 13 31039 33 31166 36 31251 8 31296 32 31424 34 31552 31 31681 33 31808 31 31938 32 32065 29 32195 31 32321 28 32452 30 32577 27 32708 31 32833 25 32964 30 33089 19 33221 29 33345 15 33446 7 33477 29 33601 13 33699 12 33734 28 33857 13 33954 14 33990 28 34113 14 34209 16 34247 26 34369 16 34464 18 34504 25 34624 19 34719 20 34760 24 34880 20 34975 21 35016 23 35136 21 35230 22 35272 22 35391 23 35486 23 35528 20 35646 24 35741 24 35784 20 35902 24 35997 24 36040 19 36158 24 36253 24 36296 19 36413 25 36509 24 36552 19 36669 26 36764 25 36808 19 36925 26 37020 25 37065 18 37182 24 37276 25 37321 18 37438 24 37532 24 37578 17 37694 24 37788 24 37835 16 37950 24 38044 23 38092 15 38207 23 38300 23 38350 13 38463 22 38555 24 38609 10 38719 22 38811 24 38867 9 38878 2 38975 21 39066 25 39125 20 39231 21 39322 26 39382 22 39487 21 39577 28 39638 23 39743 21 39833 28 39894 24 39999 21 40089 29 40150 24 40255 21 40344 31 40405 26 40512 20 40600 32 40661 26 40768 19 40856 33 40917 26 40985 2 41025 18 41112 33 41173 26 41239 7 41282 16 41367 34 41429 26 41494 12 41540 13 41623 34 41684 27 41750 14 41799 8 41865 6 41877 35 41940 27 42005 16 42120 48 42195 28 42261 16 42375 49 42451 30 42517 17 42630 49 42707 32 42773 17 42886 49 42962 35 43030 16 43141 49 43218 36 43286 15 43397 49 43474 37 43543 14 43653 48 43730 38 43799 14 43909 48 43986 39 44056 12 44166 47 44242 39 44295 7 44312 11 44422 47 44498 39 44549 12 44569 8 44679 46 44754 40 44804 16 44935 47 45011 39 45059 21 45191 47 45268 38 45315 22 45448 46 45526 36 45570 24 45704 46 45783 35 45826 24 45960 46 46041 33 46081 25 46216 45 46303 28 46337 25 46472 45 46562 30 46593 25 46728 45 46820 28 46850 24 46984 44 47077 27 47106 24 47174 12 47240 44 47335 25 47363 23 47426 17 47497 43 47594 22 47620 21 47679 21 47753 42 47856 16 47877 20 47933 24 48009 42 48115 13 48135 17 48188 26 48266 41 48372 12 48393 13 48442 29 48522 41 48628 12 48652 7 48697 31 48778 41 48883 13 48952 33 49034 40 49139 13 49208 34 49290 40 49395 13 49463 35 49546 40 49651 13 49719 36 49801 41 49907 13 49974 37 50056 41 50163 13 50230 37 50310 42 50419 13 50486 37 50565 42 50675 13 50742 37 50820 41 50932 12 50998 37 51075 41 51189 11 51254 37 51330 41 51446 10 51511 36 51586 40 51707 5 51767 35 51841 41 52025 33 52097 41 52282 31 52352 42 52538 30 52606 44 52795 29 52860 46 53051 29 53114 47 53306 31 53368 49 53562 32 53623 49 53818 34 53877 50 54073 36 54132 50 54329 36 54386 50 54573 4 54584 38 54641 49 54828 6 54839 39 54895 49 55083 8 55095 39 55149 50 55338 9 55351 39 55403 51 55594 9 55607 39 55658 52 55850 9 55863 39 55914 51 56106 9 56119 39 56169 51 56362 8 56376 38 56425 50 56619 7 56632 38 56681 48 56875 7 56889 36 56937 47 57133 6 57145 36 57193 47 57392 3 57401 35 57449 47 57643 9 57656 35 57705 48 57898 48 57961 50 58032 8 58153 49 58218 50 58286 13 58408 49 58474 23 58508 17 58541 15 58598 8 58664 49 58731 17 58764 17 58796 18 58853 11 58919 50 58988 15 59020 18 59051 20 59107 15 59175 50 59244 14 59276 18 59307 22 59362 17 59430 51 59501 13 59531 20 59562 24 59618 18 59686 51 59759 10 59786 21 59818 25 59873 20 59942 51 60016 8 60042 21 60073 27 60128 21 60198 51 60274 5 60297 22 60329 28 60383 23 60454 50 60553 22 60584 30 60638 25 60710 50 60808 24 60840 31 60890 30 60966 50 61064 23 61096 31 61140 36 61223 49 61321 22 61352 31 61393 41 61479 48 61577 22 61608 32 61648 43 61736 47 61833 21 61864 32 61903 46 61993 46 62090 20 62120 33 62158 48 62207 1 62249 46 62347 18 62375 34 62414 50 62506 45 62604 17 62630 36 62669 51 62763 44 62861 15 62885 37 62925 51 63021 42 63118 13 63140 39 63180 52 63280 39 63374 12 63396 92 63545 31 63631 11 63651 93 63804 28 63887 10 63907 93 64063 26 64144 7 64162 94 64320 26 64399 8 64418 94 64577 26 64654 8 64674 94 64836 22 64912 5 64930 94 65093 21 65169 3 65186 94 65350 20 65442 94
494025,13 35 79 167 269 34 339 163 524 35 594 164 778 38 849 165 1033 39 1105 165 1287 41 1362 163 1542 42 1619 161 1797 44 1875 161 2052 45 2131 160 2307 47 2388 159 2563 47 2644 159 2817 50 2900 159 3072 51 3156 158 3328 51 3412 158 3584 51 3667 159 3840 51 3923 159 4096 51 4179 158 4352 52 4436 157 4608 52 4692 156 4864 52 4948 156 5120 53 5205 154 5376 53 5461 153 5632 53 5718 150 5888 54 5975 135 6114 7 6144 54 6232 133 6400 54 6488 132 6656 54 6744 131 6912 54 7000 131 7168 54 7243 143 7424 54 7497 144 7680 54 7752 144 7936 54 8007 145 8192 54 8262 145 8448 54 8518 143 8704 54 8773 142 8960 53 9029 140 9216 53 9284 140 9472 52 9540 139 9728 51 9796 138 9984 46 10051 139 10240 24 10271 13 10307 138 10496 23 10529 10 10562 138 10752 23 10786 8 10818 137 11008 23 11043 6 11073 137 11264 23 11328 137 11520 24 11576 145 11776 24 11831 146 12032 25 12087 145 12288 25 12343 145 12544 26 12599 145 12800 26 12856 144 13056 27 13112 144 13312 28 13369 142 13568 30 13625 142 13824 34 13881 142 14080 39 14137 141 14336 40 14393 141 14592 41 14649 140 14848 42 14905 140 15104 43 15161 140 15360 43 15417 139 15603 10 15615 45 15673 139 15858 59 15929 138 16113 61 16185 138 16369 62 16440 138 16624 64 16696 138 16880 66 16952 137 17135 69 17207 137 17391 208 17647 207 17902 206 18158 202 18414 189 18670 187 18926 186 19182 184 19438 153 19594 26 19694 151 19852 20 19949 151 20108 17 20204 151 20362 18 20459 151 20616 19 20714 152 20871 18 20969 152 21126 18 21225 152 21381 18 21480 152 21637 18 21736 152 21892 19 21991 152 22149 18 22247 151 22405 18 22502 151 22661 18 22757 151 22918 18 23012 150 23174 18 23267 149 23431 17 23522 41 23566 102 23687 17 23777 42 23823 100 23943 17 24033 41 24079 100 24199 16 24289 42 24335 53 24395 40 24455 16 24544 43 24591 51 24652 38 24711 15 24800 43 24846 51 24909 37 24967 14 25056 95 25166 36 25224 12 25311 95 25424 33 25482 8 25543 9 25567 95 25681 32 25797 14 25823 95 25938 30 26049 20 26078 96 26195 28 26303 24 26334 97 26451 28 26557 28 26588 100 26708 26 26812 134 26965 23 27067 136 27221 14 27323 137 27478 12 27578 140 27735 9 27834 141 27992 7 28090 142 28347 142 28603 143 28859 144 29116 144 29372 144 29629 144 29885 144 30141 144 30397 145 30654 144 30910 144 31167 143 31424 141 31680 141 31917 1 31936 140 32171 5 32192 139 32427 7 32448 138 32682 8 32703 138 32871 4 32911 7 32938 9 32959 138 33126 7 33165 10 33193 10 33215 137 33381 10 33420 13 33449 11 33470 138 33637 11 33676 14 33703 13 33726 137 33893 12 33931 17 33957 16 33982 137 34148 14 34186 20 34210 19 34238 137 34404 15 34442 43 34494 137 34660 16 34697 45 34750 137 34915 17 34951 47 35007 135 35171 18 35201 54 35263 135 35427 19 35454 57 35520 133 35683 85 35776 132 35939 85 36032 131 36194 86 36289 129 36450 87 36545 129 36688 6 36705 88 36801 129 36943 8 36960 89 37057 129 37197 11 37215 90 37314 62 37377 65 37449 16 37469 40 37512 50 37570 62 37633 65 37704 60 37769 49 37826 129 37960 61 38025 49 38082 129 38215 62 38282 49 38337 130 38471 63 38538 49 38594 130 38728 63 38795 48 38850 130 38984 64 39051 49 39105 132 39240 66 39307 49 39361 251 39617 251 39873 61 39935 189 40129 61 40192 66 40263 117 40385 60 40448 65 40520 66 40587 49 40640 61 40704 64 40776 66 40843 49 40896 61 40960 63 41032 65 41099 50 41151 63 41215 63 41288 65 41354 179 41543 245 41799 243 42054 239 42308 58 42371 114 42488 58 42562 59 42628 111 42744 54 42816 60 42884 110 43001 50 43071 60 43139 110 43257 49 43326 60 43395 108 43513 49 43581 60 43651 106 43769 50 43836 61 43907 105 44024 52 44091 61 44163 104 44280 53 44346 62 44419 104 44535 55 44601 63 44675 104 44791 56 44856 64 44930 105 45046 58 45111 65 45186 106 45301 60 45366 67 45441 107 45557 60 45621 69 45696 108 45812 63 45876 72 45950 111 46067 251 46322 707 47034 251 47292 248 47550 34 47591 205 47806 33 47848 204 48062 31 48105 203 48318 30 48361 203 48574 29 48617 204 48830 27 48873 204 49086 26 49127 207 49341 26 49381 210 49596 26 49634 244 49889 244 50143 246 50398 247 50653 248 50907 251 51161 715 51879 247 52136 244 52393 243 52649 243 52904 245 53160 245 53415 20 53438 225 53671 19 53695 225 53927 17 53951 226 54182 18 54207 227 54438 17 54463 90 54555 136 54693 18 54719 88 54812 154 54975 87 55069 153 55231 87 55326 152 55487 86 55582 151 55743 86 55838 151 55999 85 56095 149 56255 85 56351 148 56511 84 56607 148 56767 84 56864 146 57023 82 57120 145 57279 80 57376 144 57535 78 57632 143 57791 76 57888 143 58047 75 58144 71 58217 70 58302 76 58400 70 58474 69 58558 76 58656 69 58730 70 58813 77 58912 69 58987 70 59069 77 59167 69 59243 71 59324 79 59423 69 59499 73 59580 79 59677 71 59756 73 59835 81 59929 75 60012 76 60089 88 60180 80 60267 249 60523 249 60778 251 61032 2556 63590 253 63848 251 64105 250 64361 250 64617 251 64873 250 65130 248 65387 27 65419 117
521139,0 65536
972712,16128 4 16384 8 16640 10 16896 11 17152 12 17408 13 17664 13 17920 13 18176 13 18432 13 18688 12 18944 12 19200 12 19456 11 19712 10 19968 10 20224 9 20480 8 20738 6 20994 5 21251 5 21507 5 21763 5 22020 4 22277 3 46439 1 46692 7 46947 10 47203 10 47458 12 47714 12 47970 12 48226 12 48482 12 48738 12 48995 11 49251 11 49507 11 49763 11 50019 11 50276 10 50532 10 50789 10 51045 10 51301 10 51558 10 51814 10 52071 9 52328 8 52584 8 52841 6 53099 3
332934,0 65536
000092,0 65536
000093,0 65536
000024,0 130 251 135 508 134 764 134 1018 136 1274 136 1530 136 1785 137 2041 137 2297 137 2507 11 2552 138 2761 17 2807 139 3016 20 3062 140 3271 22 3317 141 3527 23 3572 141 3782 24 3826 143 4038 25 4082 143 4294 25 4337 143 4550 25 4593 143 4762 3 4806 25 4848 144 5016 8 5062 25 5104 144 5272 9 5319 24 5360 144 5527 13 5575 23 5615 145 5783 19 5831 23 5870 146 6038 21 6088 22 6126 146 6294 21 6345 21 6381 147 6549 22 6602 19 6636 148 6803 24 6859 18 6891 149 7057 26 7116 16 7147 149 7311 27 7373 15 7402 150 7566 28 7630 13 7658 150 7821 29 7887 11 7914 150 8076 31 8144 9 8169 151 8331 32 8402 5 8425 151 8587 33 8681 151 8842 35 8936 152 9098 39 9192 151 9353 41 9447 152 9609 42 9702 128 9832 23 9865 42 9957 129 10089 22 10121 43 10212 130 10346 20 10377 43 10468 131 10603 19 10633 43 10723 132 10861 17 10890 42 10979 133 11118 15 11146 42 11235 134 11375 13 11402 43 11490 136 11631 12 11658 43 11746 137 11887 11 11915 42 12002 152 12171 42 12258 151 12428 42 12514 151 12684 42 12770 150 12941 41 13026 150 13197 41 13283 149 13454 40 13539 149 13710 40 13795 149 13966 40 14051 149 14223 39 14308 148 14479 38 14564 148 14735 38 14820 148 14991 38 15075 148 15248 36 15331 148 15504 36 15587 147 15760 35 15842 147 16017 34 16098 147 16273 33 16353 146 16530 31 16609 145 16787 29 16865 142 17043 29 17120 141 17300 27 17376 139 17557 25 17632 137 17813 25 17888 135 18070 23 18105 3 18144 133 18326 23 18358 10 18400 131 18583 22 18613 15 18656 112 18775 9 18839 22 18866 20 18913 109 19096 22 19119 24 19169 108 19352 47 19426 107 19609 47 19683 26 19712 77 19866 46 19941 16 19968 77 20122 46 20200 5 20224 77 20378 47 20480 77 20634 47 20736 77 20890 47 20992 77 21146 47 21248 77 21402 48 21504 77 21658 48 21760 77 21914 49 22016 78 22170 50 22272 78 22426 51 22528 78 22682 52 22784 78 22938 53 23040 79 23194 53 23296 79 23451 53 23552 79 23707 53 23808 80 23964 52 24063 81 24220 52 24319 82 24477 52 24574 83 24735 50 24829 84 24992 49 25085 84 25250 46 25341 84 25508 44 25596 84 25766 42 25852 84 26023 41 26108 83 26280 40 26364 82 26536 39 26620 82 26793 38 26876 81 27050 36 27132 82 27307 35 27388 82 27563 34 27643 61 27709 18 27820 33 27899 60 27966 18 28077 31 28154 60 28222 19 28333 31 28409 61 28478 20 28589 31 28665 60 28734 21 28845 31 28919 62 28990 21 29101 30 29174 63 29245 23 29356 31 29429 64 29501 23 29612 31 29680 69 29756 25 29867 31 29934 71 30012 25 30123 31 30189 72 30268 26 30380 29 30444 73 30524 26 30637 2 30645 19 30699 74 30780 26 30903 16 30955 73 31036 27 31167 6 31211 73 31292 28 31466 74 31548 29 31722 73 31805 29 31979 72 32061 31 32235 72 32318 31 32491 72 32574 32 32747 73 32831 31 32878 3 33004 72 33087 32 33131 9 33260 73 33344 31 33386 11 33517 72 33601 30 33640 13 33773 73 33857 31 33895 15 34030 72 34114 30 34150 17 34286 72 34371 29 34405 18 34543 71 34629 28 34660 20 34799 71 34885 29 34915 22 35056 70 35142 51 35312 70 35399 51 35569 69 35656 50 35825 69 35912 51 36082 68 36168 51 36339 67 36424 51 36595 67 36680 52 36852 66 36936 52 37110 65 37192 52 37368 63 37447 53 37530 8 37632 56 37702 53 37784 12 37888 57 37958 53 38038 14 38144 58 38214 53 38291 18 38400 59 38469 53 38544 21 38656 60 38725 53 38798 23 38912 61 38981 52 39052 25 39168 62 39237 51 39306 27 39424 64 39491 53 39561 28 39680 119 39815 30 39936 118 40069 32 40192 117 40323 34 40448 115 40577 36 40632 2 40704 114 40832 37 40886 7 40960 114 41086 39 41141 10 41165 3 41216 114 41341 40 41396 13 41419 9 41472 114 41596 41 41652 15 41674 12 41728 115 41851 41 41908 17 41930 13 41984 116 42106 42 42164 17 42185 15 42240 117 42361 43 42420 18 42440 17 42496 164 42676 37 42752 164 42933 37 43008 164 43189 37 43264 165 43446 36 43520 165 43704 35 43776 166 43961 9 43973 22 44032 166 44229 21 44288 167 44486 20 44544 167 44742 20 44800 168 44998 19 45042 5 45056 168 45255 18 45296 10 45312 168 45511 17 45551 14 45568 168 45768 14 45806 187 46025 11 46061 188 46283 6 46316 189 46571 190 46825 193 47079 195 47333 198 47587 200 47842 202 48097 203 48352 205 48608 205 48863 207 49119 207 49375 207 49630 209 49886 210 50142 212 50398 214 50654 216 50910 218 51166 218 51420 33 51456 185 51671 36 51712 186 51926 35 51968 186 52181 34 52224 186 52436 34 52480 186 52692 32 52736 187 52947 24 52974 4 52992 187 53203 22 53248 187 53459 20 53504 187 53714 21 53760 187 53970 20 54016 187 54226 20 54272 186 54482 19 54528 186 54737 20 54784 186 54992 20 55040 120 55163 63 55247 21 55296 119 55420 62 55503 20 55552 118 55677 60 55758 21 55808 116 55933 60 56013 22 56064 114 56190 59 56268 24 56320 113 56446 58 56522 26 56576 112 56703 57 56774 31 56832 112 56960 55 57028 33 57088 112 57216 54 57283 34 57344 111 57473 52 57538 35 57600 111 57730 50 57794 36 57856 111 57987 48 58050 36 58112 111 58244 45 58306 36 58368 110 58501 44 58561 37 58624 110 58758 42 58817 38 58880 109 59014 41 59073 38 59136 108 59271 40 59329 39 59392 107 59527 40 59585 40 59648 106 59784 38 59840 41 59904 106 60040 38 60096 41 60160 105 60297 37 60351 42 60416 105 60553 37 60606 43 60672 105 60810 36 60861 43 60928 105 61067 93 61184 105 61323 92 61440 105 61580 91 61696 105 61836 91 61952 105 62092 90 62208 105 62348 90 62464 105 62604 90 62720 104 62860 90 62976 104 63116 90 63232 102 63372 90 63488 101 63628 90 63744 100 63884 91 64000 99 64140 91 64256 99 64396 91 64512 99 64652 91 64768 99 64908 92 65024 99 65165 91 65280 99 65421 91
607765,0 65536
268600,0 65536
000010,0 65536
907141,0 65536
000016,4242 5 4496 13 4751 17 5006 20 5262 22 5495 5 5517 24 5749 9 5773 24 6004 12 6028 25 6260 49 6515 50 6771 49 7027 48 7283 48 7540 46 7796 45 8053 43 8309 43 8566 42 8823 41 9079 41 9336 40 9593 39 9850 37 10106 37 10363 36 10620 35 10877 34 11134 32 11390 32 11647 30 11903 30 12160 29 12416 28 12672 28 12929 27 13185 27 13442 26 13698 26 13955 24 14212 23 14468 22 14726 20 14983 17 15241 14 15501 7 29329 2 29585 2 29842 1 52224 3 52480 4 52736 4 52992 4 53248 4 53504 4 53760 3 61948 4 62201 7 62455 9 62710 10 62965 11 63220 12 63476 12 63732 12 63988 12 64244 12 64499 13 64755 13 65012 12 65268 12 65524 12
000026,61599 6 61851 12 62101 19 62354 23 62609 24 62864 26 63119 27 63374 29 63629 31 63881 35 64135 38 64389 41 64645 42 64902 40 65159 38 65415 38
000094,0 65536
650818,42 214 298 214 555 213 810 214 1067 213 1323 213 1579 213 1835 213 2092 212 2348 212 2604 212 2860 212 3116 212 3373 211 3629 211 3885 211 4142 210 4398 210 4654 210 4910 210 5167 209 5423 209 5679 209 5935 209 6191 209 6446 210 6702 210 6958 210 7214 210 7470 210 7726 210 7983 209 8239 209 8495 209 8751 209 9008 208 9264 208 9520 208 9776 208 10032 208 10288 208 10544 208 10800 208 11056 208 11313 207 11569 207 11825 207 12081 207 12337 207 12593 207 12849 207 13105 207 13362 206 13618 206 13874 206 14131 205 14387 205 14643 205 14899 205 15156 204 15412 204 15668 204 15924 204 16180 204 16436 204 16693 203 16949 203 17205 203 17461 203 17717 203 17974 202 18230 202 18486 202 18743 201 18999 201 19255 201 19512 200 19768 200 20024 200 20280 200 20536 200 20792 200 21048 200 21304 200 21560 200 21816 200 22073 199 22329 199 22585 199 22841 199 23098 198 23354 198 23610 198 23867 197 24123 197 24379 197 24636 196 24892 196 25148 196 25404 196 25660 196 25916 196 26172 196 26428 196 26684 196 26940 196 27196 196 27453 195 27709 195 27965 195 28221 195 28478 194 28734 194 28990 194 29247 193 29503 193 29759 193 30015 193 30271 193 30527 193 30783 193 31039 193 31296 192 31552 192 31808 192 32064 192 32320 192 32577 191 32833 191 33089 191 33346 190 33602 190 33858 190 34115 189 34371 189 34627 189 34883 189 35139 189 35395 189 35651 189 35907 189 36163 189 36420 188 36676 188 36932 188 37188 188 37444 188 37701 187 37957 187 38213 187 38470 186 38726 186 38982 186 39238 186 39495 185 39751 185 40007 185 40263 185 40519 185 40775 185 41031 185 41287 185 41544 184 41800 184 42056 184 42312 184 42568 184 42825 183 43081 183 43338 182 43594 182 43850 182 44107 181 44363 181 44619 181 44875 181 45132 180 45388 180 45644 180 45900 180 46156 180 46412 180 46668 180 46924 180 47181 179 47437 179 47693 179 47949 179 48206 178 48462 178 48718 178 48974 178 49230 178 49487 177 49743 177 49999 177 50255 177 50511 177 50767 177 51023 177 51279 177 51535 177 51792 176 52048 176 52304 176 52560 176 52816 176 53073 175 53329 175 53585 175 53842 174 54098 174 54354 174 54610 174 54867 173 55123 173 55379 173 55635 173 55891 173 56147 173 56404 172 56660 172 56916 172 57172 172 57428 172 57685 171 57941 171 58197 171 58453 171 58709 171 58966 170 59222 170 59478 170 59734 170 59991 169 60247 169 60503 169 60759 169 61015 169 61271 169 61527 169 61783 169 62039 169 62296 168 62552 168 62808 168 63065 167 63321 167 63577 167 63833 167 64090 166 64346 166 64602 166 64858 166 65114 166 65371 165
966384,0 52 174 6 194 8 256 52 433 2 450 8 512 53 689 3 706 9 768 54 945 2 961 12 1024 55 1216 15 1280 56 1471 19 1536 57 1727 23 1792 59 1982 26 2048 60 2237 28 2304 62 2492 30 2560 68 2747 32 2816 71 3002 33 3072 73 3257 35 3328 75 3512 36 3584 76 3767 38 3840 78 4022 39 4096 80 4278 40 4352 82 4533 41 4591 6 4608 83 4789 42 4845 11 4863 86 5044 43 5100 106 5300 43 5355 108 5556 44 5611 110 5812 44 5866 114 6068 44 6122 117 6324 45 6377 120 6581 44 6633 121 6837 45 6889 123 7085 3 7093 45 7144 126 7339 8 7351 43 7400 129 7593 11 7614 37 7656 131 7848 12 7872 36 7911 133 8103 14 8129 36 8166 134 8359 14 8387 170 8614 16 8643 170 8868 18 8900 170 9123 19 9158 168 9378 20 9415 168 9631 23 9673 166 9883 27 9931 164 10135 31 10188 163 10388 34 10445 49 10496 111 10643 35 10701 46 10752 111 10897 36 10958 43 11008 111 11152 37 11214 42 11264 110 11407 37 11471 41 11520 110 11662 38 11728 40 11776 109 11917 38 11984 41 12032 109 12173 38 12241 40 12288 109 12428 38 12497 41 12544 109 12684 38 12753 44 12799 109 12940 38 13009 155 13196 39 13265 155 13452 40 13520 155 13708 40 13776 155 13964 41 14032 154 14220 41 14287 154 14477 40 14543 152 14733 40 14799 151 14989 40 15055 149 15245 40 15311 147 15502 39 15567 49 15617 94 15758 38 15824 48 15875 1 15877 89 16015 37 16080 48 16135 86 16272 35 16337 47 16392 85 16529 15 16551 11 16594 46 16649 85 16786 8 16810 5 16851 45 16899 1 16906 85 17045 1 17108 44 17154 2 17163 86 17365 43 17409 3 17419 87 17622 42 17665 3 17674 24 17702 61 17879 41 17922 2 17930 23 17958 62 18136 40 18186 22 18214 63 18393 39 18441 23 18470 63 18650 38 18696 24 18726 18 18749 41 18906 38 18952 24 18982 16 19005 41 19163 37 19208 24 19239 14 19261 41 19419 37 19464 24 19496 10 19517 41 19676 36 19720 23 19773 42 19932 36 19977 22 20029 42 20188 36 20233 22 20285 42 20445 35 20490 20 20542 41 20701 35 20748 16 20798 41 20897 5 20957 35 21006 11 21055 40 21152 7 21214 34 21312 39 21407 9 21470 34 21569 38 21663 9 21726 34 21827 35 21919 10 21982 34 22084 34 22175 10 22238 34 22341 33 22405 8 22431 11 22494 34 22597 33 22657 15 22687 13 22750 34 22854 31 22911 19 22944 16 23006 34 23110 31 23166 21 23200 18 23263 33 23366 30 23422 22 23457 18 23519 33 23622 29 23677 23 23714 18 23776 32 23879 27 23932 25 23971 18 24032 32 24135 26 24188 25 24227 18 24288 32 24391 25 24442 27 24484 18 24544 32 24647 24 24696 30 24740 19 24799 33 24904 22 24950 32 24997 18 25055 33 25160 21 25205 33 25252 19 25310 34 25416 20 25460 34 25505 23 25565 35 25673 19 25715 35 25759 25 25820 36 25929 18 25970 36 26014 26 26075 37 26155 4 26185 17 26225 37 26269 27 26331 37 26409 10 26441 15 26480 38 26524 28 26587 37 26664 22 26697 14 26735 39 26780 28 26843 37 26919 25 26952 15 26990 41 27035 29 27099 37 27174 28 27208 14 27245 42 27290 30 27355 37 27429 30 27463 15 27500 43 27545 31 27612 36 27684 51 27755 77 27868 36 27939 52 28010 78 28124 36 28194 53 28266 78 28380 36 28449 55 28521 79 28636 36 28703 58 28777 79 28892 39 28950 3 28956 64 29032 81 29149 40 29204 74 29288 81 29405 42 29458 77 29543 84 29646 5 29661 44 29714 77 29799 86 29900 8 29918 45 29969 79 30055 89 30155 10 30175 46 30224 80 30311 92 30410 11 30432 46 30480 80 30567 94 30665 12 30689 127 30823 110 30946 126 31079 110 31203 125 31335 110 31459 126 31591 110 31715 44 31761 81 31846 38 31888 69 31971 44 32018 119 32145 68 32227 43 32275 116 32401 67 32483 43 32533 113 32658 66 32738 44 32790 111 32914 65 32994 43 33048 109 33170 64 33250 43 33305 109 33426 54 33506 43 33562 109 33682 53 33761 44 33818 110 33938 53 34017 45 34075 110 34194 52 34274 44 34331 111 34450 52 34531 43 34587 43 34631 67 34706 51 34787 43 34843 40 34894 61 34962 50 35045 41 35100 38 35150 62 35217 50 35302 39 35357 36 35406 62 35473 49 35561 36 35614 35 35661 115 35822 30 35871 33 35917 114 36081 13 36096 11 36128 32 36171 114 36343 5 36352 10 36386 30 36426 114 36608 8 36643 28 36681 113 36864 5 36900 27 36936 111 37094 4 37120 4 37158 25 37190 110 37346 10 37376 4 37416 22 37445 109 37600 13 37632 3 37677 16 37700 108 37855 15 37888 3 37935 12 37956 107 38111 15 38144 4 38194 6 38211 106 38366 16 38400 5 38466 106 38622 17 38656 9 38722 104 38878 17 38912 12 38977 43 39025 55 39134 17 39168 14 39233 42 39282 54 39390 17 39424 15 39489 42 39540 51 39646 17 39680 17 39744 42 39797 50 39903 16 39936 19 40000 41 40055 13 40073 30 40159 15 40192 22 40256 40 40313 9 40331 28 40416 14 40448 24 40512 37 40570 7 40589 26 40673 13 40704 25 40768 29 40827 5 40848 22 40930 12 40960 26 41025 27 41107 19 41187 11 41215 28 41281 27 41366 15 41445 9 41468 32 41538 27 41624 12 41703 8 41721 35 41795 32 41881 10 41961 7 41971 41 42052 31 42140 5 42219 50 42309 31 42475 50 42566 30 42731 50 42824 29 42987 50 43083 7 43095 15 43243 50 43351 16 43498 51 43607 17 43753 51 43864 17 44008 52 44120 17 44262 53 44376 18 44516 54 44632 18 44771 54 44889 17 45025 55 45145 17 45280 55 45401 17 45535 55 45658 16 45790 55 45915 14 45950 5 46036 44 46081 19 46172 12 46204 10 46291 45 46337 18 46430 9 46460 16 46547 45 46593 17 46688 5 46715 19 46802 56 46861 3 46971 20 47058 54 47227 22 47314 54 47483 22 47571 52 47739 23 47827 52 47995 23 48084 42 48127 8 48252 22 48340 42 48383 8 48508 22 48597 40 48640 7 48764 22 48853 40 48896 7 49020 22 49109 40 49152 8 49277 21 49366 38 49408 8 49533 21 49622 38 49664 8 49789 21 49879 37 49920 8 50045 21 50135 36 50176 7 50301 22 50392 35 50432 7 50556 29 50649 33 50688 7 50812 32 50906 32 50944 7 51068 33 51164 2 51173 20 51200 7 51324 34 51430 18 51456 7 51580 35 51687 16 51712 7 51836 36 51944 14 51968 7 52092 36 52202 11 52224 7 52347 37 52459 8 52480 7 52603 37 52736 7 52859 38 52992 7 53115 38 53248 7 53371 38 53504 7 53627 37 53760 7 53884 36 54017 5 54140 36 54275 1 54397 35 54654 34 54911 32 55167 31 55423 30 55678 30 55933 30 56188 30 56443 31 56696 34 56950 36 57204 40 57343 1 57459 43 57598 2 57713 47 57852 4 57967 51 58108 4 58221 56 58364 4 58476 64 58620 4 58732 65 58876 4 58988 66 59132 4 59244 66 59390 2 59501 66 59647 1 59757 66 59903 1 60014 65 60270 66 60527 69 60597 2 60784 76 61041 15 61058 59 61298 11 61316 59 61556 7 61573 59 61831 58 62089 57 62207 1 62345 57 62462 2 62600 59 62716 4 62855 60 62971 5 63111 60 63214 3 63227 5 63366 61 63468 7 63482 6 63621 26 63653 31 63722 10 63737 7 63876 21 63910 30 63977 13 63992 8 64132 10 64145 4 64166 30 64233 23 64387 11 64423 29 64488 24 64642 12 64679 29 64744 24 64897 12 64936 28 64999 25 65154 11 65193 27 65255 25 65409 12 65450 26 65511 25
304629,0 21246 21247 255 21504 253 21760 253 22016 253 22272 253 22528 253 22784 253 23040 253 23296 253 23552 254 23808 254 24064 254 24320 254 24575 21269 45847 252 46103 251 46359 250 46615 248 46871 247 47127 246 47382 245 47638 243 47894 242 48149 242 48405 199 48611 29 48641 4 48661 197 48869 27 48916 197 49127 25 49172 196 49385 23 49428 196 49650 14 49684 196 49907 13 49940 196 50164 10 50175 1 50196 196 50420 9 50452 196 50677 4 50708 196 50933 3 50964 196 51219 198 51475 199 51714 3 51730 201 51968 12 51984 204 52224 224 52480 226 52736 229 52992 230 53248 230 53504 230 53760 230 54016 229 54272 226 54528 227 54784 227 55040 227 55296 227 55552 227 55808 227 56063 228 56316 231 56572 231 56827 232 57084 231 57340 231 57599 228 57856 227 58112 226 58368 226 58624 224 58880 223 59136 222 59392 221 59648 219 59903 220 60158 220 60412 222 60668 222 60923 223 61179 222 61435 222 61691 221 61947 221 62203 220 62459 220 62715 220 62971 220 63228 219 63484 219 63740 218 63996 218 64251 219 64507 219 64762 220 65018 220 65275 218 65532 4
844747,0 219 229 243 490 239 745 242 999 244 1255 243 1513 240 1771 238 2028 237 2284 237 2540 237 2796 236 3051 236 3306 235 3560 237 3810 242 4064 244 4319 245 4574 247 4830 247 5085 249 5341 249 5597 250 5853 251 6109 252 6364 439 6808 249 7065 247 7321 247 7577 246 7833 246 8089 246 8345 247 8601 247 8856 249 9111 252 9366 1838 11205 253 11463 250 11720 249 11975 250 12231 250 12486 251 12741 45 12790 8 12799 243 13048 5 13056 242 13307 1 13312 243 13568 243 13824 244 14080 244 14336 245 14592 194 14787 50 14848 194 15044 49 15104 193 15300 49 15360 193 15556 50 15616 194 15812 52 15867 1 15872 253 16127 3379 19509 249 19767 246 20024 245 20280 200 20481 44 20537 199 20744 37 20793 199 21001 36 21049 199 21257 37 21304 200 21513 39 21560 200 21769 42 21815 201 22025 247 22273 1 22280 251 22536 252 22791 1785 24577 255 24835 253 25093 251 25349 113 25465 135 25606 112 25722 134 25863 111 25978 134 26120 110 26234 134 26377 109 26490 134 26635 108 26746 134 26893 106 27001 135 27156 99 27257 135 27416 232 27674 230 27932 228 28189 227 28446 226 28705 223 28964 220 29221 219 29479 217 29746 206 30004 204 30261 203 30518 202 30774 53 30831 145 31031 51 31089 143 31287 51 31348 140 31542 52 31606 138 31798 52 31864 136 32054 52 32121 135 32310 53 32377 135 32565 54 32633 135 32821 54 32888 136 33077 55 33144 136 33308 6 33334 54 33399 137 33562 9 33590 54 33655 137 33816 11 33846 55 33911 137 34071 12 34103 54 34167 137 34326 13 34359 54 34422 138 34582 13 34616 53 34678 138 34837 14 34872 52 34934 138 35092 15 35129 51 35189 139 35347 16 35385 50 35445 139 35601 18 35641 50 35699 141 35856 19 35896 50 35954 142 36111 20 36151 51 36208 144 36365 22 36407 51 36463 145 36620 7 36628 15 36662 52 36718 146 36876 7 36885 14 36917 53 36974 146 37131 8 37142 13 37173 53 37229 147 37387 8 37398 13 37428 54 37485 147 37643 24 37684 54 37741 147 37899 25 37940 55 37996 148 38155 25 38196 204 38411 26 38452 204 38667 27 38708 204 38923 28 38964 204 39179 29 39220 204 39436 29 39476 204 39692 30 39732 204 39948 31 39989 203 40204 31 40245 203 40460 31 40501 203 40717 31 40757 157 40916 44 40973 31 41013 157 41173 43 41229 32 41269 157 41430 42 41486 31 41525 130 41658 25 41685 43 41742 31 41782 128 41916 68 41998 31 42038 127 42173 67 42254 31 42294 127 42430 66 42510 31 42550 126 42686 66 42766 30 42806 126 42943 65 43022 30 43062 125 43199 65 43279 28 43319 124 43455 65 43535 27 43575 123 43711 65 43791 26 43832 121 43967 65 44047 26 44089 119 44223 65 44303 25 44346 51 44403 60 44478 66 44560 25 44603 42 44661 57 44734 66 44816 26 44860 38 44918 56 44990 66 45072 28 45118 35 45173 56 45245 67 45328 29 45376 33 45429 56 45501 67 45584 30 45633 31 45683 58 45757 67 45840 31 45890 30 45937 61 46012 68 46096 31 46146 29 46192 62 46268 68 46353 31 46400 31 46446 64 46524 68 46609 32 46654 33 46701 66 46780 68 46865 33 46908 34 46957 66 47035 69 47121 35 47162 36 47212 68 47291 69 47377 77 47468 69 47547 69 47633 77 47723 71 47802 70 47890 76 47979 73 48058 70 48146 76 48235 50 48289 95 48402 75 48491 49 48545 95 48659 74 48747 48 48801 95 48916 73 49002 49 49056 96 49172 73 49258 48 49312 96 49429 36 49469 32 49513 48 49567 97 49686 34 49726 31 49769 48 49822 98 49944 3 49952 24 49981 32 50025 47 50077 99 50210 22 50236 33 50280 47 50332 100 50468 57 50536 47 50587 101 50727 54 50792 47 50843 101 50986 52 51047 47 51099 101 51242 52 51303 47 51354 102 51499 51 51559 47 51610 102 51755 52 51815 47 51866 102 52011 52 52072 46 52122 102 52267 53 52328 46 52378 102 52523 53 52584 46 52635 101 52779 54 52840 46 52891 101 53035 55 53097 44 53147 101 53291 56 53352 45 53404 100 53547 57 53608 45 53660 100 53803 58 53863 46 53917 99 54060 105 54173 99 54316 105 54430 98 54573 104 54686 98 54830 103 54942 98 55087 102 55199 97 55343 102 55454 98 55600 102 55710 98 55857 101 55966 64 56033 31 56113 101 56222 62 56290 30 56369 102 56478 62 56546 30 56625 102 56734 61 56801 31 56881 102 56990 61 57057 31 57137 102 57246 61 57312 32 57392 103 57502 62 57566 34 57648 101 57758 98 57904 99 58014 98 58159 51 58221 36 58270 98 58415 49 58479 33 58527 97 58670 49 58736 30 58784 96 58925 49 58993 28 59041 95 59181 48 59251 25 59298 94 59436 47 59508 23 59556 92 59692 46 59766 17 59813 91 59948 46 60025 2 60071 89 60204 45 60328 41 60372 44 60459 46 60585 39 60629 43 60715 46 60842 20 60865 15 60886 42 60971 46 61099 15 61122 14 61142 42 61227 46 61356 12 61378 15 61398 42 61481 47 61614 8 61635 14 61655 41 61735 47 61892 13 61911 41 61990 44 62149 12 62168 40 62246 42 62406 11 62424 40 62502 41 62664 9 62680 40 62758 40 62921 9 62937 39 63014 39 63177 9 63193 39 63270 39 63433 10 63448 40 63527 39 63690 54 63783 39 63946 54 64039 40 64202 54 64295 41 64459 53 64551 45 64661 4 64714 54 64806 44 64971 53 65062 42 65227 53 65319 41 65484 52
280079,0 65536
000064,0 65536
000062, 
000077,99 55 356 54 611 55 867 55 1122 56 1378 56 1633 57 1889 57 2145 57 2401 57 2656 58 2912 58 3168 58 3424 59 3680 66 3937 66 4193 67 4449 68 4706 68 4962 68 5219 68 5476 67 5732 67 5989 67 6246 66 6502 66 6759 65 7015 66 7271 66 7527 66 7783 66 8039 66 8295 65 8551 65 8690 10 8808 64 8944 16 9064 63 9199 17 9320 63 9455 17 9577 61 9710 18 9833 60 9966 18 10090 58 10222 18 10346 58 10478 18 10601 58 10733 19 10856 59 10989 19 11109 61 11244 20 11363 63 11500 20 11617 64 11755 21 11871 65 12010 22 12125 67 12266 22 12380 67 12521 23 12634 68 12777 23 12889 69 13033 23 13144 69 13288 24 13400 69 13544 24 13655 70 13799 25 13910 71 14054 26 14166 71 14309 27 14421 72 14562 30 14676 73 14816 32 14931 74 15070 34 15186 75 15324 36 15441 76 15579 37 15696 78 15834 38 15951 79 16089 39 16207 78 16345 39 16462 79 16601 39 16718 79 16856 40 16974 78 17112 40 17229 79 17368 40 17485 78 17624 40 17741 78 17879 41 17997 77 18122 6 18135 41 18253 77 18377 9 18390 42 18509 76 18633 10 18645 43 18765 24 18793 48 18888 56 19021 22 19050 46 19143 57 19278 21 19307 45 19399 57 19534 20 19563 34 19603 5 19654 58 19790 20 19820 31 19860 4 19909 59 20047 19 20076 30 20116 5 20163 61 20303 19 20333 27 20372 6 20418 62 20560 18 20589 25 20628 6 20674 62 20817 17 20845 20 20884 6 20929 63 21073 16 21102 16 21140 5 21185 63 21330 15 21359 13 21397 3 21441 63 21587 13 21616 10 21697 63 21844 11 21875 5 21954 62 22101 8 22210 66 22359 4 22466 69 22722 73 22950 7 22978 75 23205 11 23233 78 23460 17 23488 79 23716 108 23971 110 24147 4 24227 110 24403 8 24483 110 24659 10 24739 111 24916 9 24995 112 25174 6 25251 112 25507 113 25763 114 26018 116 26274 117 26530 118 26785 120 27041 120 27296 93 27392 26 27552 88 27648 26 27807 87 27904 26 28063 86 28160 26 28318 86 28416 26 28574 86 28672 26 28829 87 28928 26 29085 87 29184 26 29340 88 29440 25 29596 88 29696 24 29852 87 29952 23 30108 87 30208 21 30364 86 30464 17 30620 86 30720 14 30876 85 30976 11 31132 84 31232 8 31388 83 31488 6 31644 81 31744 5 31900 77 32000 4 32156 75 32257 2 32412 74 32668 73 32923 73 33178 73 33433 74 33686 76 33914 4 33940 77 34168 9 34194 79 34302 2 34422 13 34449 79 34556 4 34677 15 34704 80 34810 6 34933 16 34960 79 35065 7 35188 18 35215 81 35319 9 35444 18 35470 66 35544 8 35561 7 35573 11 35700 19 35726 65 35802 8 35815 25 35956 19 35981 65 36059 37 36212 19 36236 66 36315 37 36468 20 36490 68 36571 37 36709 2 36725 90 36827 37 36963 6 36983 91 37082 38 37218 8 37241 135 37474 9 37499 133 37730 9 37757 131 37985 10 38022 86 38110 34 38242 10 38279 85 38367 33 38498 9 38535 84 38624 32 38754 9 38791 84 38880 32 39011 8 39047 85 39136 32 39267 7 39302 86 39393 31 39524 5 39558 86 39649 31 39813 87 39905 31 40069 87 40161 31 40324 88 40417 29 40447 1 40580 89 40673 27 40835 90 40929 22 41090 92 41184 21 41345 115 41600 115 41855 116 42110 117 42365 118 42621 119 42876 120 43132 121 43387 122 43643 122 43899 122 44155 122 44411 122 44666 95 44763 26 44922 94 45020 24 45178 93 45277 23 45434 92 45534 20 45690 91 45791 17 45946 90 46049 8 46203 87 46309 1 46459 86 46715 85 46972 82 47228 40 47283 26 47485 37 47542 22 47741 36 47800 19 47998 34 48058 15 48254 33 48317 10 48511 31 48768 29 49024 28 49068 1 49281 27 49320 9 49537 26 49575 12 49793 25 49830 14 50050 23 50085 17 50307 22 50341 18 50564 20 50596 20 50821 18 50852 21 51078 17 51107 23 51335 16 51362 26 51591 17 51618 27 51848 17 51873 29 51963 5 52073 12 52104 19 52127 32 52210 14 52325 18 52359 57 52463 17 52580 21 52615 58 52716 20 52835 23 52870 59 52971 21 53090 25 53125 61 53226 22 53345 27 53380 62 53482 22 53599 30 53635 63 53738 22 53851 102 53994 22 54104 105 54249 23 54358 106 54506 22 54612 107 54762 22 54866 108 55018 22 55121 107 55274 22 55375 107 55531 21 55630 107 55787 21 55884 108 56044 20 56138 109 56301 19 56392 111 56558 18 56646 112 56817 15 56901 113 57035 3 57074 14 57156 113 57289 6 57331 13 57412 112 57544 8 57588 12 57667 113 57799 9 57845 11 57923 112 58054 10 58102 10 58179 111 58310 10 58359 9 58435 110 58565 11 58617 7 58691 110 58821 10 58875 5 58947 109 59077 10 59204 108 59334 7 59460 108 59717 106 59973 106 60230 104 60487 102 60743 101 61000 99 61257 97 61515 94 61773 91 62032 87 62291 84 62549 81 62809 76 63067 73 63325 70 63582 67 63839 53 64096 50 64353 48 64609 47 64866 45 65123 43 65379 43
246195,0 24141 24145 251 24401 250 24657 250 24913 250 25169 249 25424 250 25679 251 25934 759 26695 252 26951 252 27207 251 27463 251 27719 252 27974 254 28230 1098 29332 251 29596 244 29853 243 30109 244 30365 245 30621 247 30877 248 31133 250 31388 140 31537 103 31644 138 31797 101 31899 138 32054 238 32310 237 32566 235 32822 232 33077 230 33333 229 33588 229 33843 230 34098 232 34352 239 34605 211 34817 32 34860 212 35073 33 35115 213 35329 34 35371 249 35626 251 35881 253 36136 11698 47840 245 48099 240 48358 236 48616 233 48875 229 49134 225 49397 217 49663 206 49920 204 50176 201 50432 189 50688 189 50944 189 51200 190 51456 191 51712 191 51968 191 52224 192 52480 192 52736 191 52992 191 53248 190 53504 190 53760 189 54016 188 54272 187 54528 186 54784 185 55040 178 55296 177 55552 176 55808 175 56064 174 56320 173 56576 173 56832 172 57088 171 57344 171 57600 170 57856 170 58112 169 58368 169 58624 168 58880 168 59136 167 59392 166 59648 166 59904 165 60160 164 60416 164 60672 163 60928 163 61184 162 61440 88 61532 23 61564 37 61696 87 61790 18 61823 33 61952 87 62047 12 62081 30 62208 86 62306 2 62338 26 62464 85 62595 21 62720 84 62851 19 62976 83 63108 15 63232 82 63365 11 63488 81 63622 7 63744 81 63881 2 64000 80 64256 80 64512 80 64768 80 65024 80 65280 80
563999,0 16 64 8 84 12 126 45 189 52 249 22 323 4 341 11 383 43 447 50 506 22 578 7 596 13 638 44 704 49 762 23 832 10 851 15 892 47 961 49 1019 22 1088 11 1106 16 1134 6 1146 49 1220 4 1228 38 1276 21 1344 11 1362 17 1388 63 1484 39 1533 20 1600 12 1618 17 1643 64 1740 39 1791 18 1856 12 1873 19 1898 65 1996 39 2048 17 2113 12 2129 19 2153 66 2249 43 2304 17 2354 8 2369 12 2384 22 2407 68 2503 45 2560 17 2605 14 2626 11 2639 92 2758 46 2816 18 2858 19 2882 10 2895 92 3013 48 3072 18 3113 21 3138 9 3150 93 3268 49 3328 18 3368 23 3394 8 3406 93 3523 50 3584 18 3623 24 3651 6 3662 93 3778 51 3840 18 3878 25 3917 94 4033 53 4096 18 4133 25 4173 94 4288 54 4352 18 4388 26 4428 96 4542 56 4608 18 4643 27 4683 98 4797 57 4864 18 4898 28 4939 99 5051 60 5120 19 5153 30 5194 173 5376 19 5408 31 5450 173 5632 19 5663 33 5706 173 5888 20 5919 33 5963 172 6144 20 6174 34 6219 172 6400 21 6430 34 6476 171 6656 22 6686 34 6732 171 6912 23 6941 34 6989 170 7168 24 7196 35 7245 170 7424 62 7502 169 7680 61 7759 168 7936 61 8015 168 8192 60 8272 168 8448 60 8529 167 8704 59 8785 168 8960 59 9042 167 9216 59 9299 166 9472 59 9555 166 9728 59 9812 165 9984 59 10069 164 10240 59 10326 163 10496 59 10582 163 10752 60 10837 163 11008 60 11093 163 11264 60 11349 162 11520 61 11605 162 11776 61 11860 162 12032 61 12116 161 12288 62 12372 161 12544 64 12628 160 12800 73 12885 158 13056 75 13141 158 13312 77 13397 157 13568 78 13653 155 13824 79 13909 147 14080 80 14165 145 14336 81 14421 144 14592 82 14677 143 14848 83 14933 142 15104 226 15360 225 15616 224 15872 222 16128 221 16384 220 16640 219 16896 219 17152 219 17408 219 17664 220 17920 220 18176 221 18432 221 18688 222 18943 223 19199 223 19455 223 19702 4 19711 223 19957 7 19967 223 20213 8 20224 222 20468 9 20479 223 20724 9 20735 222 20979 11 20991 222 21235 234 21491 233 21747 233 22003 232 22258 233 22514 233 22770 232 23026 232 23282 232 23537 233 23793 233 24049 234 24305 236 24561 238 24817 239 25073 241 25328 243 25584 244 25840 244 26095 245 26351 246 26606 247 26862 247 27118 247 27374 246 27630 246 27886 245 28143 243 28399 242 28655 242 28911 241 29167 241 29423 241 29678 243 29933 245 30188 248 30443 251 30697 2069 32767 127 32901 109 33024 123 33159 106 33280 122 33417 104 33536 121 33674 103 33792 119 33930 103 34048 118 34186 104 34304 115 34442 56 34500 48 34560 110 34698 55 34757 50 34816 108 34954 54 35013 52 35072 106 35210 54 35269 56 35327 105 35466 54 35525 161 35722 54 35781 160 35978 55 36036 160 36233 219 36489 219 36744 220 37000 221 37256 37 37295 182 37513 34 37552 182 37769 33 37808 182 38025 32 38063 183 38282 33 38318 185 38538 221 38794 222 39049 223 39285 7 39305 223 39540 9 39560 224 39795 12 39815 226 40050 14 40070 227 40305 248 40559 250 40814 252 41068 2439 43510 249 43768 246 44026 243 44281 243 44535 245 44789 246 45043 248 45297 250 45551 1238 46791 254 47047 253 47304 252 47560 252 47816 251 48072 251 48328 251 48583 253 48838 7617 56462 246 56720 243 56976 241 57231 242 57486 242 57739 245 57993 247 58248 248 58502 7034
000008,32 44 193 35 288 44 450 34 545 43 706 34 801 44 962 36 1058 43 1218 37 1315 43 1474 38 1571 43 1729 39 1828 43 1985 40 2085 44 2241 40 2342 44 2497 41 2599 44 2753 42 2855 46 3008 44 3112 45 3264 50 3369 45 3520 52 3626 45 3776 54 3883 44 4031 56 4147 37 4287 57 4409 32 4543 58 4630 3 4666 32 4798 60 4885 5 4923 33 5033 7 5054 60 5140 6 5179 35 5286 16 5309 61 5395 7 5436 36 5540 87 5651 7 5692 38 5793 89 5907 6 5948 39 6046 92 6163 6 6205 39 6300 94 6420 5 6461 40 6555 94 6676 5 6717 41 6810 95 6932 5 6974 40 7065 95 7189 5 7230 40 7320 96 7445 6 7460 3 7474 7 7486 40 7576 95 7700 11 7712 9 7727 55 7831 96 7936 11 7955 83 8087 96 8192 102 8342 97 8448 102 8598 97 8704 102 8854 96 8960 102 9110 96 9216 102 9367 95 9472 102 9623 95 9728 103 9879 94 9984 103 10135 94 10240 103 10392 92 10496 103 10647 92 10752 102 10903 91 11008 101 11159 90 11264 101 11415 89 11520 100 11671 89 11776 99 11927 88 12032 98 12183 88 12288 98 12439 88 12544 98 12696 86 12800 97 12952 86 13056 97 13209 85 13312 97 13465 85 13568 97 13722 84 13824 97 13979 82 14080 98 14236 81 14336 98 14492 81 14592 98 14748 81 14848 98 15003 81 15104 99 15259 81 15360 99 15476 9 15515 81 15616 99 15729 14 15771 81 15872 80 15954 17 15983 19 16027 82 16128 79 16209 19 16238 22 16283 82 16384 79 16465 19 16494 23 16539 82 16640 101 16749 25 16795 82 16896 101 17005 26 17052 81 17152 101 17261 27 17308 81 17408 101 17517 28 17565 79 17664 102 17772 29 17822 78 17920 102 18028 30 18078 78 18176 103 18284 31 18334 77 18432 104 18538 33 18590 77 18688 140 18845 77 18944 148 19100 77 19200 148 19355 77 19456 148 19610 76 19712 148 19865 76 19968 148 20120 75 20224 148 20375 75 20480 147 20630 76 20736 145 20884 77 20992 143 21140 77 21248 142 21395 78 21504 141 21651 79 21760 140 21906 81 22016 139 22160 84 22272 139 22413 89 22528 232 22784 233 23040 234 23296 235 23552 235 23808 235 24064 236 24320 236 24576 236 24832 237 25088 237 25344 238 25600 238 25856 239 26112 239 26368 239 26624 238 26880 238 27136 238 27392 238 27648 237 27904 237 28160 236 28416 236 28672 128 28802 106 28928 126 29059 104 29184 125 29315 104 29440 124 29571 103 29696 123 29827 103 29952 123 30082 103 30208 122 30338 102 30464 121 30593 103 30720 120 30848 103 30976 119 31103 103 31232 118 31358 103 31488 117 31613 104 31744 117 31867 105 32000 117 32122 106 32256 118 32377 106 32512 227 32768 227 33024 226 33280 226 33536 226 33792 225 34048 225 34304 224 34560 224 34816 100 34920 119 35072 98 35176 118 35328 96 35432 118 35584 93 35687 118 35840 78 35921 10 35942 119 36096 68 36198 118 36352 66 36453 119 36608 65 36708 120 36864 64 36964 120 37120 63 37220 120 37376 62 37476 120 37632 60 37732 120 37888 60 37988 120 38144 59 38245 119 38400 58 38501 118 38656 57 38757 117 38912 56 39013 116 39168 55 39270 112 39424 54 39525 110 39670 7 39679 54 39781 108 39925 62 40027 5 40036 108 40180 62 40274 126 40435 61 40527 128 40690 14 40705 44 40782 128 40946 14 40961 41 41037 129 41201 15 41218 37 41293 128 41456 16 41475 34 41549 128 41711 17 41731 32 41805 128 41965 19 41988 30 42061 128 42220 20 42245 28 42317 128 42475 21 42503 24 42574 127 42731 21 42760 21 42830 127 42987 21 43018 16 43087 126 43242 22 43275 12 43344 125 43498 22 43533 8 43601 124 43755 21 43859 122 44011 21 44117 120 44268 18 44382 111 44524 17 44640 109 44781 16 44897 108 45038 13 45154 107 45294 12 45411 106 45551 10 45667 106 45808 7 45924 105 46066 3 46180 105 46437 104 46693 104 46949 104 47205 104 47461 103 47717 103 47973 102 48228 102 48483 103 48738 104 48994 105 49151 1 49249 106 49396 4 49404 4 49504 108 49646 18 49760 108 49899 21 50016 108 50153 23 50271 109 50407 25 50527 109 50662 26 50783 108 50917 27 51038 108 51173 27 51293 109 51428 28 51547 110 51684 28 51801 112 51940 28 51990 14 52055 114 52196 28 52240 22 52310 116 52451 29 52494 26 52565 119 52706 30 52748 32 52820 122 52960 32 53004 36 53076 124 53213 35 53259 38 53331 126 53467 37 53515 39 53587 128 53722 38 53771 41 53843 129 53977 39 54027 42 54098 131 54233 39 54283 44 54354 132 54488 40 54539 46 54609 175 54795 57 54863 177 55050 63 55114 182 55306 246 55562 246 55818 246 56073 247 56329 247 56585 247 56841 247 57097 247 57353 247 57609 247 57866 246 58122 246 58379 245 58636 244 58893 243 59150 242 59408 240 59673 231 59930 230 60187 229 60444 228 60700 228 60956 228 61212 228 61468 228 61725 227 61981 227 62237 227 62494 226 62750 226 63007 225 63264 224 63521 223 63777 223 64034 222 64290 222 64546 222 64802 222 65058 222 65314 222
000022,45803 3 46056 10 46075 5 46310 26 46564 28 46819 29 47075 29 47330 30 47586 30 47841 31 48082 3 48097 31 48337 5 48353 31 48593 6 48609 31 48848 7 48865 31 49104 8 49121 31 49360 8 49377 31 49616 8 49633 31 49873 7 49890 30 50129 7 50146 30 50386 6 50402 30 50643 6 50658 30 50899 8 50913 31 51155 45 51411 45 51666 46 51922 46 52178 46 52434 46 52690 46 52946 46 53202 46 53401 2 53458 46 53653 8 53714 46 53907 11 53969 47 54162 13 54224 48 54416 15 54479 49 54671 16 54723 4 54730 54 54926 18 54976 64 55180 20 55231 65 55434 22 55486 66 55569 4 55688 25 55740 68 55823 10 55943 28 55995 69 56078 13 56198 36 56250 70 56333 16 56453 39 56505 71 56589 17 56673 4 56708 42 56760 72 56845 19 56868 8 56929 5 56963 45 57015 73 57101 33 57184 7 57218 49 57270 74 57356 36 57440 7 57471 129 57612 37 57696 8 57724 132 57867 39 57951 10 57978 134 58123 40 58207 161 58378 42 58462 162 58633 43 58716 164 58888 45 58970 166 59139 50 59224 222 59479 223 59733 225 59989 225 60243 227 60498 227 60753 228 61008 229 61263 230 61518 231 61773 232 62028 232 62282 234 62536 236 62790 237 63044 238 63299 239 63554 239 63810 237 64065 237 64321 237 64576 237 64832 236 65088 236 65344 192
000032,0 65536
652005,0 65536
000074,0 65536
000015,4 26 225 31 260 26 482 30 517 25 738 30 773 25 994 30 1030 23 1251 29 1286 23 1508 28 1543 21 1765 27 1799 21 2022 26 2056 20 2090 6 2279 28 2312 19 2345 9 2536 29 2569 18 2599 12 2793 21 2816 5 2825 18 2854 14 3049 20 3072 6 3081 18 3109 15 3305 20 3328 7 3338 17 3364 17 3562 18 3584 7 3594 19 3619 19 3818 16 3840 7 3851 19 3874 20 4075 14 4096 7 4108 43 4331 13 4352 7 4366 41 4589 10 4608 7 4627 36 4846 7 4864 6 4883 37 5120 5 5139 37 5376 4 5395 38 5651 39 5907 40 6163 41 6419 42 6675 42 6931 43 7186 44 7442 44 7697 45 7952 46 8208 46 8463 47 8719 46 8975 45 9231 43 9487 40 9743 38 9999 37 10255 36 10511 35 10767 34 11023 32 11279 30 11345 11 11535 26 11599 15 11670 6 11792 23 11854 18 11923 10 12048 24 12109 20 12177 13 12305 23 12365 21 12431 16 12562 13 12579 6 12620 22 12685 19 12820 8 12835 6 12876 23 12939 21 13092 5 13131 25 13193 24 13348 5 13386 26 13447 27 13605 4 13642 27 13700 30 13897 28 13955 32 14080 4 14153 28 14209 34 14336 5 14409 29 14465 35 14592 5 14665 29 14720 36 14848 6 14921 29 14976 36 15104 6 15178 29 15232 36 15360 6 15435 28 15488 36 15616 6 15693 26 15744 36 15872 7 15951 24 16000 36 16128 7 16208 23 16257 36 16384 8 16466 20 16513 36 16640 9 16724 18 16769 37 16896 10 16981 17 17026 36 17152 11 17240 13 17282 37 17408 12 17498 10 17539 37 17664 12 17756 7 17795 38 17920 13 18052 37 18176 13 18308 37 18432 13 18564 37 18688 13 18820 37 18944 13 19076 36 19200 13 19332 36 19456 13 19588 36 19712 12 19844 36 19968 12 20100 36 20224 11 20356 36 20480 9 20612 36 20868 37 21124 37 21380 27 21412 4 21636 26 21893 24 22149 24 22406 22 22662 22 22919 21 23175 20 23432 19 23688 18 23944 17 24200 16 24457 14 24713 13 24970 11 25227 9 25484 6 25581 6 25836 8 26091 10 26347 10 26602 12 26857 13 27113 14 27369 14 27624 15 27880 15 28136 15 28392 15 28648 15 28905 13 29161 13 29417 12 29674 10 29932 7 31794 6 32049 11 32304 15 32559 17 32814 19 33069 21 33324 23 33579 25 33834 26 34089 27 34344 29 34599 30 34853 32 35108 33 35363 33 35618 34 35873 35 36128 35 36384 35 36639 35 36895 34 37150 35 37406 34 37662 32 37918 31 38175 29 38431 27 38641 4 38688 26 38895 9 38945 24 39149 13 39203 21 39403 18 39462 17 39657 23 39723 12 39911 25 39981 9 40166 26 40241 2 40421 27 40677 27 40932 28 41188 28 41444 28 41701 27 41957 27 42213 27 42469 27 42725 27 42981 27 43237 27 43493 27 43749 27 44005 27 44261 27 44518 26 44774 26 45031 25 45288 24 45545 23 45802 22 46059 21 46315 21 46572 20 46829 19 47085 19 47342 18 47599 17 47855 17 48112 16 48368 16 48625 15 48882 14 49139 6 53299 6 53553 9 53807 12 54062 14 54316 16 54524 4 54571 18 54776 8 54827 18 55031 9 55082 20 55285 11 55338 20 55541 11 55594 20 55796 12 55850 20 56051 13 56107 19 56306 14 56364 18 56560 16 56621 17 56815 17 56878 16 57070 18 57134 16 57325 19 57390 16 57580 20 57645 18 57835 21 57899 20 58091 21 58154 22 58347 21 58409 23 58603 21 58664 24 58859 21 58919 26 59115 21 59175 26 59371 21 59430 27 59627 21 59686 27 59882 22 59942 27 60138 22 60198 27 60394 22 60454 26 60650 22 60709 27 60906 22 60965 27 61162 22 61221 27 61309 7 61418 22 61477 26 61562 11 61674 22 61733 26 61817 13 61931 21 61990 25 62072 15 62187 21 62247 23 62327 16 62444 20 62503 22 62582 17 62701 19 62760 20 62837 18 62958 18 63018 6 63093 18 63180 5 63215 17 63348 20 63434 9 63472 16 63604 20 63688 12 63729 15 63860 20 63943 13 63986 14 64116 20 64197 16 64242 14 64371 21 64452 17 64499 13 64627 20 64707 19 64756 12 64884 19 64963 19 65013 11 65140 18 65219 19 65270 10 65396 18 65475 19 65526 10
227391,0 65536
000050, 
460549,19081 5 19336 9 19591 12 19847 14 20103 15 20359 16 20615 17 20870 19 21126 20 21382 21 21637 23 21893 23 22148 25 22404 25 22438 5 22660 26 22693 7 22917 26 22947 10 23174 40 23432 38 23689 38 23946 38 24069 8 24202 38 24321 13 24458 39 24576 15 24714 39 24832 16 24970 40 25088 17 25226 40 25344 18 25482 40 25600 19 25738 40 25856 20 25994 40 26112 20 26251 38 26368 21 26507 38 26624 21 26763 37 26880 22 27020 35 27136 22 27276 34 27392 23 27533 33 27648 23 27789 33 27904 23 28046 32 28160 24 28302 32 28416 25 28559 32 28672 25 28816 31 28928 25 29072 32 29184 26 29329 31 29440 26 29586 31 29696 26 29842 32 29952 26 30099 33 30208 25 30356 34 30464 25 30613 34 30720 24 30869 35 30976 22 31126 35 31232 20 31382 35 31488 14 31638 37 31745 11 31894 41 32150 43 32406 44 32663 43 32919 44 33176 43 33432 43 33689 42 33945 41 34089 2 34202 39 34290 2 34338 20 34458 38 34546 2 34589 30 34714 36 34801 3 34816 12 34844 33 34971 34 35072 14 35099 35 35227 34 35328 15 35354 37 35483 33 35584 16 35610 37 35739 33 35840 17 35866 37 35996 32 36096 17 36122 37 36252 33 36352 18 36377 38 36509 33 36608 18 36633 38 36766 38 36864 19 36888 39 37022 39 37120 21 37142 40 37279 38 37376 62 37535 38 37632 61 37792 37 37888 61 37993 3 38049 36 38144 62 38247 9 38308 32 38400 62 38502 13 38573 23 38656 63 38757 17 38832 19 38912 65 39012 20 39090 17 39168 66 39268 22 39348 14 39424 67 39524 25 39605 12 39680 67 39779 28 39863 9 39936 68 40035 29 40120 6 40192 69 40291 30 40448 69 40547 30 40704 70 40803 30 40960 71 41060 28 41216 71 41317 26 41472 71 41574 24 41728 71 41833 19 41984 71 42099 3 42145 4 42240 72 42400 7 42496 72 42654 11 42752 72 42900 5 42909 13 43008 72 43155 25 43264 73 43410 27 43520 73 43665 29 43776 74 43920 31 44032 74 44176 32 44288 74 44376 1 44432 32 44544 75 44628 9 44688 33 44800 75 44882 13 44944 33 45056 76 45137 15 45199 35 45312 97 45455 35 45568 98 45711 36 45824 99 45967 37 46080 99 46223 37 46336 99 46479 38 46592 99 46735 38 46848 100 46991 39 47104 100 47247 39 47360 100 47503 40 47616 8 47628 88 47759 40 47872 7 47885 86 48015 40 48128 6 48143 13 48159 68 48270 41 48384 5 48403 7 48416 67 48525 42 48640 5 48673 66 48780 43 48896 5 48929 66 49034 45 49152 4 49186 65 49288 47 49409 3 49443 64 49543 47 49665 3 49700 64 49799 47 49921 3 49956 65 50054 47 50177 3 50213 66 50310 46 50434 2 50470 67 50566 45 50690 2 50726 68 50821 45 50983 68 51077 44 51240 67 51333 43 51497 66 51588 43 51754 64 51844 30 51876 11 51921 3 52012 61 52100 28 52137 21 52174 9 52269 60 52356 27 52397 18 52429 11 52529 55 52612 27 52652 21 52684 14 52788 51 52868 26 52908 22 52939 16 53049 45 53125 24 53164 23 53194 18 53307 40 53381 22 53419 25 53449 19 53563 37 53638 18 53675 26 53704 21 53820 34 53896 10 53931 50 54076 30 54186 52 54333 26 54442 53 54590 20 54698 53 54846 16 54953 55 55103 14 55209 57 55361 11 55464 59 55618 9 55720 60 55876 6 55975 62 56231 63 56486 64 56742 65 56997 66 57253 66 57508 67 57763 67 58019 67 58275 66 58531 64 58787 63 59043 62 59300 60 59556 60 59812 60 60068 60 60243 9 60324 60 60497 15 60580 59 60750 24 60837 58 61005 26 61093 57 61260 28 61349 56 61517 28 61605 55 61773 29 61862 12 61876 39 62030 28 62118 10 62137 33 62286 28 62375 8 62394 31 62541 29 62632 5 62651 29 62797 29 62907 28 63052 30 63134 6 63164 26 63308 30 63389 8 63420 25 63563 31 63644 11 63677 24 63818 31 63899 13 63934 22 64074 31 64155 16 64191 20 64329 32 64410 20 64449 16 64584 32 64665 23 64706 13 64840 31 64922 22 64964 7 65097 28 65179 21 65353 28 65438 18
000088,0 65536
798724,0 12 82 13 108 2 256 12 338 13 364 3 512 13 594 13 619 5 768 14 849 15 874 7 1024 14 1105 16 1130 7 1280 13 1362 14 1387 4 1536 12 1618 14 1792 11 1876 12 2048 11 2133 11 2304 10 2391 9 2560 9 2649 6 2816 9 2908 2 3072 8 3328 8 3584 8 3840 8 4096 8 4352 8 4608 7 4864 7 5120 7 5376 6 5632 6 5888 5 6146 3 6403 1
144284,207 2 214 41 470 16 487 23 511 1 719 3 724 42 934 1 973 51 1025 3 1187 5 1228 26 1259 19 1280 6 1444 3 1484 25 1517 16 1536 7 1700 2 1740 24 1775 14 1792 8 1956 2 1995 25 2033 11 2048 9 2211 3 2251 25 2291 6 2304 10 2467 2 2507 24 2560 12 2576 5 2762 25 2816 24 3018 24 3072 25 3188 1 3274 24 3328 25 3441 8 3529 24 3584 26 3695 12 3785 24 3840 26 3949 15 4040 24 4096 26 4204 17 4296 22 4352 26 4459 19 4552 21 4608 26 4714 20 4808 20 4864 26 4970 20 5064 19 5120 26 5225 21 5319 20 5376 26 5481 21 5575 20 5632 26 5737 20 5831 20 5888 26 5993 20 6086 21 6144 26 6250 18 6342 21 6400 26 6506 17 6598 21 6656 27 6692 3 6762 16 6855 20 6912 27 6944 13 7019 14 7112 18 7168 27 7199 17 7275 13 7370 14 7424 28 7453 20 7532 11 7629 8 7680 50 7787 11 7936 50 8042 11 8192 51 8297 12 8448 51 8551 14 8704 51 8806 15 8960 51 9061 16 9216 51 9315 19 9472 50 9570 21 9728 50 9825 22 9984 49 10081 24 10240 49 10336 27 10496 48 10592 29 10752 48 10848 30 11008 48 11103 32 11264 47 11359 33 11520 47 11615 34 11776 46 11871 35 12032 46 12126 37 12288 46 12382 38 12544 46 12637 40 12800 46 12893 41 13056 46 13147 43 13312 46 13401 46 13569 3 13581 33 13655 49 13839 30 13908 52 14096 29 14163 53 14354 27 14418 55 14613 24 14673 56 14873 20 14927 58 15130 19 15182 59 15387 19 15427 71 15644 18 15682 72 15901 17 15936 74 16158 16 16191 75 16415 15 16447 75 16672 13 16702 75 16929 11 16958 75 17188 8 17213 76 17446 5 17469 76 17703 4 17725 75 17921 1 17960 3 17980 76 18176 4 18217 2 18236 76 18432 4 18473 2 18491 78 18688 5 18730 1 18747 78 18944 6 19002 80 19200 6 19258 80 19456 7 19514 81 19712 7 19769 82 19968 7 20025 82 20224 8 20281 82 20480 8 20537 81 20736 9 20794 80 20992 10 21050 80 21248 11 21306 79 21504 11 21563 78 21760 12 21819 77 22016 12 22075 76 22272 13 22331 76 22528 13 22587 75 22784 13 22843 76 23040 14 23099 77 23296 14 23354 49 23407 27 23552 15 23610 42 23664 27 23808 15 23866 39 23919 29 24064 15 24122 35 24173 32 24320 15 24378 33 24427 34 24576 15 24634 31 24682 36 24832 15 24890 30 24936 38 25088 15 25146 29 25192 39 25344 15 25401 29 25447 41 25600 15 25656 29 25702 42 25856 15 25911 29 25958 43 26112 15 26166 29 26214 43 26368 15 26421 29 26469 44 26624 15 26676 29 26725 44 26871 7 26879 16 26931 29 26982 43 27125 26 27187 28 27238 43 27380 27 27443 27 27494 43 27634 29 27699 26 27751 42 27889 30 27956 25 28007 42 28143 32 28212 25 28263 43 28398 33 28469 24 28519 43 28652 34 28725 24 28774 44 28907 35 28982 22 29030 44 29162 35 29239 21 29285 46 29417 35 29496 19 29540 47 29672 36 29754 16 29795 48 29927 36 30012 12 30050 49 30182 37 30271 7 30305 50 30438 36 30528 6 30560 51 30694 37 30784 6 30815 52 30949 38 31039 8 31071 52 31205 38 31294 10 31326 53 31461 38 31550 11 31582 53 31717 39 31805 15 31838 53 31973 39 32061 18 32093 54 32229 25 32256 13 32317 19 32349 53 32485 24 32512 13 32573 20 32605 53 32740 23 32768 14 32830 19 32861 52 32996 21 33024 14 33086 20 33116 51 33252 20 33280 14 33343 19 33372 50 33508 20 33536 15 33600 19 33628 48 33764 19 33792 15 33856 19 33884 46 34020 19 34048 15 34113 18 34140 44 34277 18 34304 15 34369 18 34397 43 34533 18 34560 15 34626 16 34654 41 34706 7 34790 17 34816 15 34883 14 34912 39 34961 9 35046 17 35072 15 35140 12 35169 39 35216 11 35304 15 35328 15 35398 8 35426 38 35471 13 35561 14 35584 15 35682 39 35727 13 35818 12 35840 16 35938 39 35982 14 36077 8 36096 16 36195 39 36238 14 36336 2 36352 16 36451 39 36493 15 36608 17 36630 9 36707 39 36749 14 36864 17 36884 13 36963 40 37004 13 37120 34 37219 52 37376 35 37475 51 37632 36 37730 50 37888 37 37986 49 38144 37 38241 42 38285 4 38400 38 38497 40 38656 38 38752 38 38912 38 39008 35 39168 39 39263 34 39424 39 39519 34 39680 40 39775 33 39936 40 40031 31 40089 3 40192 41 40287 30 40342 9 40448 43 40543 29 40597 12 40704 44 40799 28 40850 17 40960 45 41055 27 41103 22 41216 47 41311 27 41358 26 41472 48 41567 26 41612 30 41728 49 41822 27 41857 2 41867 32 41984 50 42077 28 42110 7 42122 33 42240 50 42332 29 42365 47 42496 51 42587 81 42752 51 42843 81 43008 51 43098 82 43264 52 43353 83 43520 52 43609 82 43776 52 43864 83 44032 51 44120 83 44288 51 44375 83 44544 51 44631 83 44800 50 44886 83 45056 50 45142 83 45312 49 45397 84 45569 48 45653 83 45826 47 45909 83 46082 47 46164 84 46338 47 46420 83 46593 50 46676 83 46848 54 46932 82 47104 55 47188 82 47360 56 47444 82 47616 56 47700 81 47872 56 47956 80 48097 6 48128 55 48212 80 48350 11 48384 55 48467 80 48604 14 48640 54 48723 79 48859 16 48896 51 48979 77 49114 18 49152 49 49234 77 49370 19 49408 49 49490 76 49625 20 49664 48 49745 77 49881 21 49920 47 50001 77 50137 21 50176 47 50257 77 50392 22 50432 47 50513 77 50648 22 50688 48 50768 77 50903 23 50944 48 51024 77 51159 23 51200 49 51280 77 51414 24 51456 49 51537 75 51669 25 51712 50 51793 75 51924 26 51968 51 52050 8 52069 54 52179 27 52224 51 52326 52 52434 27 52480 52 52584 49 52689 28 52736 52 52841 47 52928 5 52943 30 52992 52 53105 38 53183 8 53198 31 53248 53 53362 35 53438 10 53453 32 53504 53 53619 24 53693 12 53707 34 53760 54 53817 9 53875 23 53949 48 54016 69 54092 4 54131 22 54205 48 54272 81 54387 21 54461 48 54528 82 54644 18 54717 48 54784 83 54900 17 54974 47 55040 83 55156 15 55231 46 55296 84 55413 13 55491 42 55552 85 55669 12 55750 40 55808 85 55926 10 56006 40 56064 86 56183 8 56263 38 56320 86 56440 6 56519 38 56576 87 56775 37 56832 88 57031 37 57089 88 57287 36 57346 89 57544 35 57603 91 57800 35 57860 92 58056 35 58116 92 58312 34 58373 92 58567 35 58630 91 58823 35 58886 90 59078 35 59143 89 59334 34 59399 88 59589 34 59656 87 59844 33 59912 86 60099 31 60168 85 60352 32 60425 84 60604 35 60681 83 60858 36 60937 29 60969 51 61113 36 61193 27 61226 49 61367 37 61450 23 61482 49 61623 37 61706 20 61738 49 61878 38 61963 15 61994 48 62133 39 62220 12 62250 47 62388 39 62478 8 62505 47 62643 40 62761 45 62898 41 63017 44 63153 42 63272 43 63409 42 63528 43 63664 43 63784 42 63920 43 64040 41 64176 43 64296 41 64431 44 64552 40 64687 44 64809 39 64942 45 65065 38 65198 45 65321 38 65455 44
695503,0 65536
000009,0 4686 4690 252 4947 252 5203 3088 8297 250 8556 246 8813 245 9070 244 9326 244 9583 243 9839 243 10095 243 10351 243 10607 243 10863 243 11119 244 11376 243 11632 244 11888 244 12145 244 12401 245 12657 246 12913 247 13168 249 13424 250 13680 144 13826 105 13935 145 14083 1 14087 101 14190 146 14344 248 14600 12 14618 230 14856 12 14875 229 15111 14 15132 228 15367 14 15389 227 15623 16 15644 228 15878 18 15899 229 16134 250 16389 251 16644 252 16899 253 17155 253 17411 253 17667 253 17922 254 18178 254 18434 254 18689 255 18945 1908 20860 247 21117 244 21375 242 21632 156 21791 81 21888 154 22048 80 22145 151 22304 80 22401 149 22560 80 22657 148 22816 80 22912 148 23072 81 23167 149 23328 81 23423 149 23584 82 23678 150 23840 82 23934 150 24097 81 24190 150 24353 81 24446 151 24609 81 24702 151 24865 81 24958 152 25121 81 25215 151 25377 81 25471 152 25633 81 25728 152 25889 81 25984 152 26145 81 26241 154 26400 83 26497 242 26753 243 27009 244 27265 244 27521 245 27777 246 28032 247 28288 248 28543 250 28798 252 29053 7351 36405 254 36662 253 36919 251 37175 251 37431 251 37687 250 37943 249 38199 248 38455 248 38710 248 38966 248 39222 248 39477 249 39732 251 39986 17691 57680 252 57937 250 58193 250 58449 249 58705 249 58961 250 59216 252 59471 6065
938416,22 11 278 11 534 11 791 9 1049 5 13807 6 14062 8 14079 1 14317 10 14334 2 14572 11 14589 3 14827 13 14843 5 15083 21 15338 22 15594 22 15849 23 16105 23 16360 24 16616 24 16871 25 17127 25 17383 25 17638 26 17893 27 18146 30 18398 34 18653 35 18908 36 19163 37 19419 37 19674 38 19928 40 20181 43 20436 44 20691 45 20946 46 21202 46 21458 46 21714 46 21970 46 22226 46 22482 46 22738 46 22994 46 23250 46 23505 47 23761 47 24017 47 24272 48 24528 48 24783 49 25038 50 25294 50 25549 51 25804 52 26060 52 26316 52 26572 52 26828 52 27084 52 27341 51 27597 51 27853 51 28109 51 28365 51 28621 51 28877 51 29133 51 29389 51 29645 51 29901 51 30157 51 30386 3 30412 52 30639 9 30668 52 30894 12 30923 53 31149 16 31178 54 31405 18 31433 55 31660 20 31688 56 31915 22 31943 57 32170 24 32199 57 32425 26 32454 58 32680 88 32934 90 33189 91 33444 92 33699 93 33955 93 34209 95 34463 97 34718 98 34973 99 35229 99 35484 100 35741 99 35997 99 36253 99 36510 98 36766 98 37023 97 37279 97 37535 97 37792 96 38048 96 38303 97 38559 97 38815 97 39071 97 39326 98 39582 98 39838 98 40094 98 40350 98 40605 99 40861 99 41117 99 41373 99 41628 100 41883 101 42137 103 42392 104 42646 106 42902 106 43157 107 43413 107 43669 107 43925 70 43996 36 44182 67 44253 35 44438 66 44510 34 44694 66 44766 34 44951 64 45023 33 45206 65 45279 33 45462 64 45536 32 45718 64 45792 32 45973 65 46049 31 46228 43 46273 21 46305 31 46484 42 46530 21 46561 31 46740 41 46786 24 46815 33 46995 41 47041 63 47251 39 47297 63 47507 37 47553 63 47764 36 47809 63 48020 35 48065 63 48277 34 48321 63 48534 33 48576 64 48790 33 48831 65 49046 33 49084 68 49303 105 49559 105 49815 105 50071 105 50326 106 50565 2 50581 21 50604 84 50818 9 50833 24 50864 80 51073 40 51121 79 51329 40 51377 79 51584 41 51633 79 51840 42 51887 81 52096 128 52352 128 52608 95 52706 30 52864 94 52963 29 53120 93 53220 28 53375 94 53477 27 53631 93 53734 26 53886 93 53991 25 54142 92 54248 24 54397 92 54506 22 54652 92 54763 21 54906 93 55020 20 55160 93 55277 19 55414 94 55534 18 55669 94 55790 18 55924 95 56047 17 56180 94 56303 17 56435 94 56559 17 56691 93 56815 17 56946 93 57070 18 57202 92 57325 19 57458 92 57580 20 57713 92 57836 20 57969 91 58091 21 58225 91 58347 21 58481 90 58603 21 58736 91 58858 22 58992 91 59114 22 59248 91 59370 22 59504 91 59627 21 59761 90 59883 21 60017 91 60139 21 60274 90 60396 20 60530 91 60653 17 60787 90 60910 15 61043 90 61167 13 61299 89 61427 7 61555 89 61812 87 62068 85 62324 84 62479 5 62580 82 62732 9 62837 78 62986 11 63093 76 63239 15 63350 74 63490 20 63607 72 63745 21 63864 4 63874 60 64000 21 64131 58 64256 21 64387 57 64512 22 64644 55 64768 1 64770 20 64870 4 64900 54 65024 1 65026 19 65125 6 65157 51 65280 22 65381 7 65413 51
000061,0 65536
196973,0 65536
672675,0 196 256 196 512 196 768 197 1024 197 1280 198 1536 198 1792 198 2048 199 2304 199 2560 200 2816 200 3072 200 3328 201 3584 201 3840 140 3983 58 4096 139 4241 11 4256 41 4352 138 4500 1 4513 40 4608 137 4771 38 4864 135 5028 36 5120 133 5285 34 5376 130 5542 33 5632 127 5799 31 5888 125 6056 29 6144 124 6313 28 6400 123 6570 26 6656 123 6826 26 6912 122 7083 24 7168 122 7340 22 7424 121 7596 21 7680 121 7854 18 7936 120 8111 14 8192 120 8448 119 8704 117 8960 115 9216 111 9472 109 9728 107 9984 106 10240 105 10496 104 10752 103 11008 102 11264 102 11520 101 11776 100 12032 100 12288 99 12544 99 12800 99 13056 99 13312 99 13568 99 13824 100 14080 102 14336 103 14592 105 14848 106 15104 108 15360 109 15616 111 15872 17 15892 93 16128 15 16150 93 16384 13 16410 91 16642 10 16673 91 16902 3 16932 89 17151 1 17191 86 17406 2 17450 84 17661 3 17708 82 17917 3 17965 81 18172 4 18221 81 18428 4 18478 80 18683 5 18734 79 18939 5 18990 79 19195 5 19247 78 19450 6 19503 78 19706 6 19760 77 19962 6 20016 76 20218 6 20273 75 20475 5 20530 73 20731 5 20787 72 20987 5 21044 65 21111 2 21244 4 21301 62 21500 4 21558 61 21757 3 21815 60 21925 5 22015 5 22072 60 22177 11 22272 4 22329 61 22432 15 22493 8 22528 5 22586 61 22687 19 22746 13 22784 5 22843 61 22943 20 23000 17 23040 5 23100 61 23198 22 23254 21 23296 4 23357 61 23454 23 23509 25 23551 1 23553 3 23613 61 23710 24 23764 30 23807 1 23870 61 23966 24 24020 31 24063 1 24125 62 24221 25 24275 32 24319 1 24380 65 24477 25 24531 32 24633 82 24733 25 24786 33 24884 90 24989 25 25042 32 25137 96 25245 25 25297 32 25392 99 25500 26 25553 31 25647 102 25756 25 25808 32 25902 105 26011 24 26064 32 26157 133 26320 32 26366 2 26411 135 26576 33 26621 3 26666 136 26831 34 26876 4 26922 136 27087 36 27131 5 27178 137 27343 37 27386 6 27434 138 27599 40 27641 7 27691 138 27855 49 27948 137 28110 50 28205 136 28366 54 28462 135 28621 55 28719 134 28876 57 28975 134 29132 50 29183 7 29232 133 29387 50 29440 6 29488 133 29643 50 29696 7 29744 133 29899 50 29952 7 30000 133 30155 50 30208 8 30257 132 30412 50 30464 8 30513 131 30669 49 30720 9 30769 131 30926 48 30976 9 31025 130 31184 46 31231 12 31281 130 31441 45 31487 14 31537 130 31698 61 31793 129 31955 62 32048 130 32211 63 32304 130 32468 63 32560 130 32725 63 32815 131 32981 66 33070 132 33239 66 33326 132 33496 38 33535 28 33580 134 33753 37 33791 30 33836 134 34010 36 34048 30 34091 135 34267 35 34304 32 34346 136 34524 34 34560 34 34601 137 34780 34 34815 179 35037 212 35293 212 35550 32 35583 178 35806 32 35840 176 36063 31 36096 176 36320 12 36340 9 36352 175 36578 8 36599 6 36608 174 36836 3 36855 6 36863 174 37110 182 37306 5 37364 184 37560 9 37618 185 37814 13 37873 184 38069 15 38128 183 38323 30 38383 179 38578 33 38638 171 38833 36 38893 169 39087 40 39149 167 39342 43 39404 168 39596 47 39660 168 39850 50 39916 168 40104 53 40171 169 40358 56 40427 170 40613 58 40683 171 40868 60 40939 172 41123 61 41195 173 41378 63 41451 174 41632 65 41707 176 41886 67 41963 246 42220 245 42476 245 42733 243 42989 243 43246 242 43504 240 43761 239 44020 236 44280 232 44539 229 44796 228 45052 228 45311 225 45567 225 45824 223 46080 222 46336 221 46592 220 46848 219 47103 219 47359 218 47615 217 47868 1 47870 217 48119 224 48359 4 48372 226 48613 8 48625 229 48868 242 49124 242 49379 243 49635 243 49891 243 50147 243 50403 243 50659 244 50916 243 51172 244 51429 245 51685 249 51941 253 52197 255 52453 1025 53479 254 53736 253 53993 252 54250 251 54507 250 54763 249 55020 248 55277 247 55537 243 55798 238 56056 236 56314 234 56571 233 56830 229 57088 227 57344 227 57600 226 57856 226 58112 225 58368 224 58624 223 58880 221 59136 219 59392 217 59648 216 59904 215 60160 214 60416 186 60603 25 60672 183 60876 4 60928 182 61184 181 61440 180 61696 180 61952 179 62208 178 62464 178 62720 177 62976 177 63232 177 63488 176 63744 176 64000 175 64256 175 64512 175 64768 175 65024 175 65280 175
798199,0 65536
000040,0 65536
567220, 
398196, 
260940,0 193 229 12 256 173 433 14 485 12 512 193 741 12 768 195 997 12 1024 196 1252 12 1280 123 1409 67 1507 12 1536 123 1667 66 1761 13 1792 122 1925 5 1932 20 1955 33 2016 13 2048 122 2192 14 2212 32 2271 14 2304 123 2450 11 2469 30 2527 15 2560 125 2708 9 2725 29 2783 15 2816 134 2965 7 2982 27 3039 16 3072 136 3222 6 3238 26 3294 17 3328 137 3478 6 3494 25 3550 18 3584 138 3735 4 3750 24 3806 18 3840 139 4006 23 4062 18 4096 139 4262 22 4319 17 4352 140 4517 22 4576 15 4608 140 4773 21 4835 12 4864 141 5029 19 5094 7 5120 141 5285 9 5376 141 5542 7 5632 142 5798 7 5888 142 6055 5 6144 142 6400 142 6656 142 6830 5 6912 142 7084 9 7168 143 7339 11 7424 142 7593 13 7640 2 7680 142 7848 15 7894 5 7936 142 8103 17 8148 9 8192 142 8358 18 8403 10 8448 142 8614 18 8657 13 8704 142 8869 19 8911 16 8960 142 9125 19 9165 19 9216 142 9380 20 9419 22 9472 142 9636 20 9673 25 9728 142 9891 20 9926 29 9984 142 10147 19 10180 32 10240 142 10403 19 10435 34 10496 141 10659 18 10690 36 10752 141 10915 17 10946 37 11008 140 11172 15 11203 36 11264 139 11429 13 11460 36 11520 138 11686 10 11717 35 11776 138 11944 6 11974 33 12032 137 12230 33 12288 136 12486 33 12544 136 12743 32 12800 136 12999 33 13056 137 13255 35 13312 138 13511 40 13568 140 13767 42 13824 142 14023 42 14080 145 14280 42 14336 148 14537 42 14592 150 14799 36 14848 155 15056 35 15104 157 15313 35 15360 158 15569 35 15616 159 15825 35 15872 160 16080 36 16128 161 16335 37 16383 162 16590 38 16636 166 16844 38 16890 109 17004 55 17099 37 17144 110 17262 54 17352 38 17399 63 17473 36 17519 55 17606 39 17655 62 17732 33 17775 56 17840 2 17860 39 17911 7 17919 54 17988 33 18031 58 18095 5 18115 39 18167 6 18176 52 18244 33 18286 60 18349 7 18370 39 18423 6 18432 52 18500 34 18540 73 18625 40 18678 7 18688 51 18756 113 18881 39 18934 7 18944 51 19012 113 19136 40 19190 6 19200 50 19268 114 19392 39 19446 6 19456 48 19524 114 19648 39 19702 6 19712 46 19781 114 19903 40 19958 5 19968 45 20037 115 20159 39 20224 44 20294 115 20414 38 20480 44 20552 114 20668 37 20736 44 20809 151 20992 45 21066 149 21247 46 21322 48 21372 98 21502 47 21579 47 21629 96 21757 49 21836 45 21886 94 22013 49 22093 44 22142 92 22269 50 22349 43 22399 88 22525 50 22606 42 22656 86 22781 3 22787 44 22863 30 22898 5 22913 84 23037 3 23046 42 23120 28 23170 82 23294 2 23302 55 23377 27 23428 79 23558 56 23633 28 23685 77 23814 57 23890 9 23907 12 23942 74 24069 58 24146 8 24167 9 24198 72 24325 59 24402 8 24424 9 24454 71 24581 60 24657 8 24680 10 24710 71 24837 61 24913 8 24936 10 24966 72 25093 85 25193 10 25223 15 25242 52 25349 86 25449 10 25479 15 25499 52 25605 87 25705 10 25735 15 25755 53 25861 88 25961 10 25992 14 26011 54 26117 88 26217 10 26248 14 26267 54 26373 89 26474 10 26505 14 26522 55 26630 89 26730 10 26762 13 26778 55 26886 89 26986 10 27019 12 27034 56 27142 90 27242 10 27276 10 27289 57 27398 90 27498 10 27533 9 27545 57 27655 90 27755 9 27790 7 27801 58 27911 90 28011 9 28048 4 28057 58 28167 91 28267 10 28312 59 28423 92 28523 10 28544 3 28568 60 28678 95 28779 10 28799 5 28824 60 28934 97 29034 11 29054 7 29079 61 29189 113 29310 7 29335 61 29444 116 29564 10 29591 60 29699 131 29848 59 29934 7 29955 132 30104 58 30188 11 30211 133 30360 57 30443 13 30467 136 30616 56 30699 13 30723 139 30871 56 30954 14 30979 141 31127 55 31210 15 31236 141 31382 54 31465 15 31493 142 31637 55 31720 16 31749 199 31976 16 32006 200 32231 17 32263 202 32487 16 32520 202 32742 16 32777 202 32998 16 33035 200 33254 15 33293 199 33510 14 33551 71 33624 124 33766 13 33809 67 33890 114 34023 11 34066 66 34148 112 34279 10 34323 64 34405 112 34537 6 34579 63 34661 112 34835 63 34918 112 35091 62 35174 113 35346 62 35430 114 35602 62 35686 115 35858 61 35941 116 36113 62 36197 116 36335 12 36369 62 36452 118 36588 20 36624 62 36706 120 36842 22 36880 62 36961 121 37095 29 37136 62 37215 124 37349 31 37391 62 37468 127 37605 32 37647 62 37720 92 37816 36 37860 33 37902 62 37975 92 38073 35 38116 34 38157 61 38230 92 38330 35 38372 34 38412 61 38484 94 38587 6 38599 22 38628 34 38667 61 38739 94 38844 3 38857 20 38884 34 38922 61 38994 95 39115 18 39140 34 39177 61 39248 97 39374 15 39396 33 39432 62 39504 97 39632 12 39651 34 39688 61 39759 97 39892 6 39907 34 39943 61 40014 98 40163 96 40270 98 40419 95 40526 98 40675 94 40782 98 40931 93 41038 98 41187 92 41294 98 41443 91 41550 98 41699 91 41806 98 41955 91 42062 97 42211 91 42318 97 42467 90 42574 96 42723 27 42752 61 42831 94 42979 27 43008 61 43087 90 43236 25 43264 60 43342 87 43492 24 43520 60 43598 86 43748 23 43776 59 43854 85 44004 23 44032 58 44109 84 44261 21 44288 57 44365 83 44517 21 44544 56 44620 83 44773 21 44800 55 44875 83 45030 20 45056 54 45131 83 45286 20 45312 53 45387 82 45542 20 45568 53 45643 82 45798 20 45824 52 45898 82 46053 21 46080 51 46154 82 46309 22 46336 51 46410 81 46565 22 46592 50 46666 81 46820 24 46848 48 46922 80 47076 25 47104 47 47178 79 47332 26 47360 45 47425 2 47434 79 47587 27 47616 44 47678 8 47689 79 47843 27 47872 43 47933 89 48098 29 48128 43 48189 79 48353 29 48384 43 48445 78 48599 39 48640 43 48700 77 48851 43 48896 43 48956 76 49106 44 49152 43 49211 77 49360 46 49408 43 49463 80 49616 46 49664 44 49716 82 49871 46 49920 44 49971 82 50124 1 50127 46 50176 44 50227 81 50378 51 50432 44 50482 81 50634 50 50688 45 50738 79 50889 51 50944 46 50993 79 51145 50 51200 127 51401 50 51456 126 51589 7 51657 49 51712 126 51843 11 51913 48 51968 125 52098 13 52169 48 52224 125 52353 15 52425 47 52480 124 52609 16 52681 45 52736 124 52863 18 52937 43 52992 146 53193 40 53248 147 53449 38 53504 147 53704 39 53760 148 53953 3 53959 39 54015 149 54189 3 54207 47 54267 2 54271 149 54443 7 54462 48 54520 156 54698 9 54718 48 54774 158 54953 11 54973 49 55028 160 55208 12 55229 50 55283 160 55461 16 55485 36 55522 177 55715 18 55741 34 55780 26 55807 147 55970 20 55998 14 56015 15 56036 26 56063 146 56225 22 56248 2 56255 12 56273 12 56292 26 56319 146 56481 25 56511 12 56531 9 56548 172 56736 26 56768 10 56789 5 56803 173 56992 25 57024 9 57059 172 57248 25 57281 7 57314 173 57504 27 57570 173 57761 17 57784 7 57826 172 58018 15 58040 8 58082 172 58276 13 58296 8 58338 171 58534 10 58552 8 58594 170 58792 7 58807 9 58850 169 59049 6 59063 9 59106 169 59306 5 59319 9 59362 169 59562 5 59575 8 59619 168 59819 4 59831 8 59875 167 60075 3 60086 9 60131 111 60248 50 60342 9 60387 108 60505 49 60596 11 60643 106 60761 49 60852 11 60899 105 61018 47 61109 10 61155 104 61274 46 61365 10 61410 104 61531 44 61621 10 61666 103 61788 35 61877 10 61921 104 62044 33 62134 9 62177 103 62301 31 62390 9 62432 104 62557 32 62647 8 62688 54 62747 44 62813 32 62904 6 62933 3 62943 54 63005 42 63068 33 63161 5 63187 66 63263 40 63322 36 63443 66 63519 39 63575 39 63698 67 63776 37 63827 44 63954 67 64032 36 64081 46 64210 67 64288 35 64336 48 64466 67 64544 35 64591 49 64721 68 64800 35 64846 51 64977 68 65056 34 65102 51 65233 68 65313 33 65358 51 65489 47
126000,0 65536
842508,182 74 437 75 692 76 946 78 1201 79 1457 79 1713 79 1969 79 2224 80 2479 81 2734 82 2989 83 3244 84 3499 83 3754 84 4010 68 4084 10 4266 66 4341 9 4521 66 4598 7 4777 63 4855 6 5033 62 5289 61 5545 60 5802 58 6058 18 6079 36 6313 18 6337 33 6569 17 6595 5 6608 16 6825 16 6874 2 7081 14 7336 14 7592 12 7848 12 8105 10 8361 8 8618 6 13516 11 13770 16 14025 19 14281 21 14536 23 14791 24 15036 6 15046 25 15259 6 15291 36 15514 11 15545 38 15770 13 15799 40 16026 15 16053 41 16282 16 16304 46 16538 67 16794 67 17050 67 17306 67 17562 68 17818 69 18074 69 18330 69 18587 69 18843 69 19099 69 19355 69 19611 69 19868 10 19885 51 20124 8 20142 50 20381 6 20398 49 20638 4 20654 49 20910 49 21166 48 21422 48 21678 47 21934 45 22190 43 22447 41 22704 39 22962 37 23220 35 23479 31 23738 28 23997 25 24254 24 24510 24 24767 22 25024 21 25281 19 25538 17 25794 15 26051 11 26308 7 26564 6 26814 11 27067 15 27322 17 27577 20 27833 21 28088 24 28344 26 28601 27 28857 29 29113 30 29370 30 29626 31 29883 31 30139 32 30396 31 30652 32 30908 32 31164 33 31419 34 31675 34 31931 34 32186 35 32442 36 32698 36 32954 36 33209 37 33465 37 33720 38 33976 37 34231 36 34487 35 34742 34 34997 33 35252 32 35507 31 35761 32 36016 32 36271 33 36527 33 36783 34 37039 34 37295 35 37552 34 37810 32 38069 29 38330 24 38587 22 38844 21 39101 19 39358 17 39614 16 39871 14 40127 13 40384 11 40640 9 40897 7 41153 6 41408 6 41663 7 41919 7 42174 8 42429 9 42685 9 42941 9 43197 9 43453 9 43709 9 43966 8 44223 7 44481 6 44738 11 44994 14 45249 22 45504 26 45551 7 45759 29 45805 11 46015 30 46060 14 46270 31 46315 16 46526 32 46570 17 46782 32 46825 19 47038 32 47081 19 47294 33 47336 20 47550 33 47592 20 47806 32 47847 20 48063 31 48102 21 48319 31 48358 21 48576 29 48614 21 48833 27 48870 21 49090 25 49127 19 49347 24 49384 18 49604 22 49641 16 49861 20 49899 13 50118 19 50145 6 50375 18 50398 12 50632 35 50889 15 50905 19 51147 11 51161 20 51404 5 51417 22 51673 24 51929 27 52185 28 52440 30 52696 30 52951 31 53197 5 53205 34 53449 46 53703 49 53958 50 54214 51 54470 52 54726 52 54982 54 55238 55 55494 55 55750 55 56007 54 56263 54 56519 54 56774 55 57029 56 57282 59 57536 61 57791 62 58046 62 58302 62 58557 63 58813 63 59069 63 59325 63 59581 64 59837 65 59903 1 60093 67 60349 32 60383 33 60605 30 60640 32 60861 29 60897 31 61117 29 61153 31 61373 29 61410 30 61629 29 61667 29 61886 28 61924 28 62142 28 62180 28 62398 29 62437 27 62654 29 62693 27 62911 28 62950 26 63167 28 63206 26 63424 26 63462 26 63681 24 63718 26 63938 22 63974 26 64196 19 64230 26 64453 17 64486 26 64710 15 64742 26 64968 11 64999 25 65226 7 65255 25 65511 25
732471, 
874368,19997 4 20252 7 20507 9 20762 11 21017 13 21273 13 21528 15 21784 15 22040 15 22092 3 22113 2 22296 15 22346 8 22365 9 22552 14 22601 10 22619 13 22808 14 22856 12 22874 15 23065 13 23112 12 23128 18 23321 12 23367 35 23578 11 23623 35 23835 9 23878 37 24092 7 24134 37 24349 5 24390 37 24646 37 24902 37 25158 37 25415 36 25672 35 25929 34 26186 32 26443 31 26699 31 26955 31 27211 31 27467 30 27723 30 27980 29 28236 28 28492 28 28749 26 28821 4 29005 26 29076 6 29261 26 29332 7 29518 24 29587 9 29775 23 29843 10 30032 21 30098 12 30290 19 30354 13 30547 25 30610 14 30806 25 30866 14 31074 14 31122 15 31330 17 31378 15 31585 20 31634 15 31841 22 31890 15 32096 24 32146 15 32352 24 32401 16 32608 25 32656 17 32863 26 32909 19 33119 26 33163 21 33375 25 33418 21 33632 24 33674 21 33888 23 33929 21 34144 22 34185 21 34401 20 34440 21 34657 19 34696 20 34914 17 34952 19 35170 16 35208 18 35427 14 35465 15 35684 12 35721 14 35941 10 35977 13 36198 8 36233 12 36490 10 36746 9 37002 8 37258 7 37515 3 38570 4 38824 7 39050 1 39079 9 39306 1 39334 10 39562 1 39590 10 39845 11 40101 11 40357 11 40612 12 40868 12 41124 12 41379 13 41635 14 41891 18 42147 21 42402 24 42658 26 42914 30 43169 33 43424 35 43678 38 43933 40 44188 41 44443 42 44698 43 44953 44 45208 45 45463 46 45718 47 45973 48 46229 47 46484 48 46740 47 46995 48 47251 47 47507 46 47763 44 48019 42 48163 8 48276 40 48417 12 48532 39 48671 15 48789 38 48925 19 49045 37 49179 23 49302 36 49433 27 49558 36 49689 28 49814 36 49944 30 50071 35 50200 31 50327 35 50456 31 50583 35 50712 31 50839 35 50969 30 51094 37 51225 30 51350 37 51457 1 51483 28 51606 37 51712 4 51740 27 51862 37 51968 5 51998 25 52118 36 52224 6 52254 25 52373 37 52480 6 52511 24 52629 37 52736 7 52752 7 52767 23 52885 37 52992 7 53006 11 53023 23 53141 36 53248 7 53261 13 53279 22 53397 36 53504 8 53514 18 53534 22 53654 35 53760 52 53910 36 54016 51 54167 44 54272 50 54424 45 54528 50 54682 45 54784 50 54951 34 55040 49 55209 33 55296 49 55467 32 55552 49 55726 30 55808 48 55987 25 56064 48 56243 25 56320 47 56499 26 56576 46 56754 27 56832 45 57010 27 57088 44 57266 26 57344 43 57521 27 57600 42 57777 27 57856 41 58033 27 58112 39 58289 27 58368 38 58545 27 58624 36 58800 28 58880 34 59056 28 59136 32 59312 29 59392 31 59569 29 59648 30 59825 29 59904 30 60081 29 60160 29 60269 4 60337 29 60416 28 60523 8 60594 28 60672 26 60768 1 60778 10 60850 28 60928 24 61019 25 61107 27 61184 19 61272 29 61364 26 61440 17 61527 30 61621 24 61696 13 61781 32 61878 23 61952 11 62037 33 62136 19 62208 10 62293 33 62396 13 62464 9 62549 33 62654 8 62720 8 62805 33 62976 8 63061 33 63232 8 63317 33 63488 8 63574 32 63744 8 63830 32 64000 8 64087 30 64256 9 64343 30 64512 9 64599 29 64768 9 64855 28 65024 9 65112 26 65280 9 65368 26
291134,0 65536
659565,0 65536
578073,1002 5 1254 12 1508 15 1755 25 2009 28 2264 30 2520 31 2775 33 3031 33 3286 35 3542 35 3797 36 4052 38 4308 38 4563 39 4818 40 5074 40 5329 41 5584 42 5840 42 6096 42 6351 42 6607 41 6863 39 7120 36 7376 35 7632 35 7889 34 8146 32 8403 31 8661 29 8919 27 9176 26 9433 25 9690 24 9947 23 10204 21 10461 20 10718 18 10975 17 11232 15 11489 13 11746 11 12004 7 12263 2 15795 9 15827 7 16048 14 16082 9 16300 19 16336 12 16555 20 16592 12 16811 21 16847 13 17067 21 17103 13 17322 22 17359 13 17578 21 17615 12 17833 22 17871 12 18089 22 18128 10 18345 21 18384 10 18600 22 18641 8 18856 21 18898 6 19112 20 19156 2 19363 24 19618 24 19869 28 20110 26 20139 14 20364 28 20396 13 20619 29 20652 13 20773 5 20874 30 20908 14 21027 11 21129 31 21164 14 21283 13 21385 32 21419 15 21538 15 21640 51 21794 16 21896 50 22049 17 22152 50 22305 18 22408 50 22561 18 22664 50 22816 19 22920 49 23072 19 23176 48 23327 21 23432 47 23583 21 23689 34 23725 8 23837 24 23945 32 23983 4 24092 26 24202 30 24347 27 24459 26 24601 30 24716 20 24856 32 24973 15 25111 33 25232 4 25366 34 25622 35 25877 36 26133 36 26389 36 26646 34 26902 33 27159 32 27415 30 27672 28 27929 25 28186 21 28443 17 28699 15 28956 11 29213 8 29458 8 29581 5 29711 12 29834 11 29966 14 30089 14 30221 16 30344 16 30476 17 30599 17 30731 19 30854 19 30986 20 31110 19 31241 22 31365 20 31497 22 31621 20 31752 23 31877 20 32008 23 32133 20 32263 25 32390 19 32519 25 32646 18 32775 25 32903 17 33031 25 33159 16 33287 26 33415 16 33543 26 33672 14 33799 27 33911 2 33928 14 34055 27 34165 6 34185 12 34311 27 34420 8 34441 11 34567 27 34675 10 34699 8 34824 26 34931 10 34957 3 35080 26 35186 12 35336 26 35442 12 35592 26 35698 12 35849 24 35954 13 36105 24 36210 13 36361 24 36467 12 36617 23 36723 12 36874 22 36979 12 37130 22 37235 12 37386 21 37491 12 37643 19 37747 12 37900 17 38003 12 38156 16 38259 11 38413 13 38515 11 38606 3 38671 9 38772 10 38860 8 38928 6 39028 9 39114 12 39284 8 39369 14 39541 6 39625 16 39799 2 39880 17 40136 18 40392 19 40648 19 40904 20 41160 20 41416 20 41673 19 41930 17 42187 16 42445 13 42704 9 42963 5 43008 4 43264 5 43520 5 43776 6 44032 7 44288 8 44544 8 44800 9 45056 9 45312 10 45568 11 45825 10 46082 9 46339 8 46595 7 46854 2 47585 7 47838 13 48092 16 48347 17 48602 19 48857 20 49112 22 49368 22 49624 22 49879 24 50135 24 50391 25 50647 25 50902 27 51158 27 51414 27 51669 28 51925 29 52181 29 52438 27 52694 27 52950 27 53206 26 53462 26 53717 26 53972 27 54227 27 54443 4 54482 27 54695 11 54737 26 54950 13 54993 23 55205 15 55248 21 55460 17 55502 22 55715 19 55756 24 55970 21 56011 25 56226 22 56265 27 56481 23 56519 29 56737 24 56774 30 56992 25 57029 32 57248 25 57284 33 57503 27 57539 34 57759 27 57794 35 58014 28 58050 35 58270 28 58305 37 58526 28 58561 36 58782 28 58816 37 59038 28 59072 37 59294 28 59328 37 59550 28 59583 38 59806 27 59839 38 60062 26 60095 38 60319 25 60350 39 60575 24 60605 39 60831 23 60860 40 61088 21 61115 41 61344 20 61370 42 61600 18 61625 43 61857 16 61880 44 62114 14 62135 45 62371 11 62391 45 62628 4 62647 45 62902 46 63158 46 63414 46 63669 48 63925 47 64161 4 64181 47 64414 8 64437 47 64668 11 64693 46 64926 8 64949 45 65183 5 65206 43 65462 43
143150,0 65536
000069,0 65536
398477, 
303895,0 34304 34312 248 34574 242 34834 238 35094 234 35358 226 35619 221 35879 217 36138 214 36400 208 36660 204 36920 200 37181 195 37447 185 37706 182 37966 178 38226 174 38489 167 38748 164 39007 161 39267 157 39531 149 39790 146 40050 142 40311 137 40574 130 40832 128 41091 125 41351 121 41614 114 41873 111 42133 107 42392 104 42657 95 42916 92 43176 88 43435 85 43700 76 43960 72 44219 69 44478 66 44740 60 44999 57 45260 52 45520 48 45784 40 46044 36 46303 33 46564 28 46829 19 47088 16 47349 8
787614,0 51712 51713 255 51970 3 51977 247 52227 2 52234 246 52490 246 52746 246 53002 246 53267 237 53507 1 53523 237 53763 1 53780 236 54019 1 54036 236 54275 1 54293 235 54549 235 54805 235 55061 235 55317 235 55573 235 55829 235 56086 234 56342 234 56598 234 56854 234 57110 234 57367 233 57623 233 57879 233 58135 233 58391 233 58647 233 58902 234 59158 234 59414 234 59671 233 59927 233 60184 232 60440 232 60697 231 60954 230 61212 228 61469 227 61727 225 61984 224 62241 223 62497 223 62752 224 63008 224 63264 224 63519 225 63775 225 64030 226 64286 226 64541 227 64797 227 65053 227 65281 1 65312 224
675111,0 176 256 176 512 176 768 176 1024 177 1280 177 1536 177 1792 177 2048 177 2304 177 2560 177 2816 177 3072 178 3328 178 3584 178 3840 178 4096 179 4352 179 4608 179 4864 179 5120 179 5376 180 5632 180 5888 180 6144 180 6400 180 6656 181 6912 181 7168 181 7424 182 7680 182 7936 182 8192 183 8448 183 8704 183 8960 183 9216 184 9472 184 9728 184 9984 184 10240 185 10496 185 10752 185 11008 185 11264 186 11520 186 11776 186 12032 186 12288 186 12544 187 12800 187 13056 187 13312 188 13568 188 13824 188 14080 188 14336 189 14592 189 14848 189 15104 189 15360 189 15616 190 15872 190 16128 190 16384 190 16640 191 16896 191 17152 191 17408 191 17664 191 17920 191 18176 192 18432 192 18688 192 18944 192 19200 192 19456 193 19712 193 19968 193 20224 193 20480 194 20736 194 20992 194 21248 194 21504 195 21760 195 22016 195 22272 195 22528 195 22784 196 23040 196 23296 196 23552 196 23808 196 24064 197 24320 197 24576 197 24832 197 25088 197 25344 197 25600 198 25856 198 26112 198 26368 198 26624 198 26880 198 27136 199 27392 199 27648 199 27904 199 28160 199 28416 199 28672 199 28928 200 29184 200 29440 200 29696 200 29952 201 30208 201 30464 201 30720 202 30976 202 31232 202 31488 203 31744 203 32000 203 32256 204 32512 204 32768 204 33024 204 33280 205 33536 205 33792 205 34048 205 34304 205 34560 205 34816 205 35072 205 35328 206 35584 206 35840 206 36096 206 36352 206 36608 206 36864 206 37120 206 37376 207 37632 207 37888 207 38144 207 38400 208 38656 208 38912 209 39168 209 39424 209 39680 209 39936 210 40192 210 40448 210 40704 210 40960 211 41216 211 41472 211 41728 211 41984 212 42240 212 42496 212 42752 212 43008 213 43264 213 43520 213 43776 213 44032 213 44288 213 44544 214 44800 214 45056 214 45312 214 45568 214 45824 215 46080 215 46336 215 46592 215 46848 216 47104 216 47360 216 47616 216 47872 217 48128 217 48384 217 48640 217 48896 218 49152 218 49408 218 49664 218 49920 219 50176 219 50432 219 50688 219 50944 219 51200 219 51456 220 51712 220 51968 220 52224 220 52480 220 52736 220 52992 221 53248 221 53504 221 53760 221 54016 221 54272 221 54528 221 54784 222 55040 222 55296 222 55552 222 55808 223 56064 223 56320 223 56576 223 56832 224 57088 224 57344 224 57600 225 57856 225 58112 225 58368 225 58624 226 58880 226 59136 226 59392 226 59648 226 59904 227 60160 227 60416 227 60672 227 60928 228 61184 228 61440 228 61696 228 61952 229 62208 229 62464 229 62720 229 62976 229 63232 230 63488 230 63744 230 64000 230 64256 230 64512 231 64768 231 65024 231 65280 231
000028,0 65536
416662,57 6 68 19 112 22 164 86 313 6 325 18 368 22 420 86 568 8 579 20 623 23 676 86 823 32 878 25 932 86 1078 33 1133 25 1188 85 1333 34 1389 25 1445 83 1588 35 1644 26 1702 81 1843 36 1900 26 1959 80 2098 37 2155 26 2215 80 2353 38 2411 26 2472 80 2556 4 2609 38 2666 26 2728 88 2865 38 2922 26 2984 88 3120 40 3178 25 3240 88 3376 41 3434 24 3496 88 3632 44 3690 23 3752 88 3887 48 3946 22 4008 88 4143 49 4202 22 4265 87 4398 51 4459 20 4521 87 4652 54 4715 20 4778 14 4794 70 4907 55 4972 18 5035 11 5052 12 5071 49 5162 57 5229 16 5294 7 5309 9 5329 47 5418 57 5486 15 5567 6 5587 45 5673 59 5744 12 5845 43 5929 60 6001 10 6102 42 6185 60 6258 9 6359 41 6441 61 6515 9 6617 39 6697 62 6771 9 6874 38 6952 63 7026 11 7131 37 7208 64 7281 13 7351 5 7388 36 7464 65 7535 15 7605 9 7644 36 7720 86 7861 10 7901 35 7975 88 8116 13 8157 35 8231 88 8372 13 8413 35 8487 88 8628 14 8670 34 8742 89 8884 14 8926 34 8998 89 9141 13 9182 34 9254 88 9397 13 9438 34 9510 88 9653 13 9694 34 9767 87 9909 13 9950 34 10023 87 10166 12 10205 35 10279 87 10422 12 10459 37 10536 86 10678 12 10714 38 10792 85 10935 10 10968 40 11049 84 11192 9 11223 41 11305 84 11449 6 11479 41 11561 83 11734 42 11817 82 11990 42 12073 78 12245 43 12329 75 12501 43 12585 72 12756 44 12840 64 13012 44 13096 58 13199 8 13267 45 13352 57 13447 18 13523 45 13608 56 13700 24 13779 45 13864 56 13955 27 14034 46 14120 55 14210 30 14290 46 14375 56 14465 32 14546 46 14630 57 14720 34 14801 47 14885 57 14975 35 15057 47 15140 57 15231 35 15313 47 15395 57 15487 35 15569 47 15651 57 15742 36 15825 47 15906 57 15998 36 16080 48 16162 56 16254 35 16336 48 16417 56 16510 34 16592 48 16673 55 16766 34 16848 48 16928 17 16959 24 17023 32 17104 48 17184 15 17218 18 17279 32 17359 49 17438 16 17474 9 17535 32 17615 49 17693 18 17729 9 17767 6 17791 32 17871 49 17947 20 17983 11 18008 23 18047 33 18127 49 18202 22 18236 14 18260 28 18303 33 18383 49 18457 24 18488 18 18515 30 18559 33 18638 50 18712 26 18743 19 18770 31 18816 32 18894 50 18968 26 18998 21 19024 33 19072 32 19150 50 19223 28 19252 23 19279 35 19328 32 19406 50 19479 91 19584 32 19662 50 19735 91 19840 32 19918 47 19991 91 20096 32 20175 45 20247 28 20276 62 20352 32 20431 39 20504 26 20533 61 20609 31 20687 34 20760 25 20789 61 20865 31 20944 27 21017 23 21045 62 21121 31 21200 26 21273 23 21302 61 21377 30 21456 25 21530 21 21558 61 21633 30 21711 26 21787 20 21814 61 21889 29 21967 25 22044 18 22071 60 22145 29 22222 25 22300 18 22327 14 22346 41 22401 28 22478 24 22557 16 22584 10 22603 40 22657 27 22733 24 22814 14 22841 6 22859 39 22913 26 22989 23 23071 12 23116 38 23169 25 23244 22 23329 9 23372 37 23425 24 23499 22 23586 7 23628 37 23682 21 23743 2 23754 21 23885 35 23938 20 23999 3 24008 21 24142 33 24195 17 24254 7 24262 23 24399 31 24452 14 24509 32 24656 29 24711 8 24764 34 24913 26 25019 35 25170 24 25273 39 25428 21 25523 46 25685 20 25777 50 25942 18 26031 53 26200 15 26286 55 26457 13 26541 57 26715 10 26797 57 26974 5 27052 58 27247 5 27307 60 27502 8 27563 60 27757 10 27818 61 28012 12 28073 62 28243 4 28267 13 28329 62 28496 8 28522 15 28584 63 28750 11 28778 16 28838 65 29004 14 29033 18 29091 68 29179 5 29258 17 29289 19 29342 72 29433 7 29513 19 29544 20 29596 74 29687 9 29768 21 29799 22 29850 76 29942 10 30024 22 30055 22 30105 77 30198 10 30279 24 30310 24 30360 79 30453 11 30535 25 30564 26 30616 82 30708 12 30791 55 30871 87 30963 13 31047 56 31127 89 31218 14 31303 56 31383 105 31559 56 31639 105 31815 56 31895 105 32072 55 32151 105 32328 54 32407 105 32584 54 32664 104 32841 52 32920 104 33097 23 33121 26 33177 103 33353 22 33378 21 33434 102 33610 20 33635 19 33691 101 33867 18 33892 17 33950 98 34124 8 34136 3 34148 16 34218 86 34405 14 34476 84 34662 12 34733 37 34772 44 34919 10 34992 31 35030 42 35176 8 35251 25 35286 42 35435 1 35508 23 35542 42 35765 21 35797 43 36022 19 36052 44 36279 17 36307 45 36536 14 36562 46 36793 11 36817 47 37050 7 37072 48 37188 7 37308 2 37327 49 37443 10 37583 49 37698 12 37839 49 37954 13 38094 50 38209 15 38350 50 38465 15 38606 50 38721 14 38863 49 38978 13 39119 49 39234 12 39375 49 39491 10 39632 48 39748 7 39888 48 40006 3 40145 47 40402 46 40659 45 40917 43 41174 38 41431 34 41688 32 41945 28 42202 24 42460 21 42719 19 42980 15 43237 15 43368 7 43493 24 43519 1 43623 9 43748 28 43878 11 43897 5 44003 29 44133 14 44149 12 44257 31 44388 30 44511 33 44644 31 44765 35 44899 32 45020 36 45155 33 45275 37 45410 34 45530 38 45666 35 45786 38 45921 36 46041 39 46176 37 46297 39 46390 6 46430 39 46553 39 46644 11 46685 40 46809 39 46899 14 46939 41 47065 39 47154 16 47193 43 47321 39 47409 18 47447 45 47577 43 47664 20 47702 45 47833 45 47920 21 47957 46 48089 47 48175 22 48212 46 48345 48 48430 23 48468 46 48602 49 48678 31 48724 46 48858 50 48932 33 48980 46 49114 36 49152 13 49187 34 49236 46 49371 33 49408 14 49442 35 49492 46 49627 19 49664 15 49698 35 49748 47 49883 17 49920 17 49953 35 50004 48 50140 15 50176 17 50209 35 50260 49 50397 12 50432 18 50465 35 50516 50 50656 7 50688 19 50721 35 50773 52 50832 8 50857 6 50944 19 50977 35 51029 68 51111 11 51200 19 51233 35 51286 68 51365 14 51456 19 51489 35 51542 69 51619 17 51708 23 51745 34 51799 70 51874 18 51958 30 52001 34 52056 93 52212 32 52257 34 52313 92 52467 34 52514 33 52573 88 52722 37 52770 32 52833 85 52978 38 53027 30 53090 84 53233 40 53284 29 53347 83 53489 41 53541 27 53604 82 53744 42 53797 27 53860 82 54000 43 54054 27 54117 81 54254 45 54311 12 54325 13 54373 81 54508 47 54568 9 54582 14 54630 80 54761 50 54826 5 54839 24 54886 80 55016 50 55083 3 55096 25 55143 78 55271 51 55352 26 55399 78 55526 51 55609 26 55655 77 55782 43 55866 26 55911 77 56037 43 56122 27 56166 77 56293 43 56350 6 56377 29 56422 77 56548 44 56604 13 56633 30 56677 77 56804 43 56860 15 56888 31 56931 78 57059 44 57115 16 57143 33 57186 79 57314 45 57371 16 57397 35 57440 80 57569 45 57626 17 57651 37 57695 80 57824 45 57882 17 57906 39 57950 80 58080 44 58138 17 58160 42 58205 80 58335 43 58394 17 58415 122 58591 41 58651 141 58846 40 58907 140 59102 34 59138 2 59163 139 59358 34 59419 138 59614 34 59676 137 59870 34 59932 136 60126 34 60188 135 60347 9 60383 33 60445 113 60564 15 60596 18 60639 33 60701 111 60821 15 60851 20 60895 33 60958 109 61077 16 61105 23 61152 32 61216 106 61333 17 61360 25 61409 31 61474 104 61588 19 61615 27 61666 30 61732 103 61844 21 61870 29 61923 29 61990 101 62100 56 62181 27 62247 101 62355 58 62438 26 62504 100 62611 59 62695 25 62762 38 62804 57 62866 62 62951 25 63021 34 63061 56 63122 63 63208 24 63278 32 63317 56 63377 65 63464 24 63535 30 63573 56 63633 66 63721 23 63791 30 63829 56 63888 67 63977 23 64047 29 64085 56 64144 68 64234 22 64303 29 64340 57 64399 69 64490 22 64559 28 64596 129 64746 22 64815 28 64852 129 65001 23 65071 27 65108 129 65257 23 65327 27 65365 54 65421 72 65513 23
000060, 
191853,0 65536
000099,0 113 179 77 257 111 436 189 692 189 947 190 1174 3 1203 190 1459 191 1715 77 1793 113 1971 77 2050 112 2227 77 2307 1 2310 109 2483 77 2568 107 2739 77 2825 107 2995 77 3083 105 3225 3 3251 77 3341 104 3480 5 3507 77 3598 104 3736 5 3763 77 3854 113 3991 6 4019 77 4110 120 4246 7 4275 77 4365 123 4502 7 4531 77 4621 123 4757 8 4787 77 4876 124 5013 8 5043 77 5133 30 5166 89 5268 9 5297 79 5389 29 5422 89 5524 9 5550 82 5645 28 5678 88 5779 11 5798 90 5901 19 5922 7 5933 25 5961 61 6035 11 6052 92 6157 19 6179 33 6218 59 6291 10 6307 93 6412 21 6434 33 6475 58 6546 11 6562 94 6668 55 6731 58 6802 10 6818 94 6923 55 6988 57 7058 10 7073 95 7177 57 7245 56 7314 110 7427 63 7501 56 7570 110 7682 64 7758 55 7825 111 7937 65 8014 36 8053 20 8081 177 8270 35 8312 18 8337 177 8526 34 8569 18 8593 178 8782 34 8826 17 8850 177 9036 36 9082 17 9106 177 9291 38 9337 18 9362 177 9546 40 9592 20 9618 176 9801 43 9846 22 9873 177 10057 68 10129 177 10312 70 10384 178 10568 249 10824 246 11080 244 11336 243 11592 243 11849 221 12075 16 12105 220 12331 16 12362 217 12587 16 12619 216 12843 16 12877 213 13098 18 13137 209 13353 19 13395 207 13609 19 13652 206 13865 18 13909 204 14120 19 14167 202 14376 18 14424 31 14457 156 14617 7 14631 18 14682 27 14717 150 14874 5 14887 18 14940 25 14976 146 15142 19 15197 23 15233 144 15398 19 15454 22 15490 143 15654 19 15711 21 15747 142 15910 20 15967 20 16003 142 16166 20 16224 18 16259 142 16423 19 16481 16 16516 142 16679 19 16738 13 16772 142 16935 19 16995 10 17029 142 17191 19 17254 5 17287 140 17446 20 17545 139 17701 21 17803 138 17956 22 18062 136 18211 23 18320 135 18465 26 18540 8 18577 135 18720 35 18795 12 18833 136 18975 40 19050 15 19090 136 19229 45 19305 18 19346 188 19560 20 19602 190 19814 23 19859 191 20057 7 20068 26 20116 192 20310 40 20372 235 20629 105 20735 129 20886 104 20991 130 21144 102 21248 130 21403 99 21504 131 21662 96 21760 133 21920 94 22015 134 22178 92 22271 135 22435 91 22527 136 22693 89 22783 136 22952 223 23213 219 23472 216 23731 213 23988 212 24245 211 24468 5 24501 73 24575 137 24722 9 24759 71 24831 137 24977 11 25016 60 25083 2 25087 137 25233 11 25273 57 25340 1 25343 137 25488 13 25530 56 25599 137 25744 13 25787 54 25856 136 26000 13 26044 53 26112 136 26256 13 26301 17 26321 12 26336 8 26345 7 26368 137 26512 12 26558 14 26605 2 26624 137 26768 12 26815 11 26880 137 27025 10 27073 7 27136 137 27282 7 27392 137 27540 2 27648 63 27714 71 27905 3 27913 52 27971 70 28172 48 28228 69 28429 46 28485 67 28686 44 28741 67 28943 42 28998 66 29105 6 29200 40 29255 65 29360 8 29456 40 29513 63 29615 11 29713 39 29769 63 29870 13 29970 37 30026 61 30125 14 30226 37 30282 61 30381 15 30483 35 30539 59 30636 17 30740 34 30795 59 30892 18 30919 7 30997 33 31051 58 31147 20 31174 9 31254 31 31307 57 31403 22 31427 13 31511 30 31563 56 31658 39 31768 28 31819 55 31914 39 32026 25 32075 53 32169 41 32224 5 32283 23 32331 51 32424 42 32477 9 32540 21 32588 46 32680 44 32727 16 32797 19 32844 44 32935 65 33055 6 33100 42 33190 67 33356 41 33446 67 33580 7 33613 39 33701 69 33833 13 33869 39 33957 69 34050 2 34087 17 34125 39 34213 70 34305 4 34340 21 34380 40 34469 70 34561 4 34591 27 34636 40 34725 71 34817 4 34845 30 34890 42 34982 70 35073 4 35099 32 35141 47 35238 71 35329 4 35354 33 35394 50 35495 70 35585 3 35609 35 35648 52 35751 71 35864 37 35902 54 36008 70 36120 92 36264 70 36375 93 36521 70 36630 94 36777 70 36885 95 37034 69 37140 96 37290 69 37394 98 37547 68 37649 98 37804 67 37905 98 38061 67 38160 98 38320 64 38416 97 38578 62 38672 96 38836 60 38927 82 39019 2 39093 59 39182 81 39354 55 39430 88 39611 54 39683 90 39868 54 39938 91 40124 56 40193 91 40380 65 40448 92 40637 159 40835 12 40893 159 41089 15 41149 158 41343 17 41405 157 41598 19 41661 156 41853 20 41917 154 42108 22 42173 146 42363 23 42429 145 42602 3 42616 26 42685 143 42856 42 42942 141 43110 44 43198 139 43363 48 43455 136 43616 50 43713 132 43870 53 43971 119 44124 55 44235 109 44378 57 44494 104 44633 58 44750 103 44887 61 45007 100 45142 63 45264 21 45287 74 45398 66 45521 19 45544 71 45653 69 45778 17 45800 57 45865 3 45909 70 46035 15 46056 57 46165 71 46293 12 46311 57 46421 71 46553 4 46567 57 46677 72 46823 56 46933 72 47079 56 47189 72 47334 56 47445 72 47590 56 47700 73 47845 56 47956 73 48101 56 48212 73 48356 57 48467 74 48612 57 48686 6 48708 11 48722 76 48868 57 48939 11 48962 92 49123 58 49194 13 49216 94 49379 58 49448 16 49471 96 49635 58 49703 18 49726 97 49891 58 49959 19 49980 100 50147 58 50214 122 50403 58 50470 123 50660 57 50726 124 50916 56 50981 126 51172 56 51237 127 51429 54 51493 129 51686 53 51748 131 51942 53 52004 132 52172 9 52199 51 52259 134 52427 13 52456 50 52515 135 52682 16 52714 48 52770 136 52937 20 52973 3 52982 36 53026 136 53192 22 53240 34 53281 138 53447 24 53504 26 53537 139 53702 26 53760 26 53792 141 53957 28 54016 26 54048 143 54212 29 54272 27 54304 145 54467 31 54528 27 54559 147 54722 33 54784 27 54814 149 54977 35 55040 180 55231 38 55296 181 55486 41 55552 183 55741 44 55808 184 55995 48 56064 236 56320 238 56576 243 56832 247 57088 249 57344 251 57600 973 58574 254 58832 252 59088 252 59345 251 59601 251 59856 252 60111 253 60366 254 60622 253 60878 252 61134 62 61199 186 61390 61 61457 183 61646 60 61714 181 61902 59 61971 177 62158 59 62228 172 62414 58 62485 170 62670 58 62742 168 62926 58 62999 9 63009 157 63182 59 63269 153 63438 59 63528 150 63694 60 63787 147 63950 60 64044 146 64206 61 64301 145 64462 62 64558 144 64718 62 64814 73 64900 59 64973 63 65070 71 65160 55 65229 62 65327 69 65417 54 65486 50
666091,11 245 267 245 524 244 780 244 1036 244 1292 244 1548 244 1805 243 2061 243 2317 243 2573 243 2829 243 3086 242 3342 242 3598 242 3854 242 4110 242 4366 242 4622 242 4878 242 5135 241 5391 241 5647 241 5903 241 6160 240 6416 240 6672 240 6928 240 7185 239 7441 239 7697 239 7953 239 8210 238 8466 238 8722 238 8978 238 9234 238 9491 237 9747 237 10003 237 10260 236 10516 236 10772 236 11028 236 11285 235 11541 235 11797 235 12053 235 12310 234 12566 234 12822 234 13078 234 13334 234 13590 234 13847 233 14103 233 14359 233 14616 232 14872 232 15128 232 15384 232 15641 231 15897 231 16153 231 16409 231 16666 230 16922 230 17178 230 17434 230 17691 229 17947 229 18203 229 18460 228 18716 228 18972 228 19229 227 19485 227 19741 227 19997 227 20254 226 20510 226 20766 226 21022 226 21279 225 21535 225 21791 225 22047 225 22304 224 22560 224 22816 224 23072 224 23329 223 23585 223 23841 223 24098 222 24354 222 24610 222 24866 222 25123 221 25379 221 25635 221 25892 220 26148 220 26405 219 26661 219 26917 219 27174 218 27430 218 27686 218 27942 218 28199 217 28455 217 28711 217 28967 217 29223 217 29480 216 29736 216 29992 216 30249 215 30505 215 30761 215 31017 215 31274 214 31530 214 31786 214 32042 214 32299 213 32555 213 32811 213 33067 213 33323 213 33580 212 33836 212 34092 212 34349 211 34605 211 34861 211 35118 210 35374 210 35630 210 35886 210 36142 210 36399 209 36655 209 36911 209 37167 209 37423 209 37680 208 37936 208 38192 208 38448 208 38705 207 38961 207 39217 207 39473 207 39729 207 39986 206 40242 206 40498 206 40755 205 41011 205 41267 205 41524 204 41780 204 42036 204 42293 203 42549 203 42805 203 43061 203 43318 202 43574 202 43830 202 44086 202 44343 201 44599 201 44855 201 45111 201 45367 201 45624 200 45880 200 46136 200 46392 200 46649 199 46905 199 47161 199 47417 199 47674 198 47930 198 48186 198 48442 198 48699 197 48955 197 49211 197 49467 197 49724 196 49980 196 50236 196 50492 196 50749 195 51005 195 51261 195 51518 194 51774 194 52030 194 52286 194 52543 193 52799 193 53055 193 53311 193 53567 193 53824 192 54080 192 54336 192 54592 192 54849 191 55105 191 55361 191 55617 191 55874 190 56130 190 56386 190 56642 190 56899 189 57155 189 57411 189 57667 189 57923 189 58180 188 58436 188 58692 188 58949 187 59205 187 59461 187 59717 187 59974 186 60230 186 60486 186 60742 186 60998 186 61255 185 61511 185 61767 185 62023 185 62279 185 62536 184 62792 184 63048 184 63305 183 63561 183 63817 183 64073 183 64330 182 64586 182 64842 182 65098 182 65355 181
566885,134 72 212 44 390 71 469 43 645 73 724 44 897 77 979 45 1150 80 1235 45 1404 82 1491 45 1658 84 1747 45 1913 86 2002 46 2167 88 2258 46 2422 138 2677 139 2931 141 3186 142 3440 144 3695 145 3950 146 4205 147 4461 147 4716 148 4957 1 4970 150 5209 167 5464 168 5718 170 5973 171 6229 171 6484 172 6740 172 6996 172 7252 172 7507 173 7757 1 7762 174 8010 182 8265 183 8520 184 8776 184 9031 185 9286 186 9541 187 9796 188 10051 189 10306 190 10561 191 10816 192 11071 193 11326 194 11582 194 11837 195 12093 195 12331 5 12349 195 12585 10 12604 196 12839 13 12860 196 13094 16 13115 197 13348 220 13603 221 13857 223 14112 224 14339 3 14367 225 14593 8 14622 247 14877 252 15132 22498 37631 254 37888 253 38144 252 38400 249 38656 248 38912 247 39168 246 39424 245 39680 243 39936 242 40192 240 40448 239 40704 238 40960 237 41216 235 41472 233 41728 232 41984 232 42240 231 42496 230 42752 229 43008 228 43264 227 43520 225 43776 224 44032 223 44288 222 44544 222 44799 222 45051 226 45306 227 45560 230 45806 241 46057 248 46311 281 46593 255 46850 254 47107 9 47126 234 47384 232 47643 49 47694 45 47744 128 47901 46 47951 42 48001 127 48165 7 48177 26 48209 38 48258 126 48424 2 48434 25 48468 34 48516 124 48691 23 48726 30 48773 123 48947 23 48984 26 49031 121 49203 22 49242 20 49288 120 49459 21 49547 117 49715 12 49804 116 49971 10 50060 116 50227 9 50317 115 50484 7 50573 115 50740 6 50828 116 50998 3 51084 116 51340 116 51595 117 51851 38 51904 64 52106 36 52161 63 52362 35 52418 62 52618 35 52675 61 52873 37 52931 61 53129 38 53187 61 53367 5 53384 41 53443 61 53622 7 53640 42 53699 61 53877 8 53896 43 53955 61 54133 9 54151 45 54210 62 54389 10 54407 46 54466 62 54645 10 54663 47 54721 63 54901 11 54919 47 54977 63 55157 12 55174 48 55232 64 55413 66 55488 64 55669 66 55743 65 55925 66 55998 66 56181 9 56193 55 56253 67 56437 7 56451 3 56461 45 56507 69 56694 6 56718 114 56951 4 56975 113 57208 3 57221 2 57231 113 57465 2 57476 4 57488 112 57722 3 57731 6 57745 111 57977 18 58001 111 58229 26 58258 110 58484 140 58740 140 58995 141 59251 141 59507 139 59647 1 59763 141 60018 142 60273 143 60529 143 60784 144 61039 145 61294 137 61435 3 61439 1 61549 137 61692 1 61695 1 61804 137 61948 1 61951 1 62059 137 62207 1 62314 138 62463 1 62569 138 62719 1 62824 138 62975 1 63079 139 63228 1 63231 1 63335 138 63484 2 63487 1 63590 139 63739 3 63743 1 63846 138 63995 3 63999 1 64102 138 64251 2 64255 1 64357 139 64507 2 64511 1 64613 138 64763 3 64767 1 64869 138 65020 1 65125 138 65279 1 65381 137 65535 1
846389,145 22 401 22 656 23 912 23 1167 24 1423 23 1678 23 1934 23 2190 22 2446 21 2555 1 2702 20 2810 3 2959 18 3065 4 3215 18 3320 5 3472 17 3576 6 3583 1 3728 18 3831 9 3985 17 4087 9 4241 18 4343 9 4498 17 4599 9 4754 16 4855 9 5010 16 5111 9 5266 15 5366 10 5521 14 5622 10 5776 5 5783 6 5878 10 6031 5 6134 10 6286 6 6390 10 6542 6 6646 10 6798 6 6902 10 7054 7 7159 9 7310 8 7416 8 7567 8 7673 7 7823 9 7930 6 8079 9 8186 6 8335 9 8443 5 8591 10 8699 5 8847 10 8955 5 9104 9 9212 2 9215 1 9360 8 9471 1 9616 8 9873 6 10129 5 10387 2 12019 4 12274 5 12530 5 12785 7 13040 8 13295 10 13551 10 13806 12 14061 13 14316 15 14570 18 14821 24 15075 26 15329 31 15584 32 15840 32 16096 32 16351 33 16607 33 16863 33 17119 33 17375 33 17631 33 17887 33 18143 33 18399 33 18655 33 18912 32 19168 32 19426 29 19683 27 19941 25 20198 23 20455 22 20711 21 20968 20 21224 19 21481 18 21737 18 21993 17 22250 16 22506 16 22763 15 23020 13 23277 12 23534 10 23653 3 23791 8 23907 7 24049 5 24162 9 24413 15 24667 17 24922 18 25177 19 25432 19 25688 18 25944 17 26201 14 26457 13 26714 11 26971 8 27228 6 27632 2 27887 4 28143 3 28399 3 29534 1 29788 7 30043 11 30299 13 30555 13 30812 13 31068 13 31324 13 31580 13 31837 12 32093 11 32349 11 32606 10 32862 9 33119 8 33375 8 33632 7 33887 9 34143 9 34399 10 34654 11 34910 12 35166 12 35422 12 35678 13 35934 13 36190 13 36446 13 36702 14 36958 14 37214 14 37471 13 37727 13 37982 14 38238 14 38335 3 38494 14 38589 8 38751 13 38843 12 39007 13 39098 14 39131 5 39263 12 39354 15 39385 10 39520 11 39609 16 39639 13 39778 8 39864 18 39893 16 40120 18 40148 18 40375 20 40401 22 40432 8 40631 52 40684 13 40886 68 41142 70 41397 72 41471 1 41652 76 41908 76 42164 76 42389 7 42420 76 42640 14 42676 76 42892 19 42932 76 43147 22 43188 61 43250 14 43402 25 43444 60 43509 11 43657 28 43701 58 43766 10 43913 29 43957 58 44023 9 44168 31 44214 56 44280 8 44424 32 44471 55 44537 7 44590 6 44620 5 44680 33 44727 55 44795 5 44844 10 44875 8 44936 35 44994 43 45099 13 45130 11 45192 37 45250 43 45354 15 45385 14 45448 39 45493 3 45506 43 45609 17 45641 15 45704 49 45763 42 45864 19 45896 18 45960 51 46019 43 46119 20 46152 19 46216 52 46275 43 46375 21 46407 21 46472 53 46530 45 46630 22 46662 23 46729 54 46785 46 46886 23 46918 24 46985 102 47142 23 47173 26 47242 101 47397 25 47428 28 47498 101 47653 25 47683 30 47755 100 47908 27 47938 31 48010 101 48163 62 48266 101 48419 63 48521 102 48638 2 48675 63 48777 102 48891 5 48930 64 49032 103 49144 8 49167 3 49186 64 49287 103 49398 10 49421 7 49442 63 49543 103 49652 12 49675 10 49699 62 49798 103 49907 13 49930 11 49955 62 50054 102 50162 14 50185 13 50211 61 50309 102 50417 15 50440 15 50469 60 50565 100 50673 15 50695 16 50726 59 50820 100 50928 16 50950 17 50983 58 51076 99 51183 17 51205 18 51239 59 51332 99 51439 17 51460 19 51495 59 51587 99 51694 18 51715 21 51751 60 51842 98 51949 19 51971 20 52006 61 52091 104 52204 20 52225 22 52260 63 52346 103 52459 44 52515 65 52600 64 52665 39 52714 45 52769 68 52855 64 52929 30 52969 46 53024 70 53109 66 53187 26 53224 46 53279 73 53363 72 53444 24 53480 45 53534 75 53617 48 53667 27 53701 20 53735 45 53789 79 53870 50 53924 27 53958 14 53990 44 54045 130 54180 29 54214 11 54245 44 54300 131 54436 30 54471 10 54500 44 54555 131 54692 32 54726 12 54755 45 54811 130 54947 48 55011 44 55066 130 55203 49 55267 44 55321 130 55459 49 55523 44 55577 130 55715 49 55779 43 55832 131 55971 49 56036 41 56087 131 56227 49 56292 41 56342 132 56482 50 56550 37 56594 136 56738 50 56807 34 56847 140 56994 50 57065 30 57101 143 57250 51 57322 27 57356 146 57505 52 57580 20 57602 1 57612 201 57838 18 57867 202 58096 16 58122 204 58354 14 58377 205 58611 13 58632 206 58869 11 58888 206 59127 9 59143 207 59384 6 59391 1 59399 207 59643 1 59655 207 59910 208 60166 207 60422 207 60678 206 60933 205 61188 204 61440 168 61616 27 61696 163 61875 18 61952 160 62135 3 62208 159 62464 159 62720 158 62976 158 63232 158 63488 158 63744 158 64000 158 64256 157 64428 7 64512 157 64680 12 64768 156 64943 2 65024 155 65280 154
570211,0 65536
927607,19870 4 20125 6 20380 7 20636 8 20891 9 21147 8 21402 9 21657 10 21913 10 22168 10 22423 11 22679 10 22934 10 23191 8 23447 6 23705 2 32528 5 32780 11 33034 15 33288 18 33543 20 33798 21 33840 4 34054 22 34094 7 34309 31 34349 9 34565 34 34604 11 34820 52 35076 53 35332 55 35587 57 35840 62 36096 63 36352 64 36608 65 36864 65 37120 66 37376 67 37632 67 37888 68 38144 68 38400 69 38656 69 38912 69 39168 69 39425 68 39683 65 39939 65 40195 64 40451 64 40708 62 40964 61 41220 60 41477 58 41733 58 41990 56 42246 56 42503 54 42759 42 42805 8 43016 40 43063 4 43272 39 43529 37 43786 35 44044 32 44302 27 44559 13 44816 8 45072 6 45330 1 46422 3 46675 8 46929 12 47183 15 47438 17 47693 20 47948 22 48204 23 48459 25 48714 27 48970 27 49225 29 49479 31 49734 32 49989 33 50244 34 50321 4 50499 34 50574 9 50754 35 50827 13 51009 36 51080 17 51265 35 51334 21 51520 36 51588 24 51776 35 51842 26 52032 34 52097 28 52287 34 52352 30 52543 32 52607 31 52798 31 52861 34 53051 33 53116 35 53304 34 53368 39 53559 33 53608 55 53814 32 53863 57 54070 29 54117 59 54325 11 54342 9 54372 60 54581 9 54627 61 54837 6 54883 61 55093 4 55137 63 55350 2 55392 64 55606 1 55646 66 55900 69 56104 8 56153 72 56237 4 56359 12 56408 74 56492 6 56613 16 56663 76 56747 7 56868 17 56918 78 57002 9 57123 19 57174 78 57258 8 57377 22 57430 79 57514 8 57631 24 57685 81 57769 9 57886 26 57941 92 58141 27 58197 92 58396 29 58453 92 58631 7 58652 29 58709 80 58791 10 58885 12 58907 30 58965 79 59048 9 59139 17 59162 31 59221 77 59304 10 59392 21 59417 32 59477 76 59561 9 59648 57 59732 76 59817 9 59904 57 59971 2 59987 77 60073 10 60160 57 60225 8 60241 78 60329 10 60416 58 60479 13 60495 80 60585 11 60672 58 60734 96 60841 14 60928 59 60989 97 61097 16 61184 158 61352 19 61440 158 61608 20 61696 158 61864 22 61952 158 62120 23 62208 158 62376 23 62464 157 62632 24 62720 157 62888 24 62976 58 63036 97 63145 23 63232 56 63292 97 63401 24 63488 51 63548 96 63657 24 63744 48 63804 96 63913 24 64000 47 64060 96 64170 23 64256 47 64316 96 64426 23 64512 46 64571 105 64682 23 64768 46 64826 108 64937 23 65000 1 65024 46 65082 108 65193 23 65254 5 65280 46 65338 107 65450 22 65510 6
000001,0 31 34 253 291 252 546 253 802 253 1057 253 1313 253 1569 253 1825 252 2080 252 2336 252 2592 251 2848 251 3104 250 3360 250 3616 250 3872 250 4127 251 4383 250 4639 250 4895 249 5152 248 5408 247 5664 246 5920 246 6176 245 6433 244 6689 244 6945 244 7201 244 7457 244 7713 244 7968 245 8224 245 8480 245 8735 246 8990 226 9218 19 9245 227 9475 18 9499 229 9732 18 9753 231 9989 251 10246 250 10501 251 10756 252 11011 5396 16408 253 16666 251 16923 249 17180 247 17437 246 17693 245 17949 244 18206 243 18462 242 18718 241 18974 241 19231 240 19487 240 19743 240 20000 239 20256 239 20512 239 20768 239 21024 181 21209 54 21281 129 21417 33 21465 53 21537 123 21675 28 21720 53 21793 122 21934 22 21976 52 22050 80 22131 39 22194 17 22232 50 22306 78 22388 37 22453 13 22487 49 22562 77 22644 36 22710 11 22743 48 22818 76 22900 34 22968 8 22999 47 23074 75 23156 32 23226 4 23255 46 23329 75 23413 29 23510 47 23585 74 23669 28 23766 46 23824 5 23840 75 23925 28 24021 47 24079 7 24095 75 24182 27 24277 47 24334 9 24351 75 24438 27 24532 48 24589 11 24606 76 24695 26 24787 50 24844 14 24860 53 24918 20 24952 25 25042 52 25100 65 25175 18 25209 24 25297 117 25431 18 25466 23 25553 115 25687 17 25722 23 25808 114 25943 17 25978 23 26064 113 26199 16 26235 22 26319 114 26455 16 26491 22 26575 84 26662 27 26710 16 26747 21 26831 84 26919 26 26966 15 27003 20 27086 85 27176 26 27222 15 27259 19 27342 85 27433 28 27478 14 27515 17 27598 85 27690 29 27735 11 27771 15 27854 86 27947 29 27992 7 28028 12 28109 87 28203 29 28285 9 28364 89 28460 29 28543 5 28619 90 28717 28 28874 91 28973 28 29129 92 29230 27 29385 92 29487 26 29641 92 29745 24 29897 92 30002 23 30153 92 30261 20 30410 91 30520 17 30666 91 30777 16 30923 91 31034 14 31180 90 31290 14 31436 90 31546 14 31693 90 31802 13 31949 92 32058 13 32206 95 32314 12 32463 98 32570 12 32720 99 32826 11 32977 100 33082 11 33235 100 33338 10 33381 1 33496 107 33635 6 33755 102 33888 10 34012 100 34142 12 34270 97 34397 13 34526 97 34652 14 34783 96 34908 14 34981 18 35039 97 35164 14 35235 23 35296 97 35419 15 35490 25 35552 97 35675 14 35745 27 35809 97 35931 14 35982 2 36000 29 36065 98 36187 14 36234 8 36256 30 36322 97 36443 15 36488 12 36511 32 36578 98 36699 14 36743 14 36767 33 36835 98 36954 15 36997 17 37023 34 37091 99 37210 15 37251 20 37278 36 37347 99 37465 16 37505 23 37533 39 37603 100 37720 17 37758 28 37788 42 37859 101 37976 16 38012 77 38116 100 38231 16 38266 81 38372 100 38486 9 38500 2 38521 83 38628 101 38742 8 38776 85 38885 100 38998 8 39031 87 39141 100 39253 8 39286 88 39399 98 39510 7 39541 89 39656 97 39766 6 39796 90 39914 95 40023 4 40051 91 40172 93 40306 92 40429 92 40562 92 40686 91 40817 93 40943 90 41073 92 41199 90 41328 93 41456 89 41583 93 41712 89 41839 92 41969 88 42095 91 42225 88 42350 90 42481 88 42605 89 42736 89 42836 11 42861 86 42987 93 43090 17 43116 84 43239 97 43345 20 43370 85 43494 98 43601 109 43749 98 43857 108 44004 99 44113 108 44260 99 44368 108 44516 98 44624 109 44772 98 44880 109 45028 98 45135 111 45284 97 45391 112 45540 97 45647 112 45796 96 45903 113 46052 95 46159 113 46309 94 46415 113 46564 94 46671 113 46820 94 46928 111 47075 95 47185 110 47330 97 47442 108 47584 99 47698 108 47839 101 47955 106 48094 102 48212 105 48349 104 48468 105 48605 105 48725 104 48860 108 48981 105 49116 109 49237 105 49371 111 49494 104 49626 113 49750 105 49881 114 50006 105 50135 117 50263 104 50387 121 50519 104 50641 123 50776 103 50896 124 51032 103 51150 126 51289 102 51403 128 51546 100 51657 130 51802 100 51911 132 52059 99 52165 135 52315 98 52419 137 52572 98 52672 141 52829 240 53086 240 53343 239 53600 238 53856 238 54113 237 54370 73 54446 161 54626 72 54703 160 54883 70 54959 160 55140 69 55214 161 55398 5 55408 56 55470 161 55666 54 55726 161 55924 52 55981 163 56181 50 56237 163 56438 49 56493 164 56696 47 56749 164 56953 46 57005 165 57210 45 57261 165 57466 44 57517 165 57722 44 57772 167 57978 44 58028 167 58233 46 58283 168 58489 46 58538 169 58745 217 59000 218 59256 218 59512 218 59768 219 60025 219 60281 221 60510 4 60538 223 60762 10 60795 234 61052 234 61310 234 61567 236 61826 237 62085 235 62344 233 62603 230 62860 230 63116 114 63232 115 63372 112 63488 116 63628 111 63744 123 63884 97 63985 8 64000 125 64139 97 64243 4 64256 127 64394 99 64512 128 64649 102 64768 129 64905 106 65024 129 65160 107 65280 129 65416 104
271746,48290 3 48544 8 48798 11 49053 13 49308 15 49563 16 49819 17 50074 19 50330 19 50586 19 50841 21 51097 21 51353 21 51610 20 51866 20 52123 18 52380 17 52638 14 52896 11 53156 6
000019,0 65536
863998,15556 5 15588 2 15808 12 15841 8 16061 16 16095 12 16315 19 16350 15 16569 22 16606 17 16824 23 16861 20 17079 24 17117 20 17335 25 17373 21 17591 25 17628 22 17847 25 17884 22 18103 25 18140 22 18359 25 18396 21 18615 25 18651 22 18871 25 18907 22 19127 25 19162 23 19383 25 19418 22 19639 25 19674 22 19896 24 19930 22 20152 24 20185 24 20409 23 20441 24 20666 21 20697 25 20923 20 20953 26 21180 17 21209 27 21437 14 21465 27 21624 8 21695 10 21721 28 21878 12 21953 6 21977 28 22133 15 22233 28 22388 17 22489 29 22643 19 22746 28 22898 20 23002 28 23153 21 23258 29 23408 22 23514 29 23664 22 23770 29 23919 23 24027 28 24175 23 24283 29 24431 22 24539 29 24686 23 24795 30 24827 2 24941 24 25051 34 25195 25 25308 33 25450 26 25563 34 25705 12 25720 11 25819 34 25961 12 25978 7 26075 34 26216 14 26236 4 26330 35 26471 16 26585 37 26727 18 26841 37 26983 19 27096 40 27238 22 27352 40 27494 23 27607 41 27750 23 27863 41 28005 25 28070 2 28119 41 28261 25 28324 6 28375 41 28517 25 28579 8 28631 41 28773 25 28834 10 28888 38 29029 25 29089 12 29144 38 29286 24 29345 13 29401 36 29542 24 29601 14 29657 36 29798 24 29856 16 29914 35 30055 22 30112 17 30170 35 30311 22 30368 18 30427 34 30568 20 30624 18 30683 34 30826 18 30880 18 30939 34 31084 14 31137 18 31195 35 31342 9 31367 10 31392 19 31451 35 31620 14 31648 19 31707 35 31875 16 31902 20 31961 37 32130 17 32154 24 32216 38 32386 48 32470 39 32642 48 32725 40 32899 46 32979 42 33155 14 33171 30 33234 42 33412 12 33427 30 33488 43 33668 11 33683 29 33743 43 33827 5 33925 10 33939 28 33998 43 34080 12 34181 9 34195 28 34252 44 34334 19 34438 8 34452 26 34508 44 34588 24 34695 7 34708 25 34764 43 34843 27 34951 6 34964 25 35021 43 35098 29 35208 5 35221 23 35278 42 35354 30 35465 3 35477 23 35534 43 35609 31 35734 21 35791 42 35865 32 35991 19 36049 40 36121 32 36248 17 36306 39 36376 34 36505 15 36563 38 36632 35 36763 11 36820 37 36888 36 37077 36 37144 37 37335 34 37400 38 37592 33 37656 39 37849 32 37912 39 38107 29 38168 40 38365 26 38424 40 38623 23 38681 39 38882 19 38938 38 39139 18 39194 38 39397 15 39451 37 39654 14 39708 35 39912 11 39965 34 40168 11 40222 32 40424 11 40479 30 40680 11 40737 27 40936 10 40995 25 41193 7 41253 22 41450 3 41512 18 41770 16 42029 12 42287 9 42544 7 42801 5 43058 4 43315 2 44594 3 44660 3 44848 6 44909 13 45103 8 45162 17 45357 11 45416 20 45612 12 45671 22 45867 14 45927 24 46029 9 46121 16 46182 26 46282 15 46372 22 46438 27 46536 18 46625 25 46694 28 46786 24 46880 26 46949 29 46990 5 47038 28 47136 26 47205 29 47245 8 47291 30 47392 26 47461 29 47500 10 47544 33 47647 27 47717 29 47756 10 47796 37 47903 27 47973 29 48012 11 48050 39 48158 28 48230 28 48267 12 48304 42 48414 27 48486 27 48523 12 48559 44 48669 28 48742 27 48779 12 48814 46 48925 28 48999 26 49035 12 49069 47 49180 29 49255 26 49291 12 49324 48 49435 30 49511 26 49547 12 49579 48 49691 32 49768 25 49804 11 49835 47 49946 35 50024 25 50060 11 50091 46 50202 37 50280 25 50317 10 50346 46 50458 38 50537 24 50573 9 50602 45 50714 38 50793 24 50830 8 50858 44 50929 8 50939 3 50943 1 50970 39 51050 23 51087 6 51114 44 51183 17 51226 39 51306 23 51345 2 51370 44 51438 18 51482 39 51562 22 51627 42 51693 19 51738 39 51819 21 51883 42 51948 20 51994 39 52076 20 52139 42 52203 21 52250 38 52333 18 52396 42 52459 21 52507 37 52590 16 52652 44 52714 22 52763 36 52848 12 52909 45 52970 22 53019 35 53106 7 53166 44 53226 22 53275 34 53423 44 53482 22 53532 32 53679 44 53738 22 53788 31 53936 42 53995 21 54045 29 54194 10 54207 26 54251 21 54301 28 54452 5 54466 22 54508 20 54558 25 54726 16 54765 19 54815 23 54985 8 55022 18 55072 21 55279 17 55330 18 55536 16 55587 16 55792 16 55845 13 56048 16 56103 10 56303 17 56343 3 56361 7 56558 18 56598 4 56812 20 56853 5 57067 21 57109 4 57321 23 57576 24 57831 25 58087 25 58342 26 58597 27 58810 4 58852 28 59064 8 59108 28 59315 14 59363 29 59564 21 59618 30 59819 22 59874 30 59999 11 60074 23 60129 31 60253 16 60329 25 60385 31 60507 20 60584 26 60641 31 60751 7 60760 24 60840 26 60897 31 61006 35 61095 29 61153 31 61261 37 61350 39 61409 31 61517 38 61606 40 61665 31 61698 2 61773 39 61861 42 61922 30 61954 3 62029 39 62117 42 62179 34 62285 39 62373 42 62436 33 62541 39 62629 42 62692 33 62797 40 62885 42 62949 32 63053 39 63142 41 63206 31 63309 39 63399 8 63410 30 63462 30 63565 39 63666 30 63718 30 63820 40 63922 31 63975 25 64076 40 64177 32 64231 25 64332 40 64433 33 64487 25 64588 39 64689 33 64743 25 64846 36 64946 32 65001 23 65104 33 65202 32 65258 22 65360 33 65458 32 65514 22
719371,0 15 136 11 216 37 256 15 394 6 473 36 512 15 649 9 729 36 768 16 904 12 985 55 1160 12 1241 56 1416 12 1498 24 1529 24 1672 13 1755 22 1792 19 1928 14 2011 21 2048 22 2184 16 2268 18 2304 26 2440 17 2525 15 2560 28 2696 18 2782 12 2816 29 2952 19 3039 9 3072 30 3209 20 3297 4 3328 31 3465 24 3584 31 3722 25 3840 31 3979 26 4096 31 4236 26 4352 30 4494 27 4608 30 4751 29 4864 30 5008 28 5120 30 5265 28 5376 30 5521 29 5632 30 5772 2 5776 31 5888 30 6025 40 6144 31 6279 44 6400 31 6533 47 6656 31 6788 49 6912 31 7043 51 7168 31 7298 52 7424 32 7553 54 7680 32 7808 55 7936 32 8064 55 8192 32 8319 56 8448 32 8575 55 8704 33 8831 55 8960 33 9087 54 9216 33 9343 54 9471 34 9599 53 9726 35 9854 53 9982 35 10110 52 10237 35 10365 51 10493 35 10620 49 10748 35 10875 47 11004 34 11130 46 11260 33 11385 44 11517 31 11640 44 11736 4 11773 30 11895 44 11992 4 12029 30 12149 46 12247 6 12286 29 12403 48 12502 8 12543 28 12658 50 12758 9 12780 4 12799 28 12913 52 13013 11 13033 10 13055 29 13169 53 13260 5 13269 13 13288 12 13311 32 13424 56 13516 7 13526 13 13542 16 13567 35 13680 56 13772 8 13782 33 13823 36 13936 57 14029 7 14039 33 14079 37 14191 58 14285 7 14296 33 14332 1 14335 38 14435 6 14447 58 14541 7 14552 34 14587 2 14591 38 14690 8 14703 58 14797 6 14809 36 14847 38 14946 8 14959 58 15053 5 15065 33 15099 2 15103 38 15202 8 15216 57 15310 3 15322 31 15359 39 15458 7 15472 57 15578 31 15615 39 15717 1 15729 57 15834 29 15872 38 15986 56 16090 27 16128 38 16244 39 16289 9 16347 24 16384 37 16453 4 16501 36 16546 8 16603 22 16640 37 16708 5 16758 20 16785 4 16803 6 16858 22 16896 37 16964 6 17015 17 17060 3 17114 21 17152 37 17220 5 17273 14 17369 21 17408 36 17477 4 17530 12 17590 4 17624 22 17664 36 17790 5 17844 10 17880 22 17920 35 18098 19 18136 22 18176 34 18353 21 18391 23 18432 33 18608 22 18647 22 18688 32 18863 23 18903 22 18943 32 19117 25 19158 23 19199 32 19372 26 19413 23 19454 32 19627 27 19667 23 19709 33 19883 27 19922 19 19965 32 20138 28 20176 20 20220 33 20394 28 20431 21 20476 32 20649 29 20686 22 20731 32 20905 29 20942 22 20987 32 21161 30 21197 24 21230 4 21242 31 21417 31 21452 27 21483 10 21497 31 21673 110 21930 108 22186 107 22330 2 22442 106 22585 6 22698 105 22840 8 22953 106 23096 10 23209 105 23352 10 23464 105 23609 9 23720 104 23865 9 23975 104 24121 9 24143 7 24231 103 24378 8 24398 10 24487 100 24634 8 24652 13 24743 98 24889 10 24907 15 24999 97 25145 11 25161 18 25255 96 25400 36 25512 94 25656 36 25768 93 25911 38 26025 92 26166 40 26281 91 26421 41 26538 89 26673 46 26794 86 26925 50 27050 86 27179 53 27307 85 27433 55 27563 85 27687 58 27819 85 27942 61 28009 3 28075 85 28198 72 28332 84 28453 74 28588 84 28709 74 28844 84 28965 74 29100 84 29220 76 29356 84 29475 78 29612 84 29731 79 29868 84 29985 82 30125 83 30240 84 30381 83 30495 86 30637 83 30750 88 30894 82 31005 90 31109 5 31150 82 31260 92 31363 9 31407 81 31515 97 31619 10 31663 81 31770 99 31874 11 31920 80 32025 101 32130 11 32177 79 32280 102 32386 12 32412 7 32434 78 32535 104 32642 12 32667 9 32692 76 32789 106 32897 13 32922 11 32950 74 33044 122 33177 13 33208 72 33299 123 33433 13 33465 71 33554 124 33689 13 33722 70 33809 125 33945 13 33980 2 33988 60 34065 125 34201 13 34244 60 34320 126 34457 12 34501 59 34576 126 34713 11 34757 59 34832 125 34970 10 35013 59 35088 17 35108 105 35228 5 35269 59 35344 16 35364 104 35525 59 35599 17 35620 103 35781 59 35855 16 35875 102 36037 59 36111 17 36130 103 36294 58 36366 122 36550 58 36622 122 36806 58 36878 122 37062 58 37134 122 37318 58 37389 123 37573 59 37645 123 37829 59 37900 124 38085 59 38156 124 38341 59 38411 125 38597 59 38666 126 38853 59 38922 126 39109 59 39178 126 39365 59 39434 126 39621 59 39690 125 39877 59 39946 124 40133 59 40202 124 40389 59 40459 121 40645 59 40706 1 40715 120 40902 63 40971 120 41158 188 41415 187 41671 186 41928 186 42186 68 42257 113 42443 66 42515 111 42701 63 42772 111 42958 61 43030 109 43216 59 43288 108 43473 57 43545 107 43730 56 43802 106 43987 54 44059 105 44243 53 44316 104 44500 52 44573 102 44756 51 44830 101 45012 51 45086 101 45268 50 45342 101 45524 49 45598 101 45779 50 45854 101 46035 45 46081 3 46110 101 46291 45 46339 1 46366 101 46547 45 46622 101 46803 45 46877 102 47059 45 47133 102 47315 45 47389 102 47570 46 47645 102 47826 46 47901 102 48081 47 48157 102 48335 49 48413 101 48590 50 48669 101 48845 51 48925 101 49101 51 49182 100 49356 52 49438 100 49612 52 49694 100 49868 52 49951 99 50125 51 50208 98 50382 50 50464 98 50639 49 50721 98 50898 46 50947 1 50978 97 51159 41 51202 2 51235 96 51416 40 51457 4 51493 94 51673 45 51751 92 51930 45 52009 91 52186 45 52268 88 52442 46 52530 82 52698 46 52787 81 52955 45 53044 79 53211 45 53301 78 53467 46 53557 77 53724 45 53813 76 53980 46 54070 75 54235 47 54326 74 54491 49 54582 73 54746 54 54838 73 55002 56 55094 73 55257 58 55350 74 55513 59 55606 74 55769 59 55862 75 56024 60 56118 77 56280 61 56375 77 56535 62 56632 77 56791 63 56889 76 57046 65 57147 75 57302 66 57405 73 57557 68 57663 72 57813 69 57921 70 58069 70 58179 68 58325 70 58437 66 58581 71 58694 64 58838 70 58950 64 59094 70 59207 62 59351 70 59463 62 59608 69 59720 60 59865 68 59976 59 60122 68 60232 59 60379 67 60489 58 60635 68 60745 57 60891 68 61001 57 61148 67 61258 56 61404 67 61514 56 61659 68 61770 56 61915 68 62027 55 62171 68 62283 55 62427 67 62540 54 62683 67 62789 3 62797 53 62939 67 63045 4 63054 52 63195 67 63300 6 63311 51 63451 67 63556 7 63569 48 63707 67 63812 9 63826 47 63963 67 64068 10 64082 47 64218 72 64323 12 64338 47 64473 75 64579 13 64594 47 64728 69 64842 5 64850 47 64983 68 65101 1 65107 45 65238 67 65363 45 65494 42
000021,0 39 44 14 89 7 256 39 300 14 346 5 512 39 556 15 602 5 768 39 812 15 857 6 1024 38 1068 15 1113 6 1280 38 1324 15 1369 6 1536 37 1580 14 1624 7 1792 37 1836 14 1880 7 2048 36 2093 12 2135 8 2304 35 2349 11 2391 8 2560 34 2606 9 2646 9 2816 32 2864 5 2901 10 3072 31 3156 10 3328 29 3412 9 3584 28 3668 8 3840 28 4096 27 4352 27 4608 26 4864 25 5120 24 5376 23 5632 19 5888 15 6144 14 6400 14 6656 14 6912 14 7168 14 7424 15 7680 15 7936 15 8192 16 8448 16 8704 16 8960 17 9216 17 9472 17 9728 17 9984 17 10240 17 10496 17 10752 16 11008 16 11264 15 11520 15 11776 14 12032 12 12288 10 12544 5 16999 6 17252 11 17504 16 17758 20 18012 27 18267 30 18522 32 18775 36 19028 39 19282 42 19537 43 19792 45 20047 47 20302 49 20557 50 20812 52 21068 53 21323 54 21578 56 21833 57 22089 57 22344 59 22600 59 22855 60 23111 60 23367 61 23622 63 23878 64 24133 67 24389 67 24644 69 24900 70 25156 70 25412 71 25668 71 25924 71 26181 70 26437 70 26693 70 26949 70 27205 70 27461 70 27717 70 27974 69 28230 68 28488 66 28749 61 29006 59 29262 59 29518 58 29774 57 30030 57 30286 56 30542 55 30798 53 31054 52 31311 50 31568 48 31827 44 32085 40 32342 38 32599 34 32856 31 33114 28 33376 21 33634 18 33891 15 34148 12 34406 6 48884 4 49139 7 49394 8 49649 10 49887 8 49905 10 50140 12 50160 11 50394 14 50416 11 50648 17 50672 11 50903 18 50929 10 51159 18 51185 11 51199 1 51414 18 51441 15 51670 18 51697 15 51926 17 51953 15 52182 17 52209 15 52439 16 52464 16 52698 13 52720 16 52955 11 52976 16 53212 10 53231 17 53468 10 53487 17 53724 10 53744 16 53979 11 54000 16 54235 11 54257 15 54490 11 54514 14 54746 10 54772 12 55001 10 55029 11 55257 8 55286 10 55513 7 55542 10 55769 5 55798 10 56026 3 56054 10 56310 10 56567 9 56823 9 57080 8 57337 7 57594 6 60671 1 60926 2 61181 3 61437 3 61692 4 61948 4 62204 4 62460 4 62717 3 62974 2
580255,103 59 359 58 615 59 871 60 1126 62 1382 62 1638 63 1894 63 2150 63 2406 63 2662 63 2918 63 3173 63 3429 63 3685 62 3941 62 4197 61 4453 61 4534 4 4709 61 4788 8 4965 60 5043 11 5220 61 5298 13 5476 61 5553 15 5731 62 5808 18 5986 63 6063 21 6241 64 6318 24 6496 65 6573 27 6750 67 6827 30 7004 68 7080 34 7257 71 7334 37 7509 57 7571 13 7587 40 7763 57 7828 56 8017 58 8085 5 8096 45 8272 58 8352 45 8523 63 8608 46 8775 67 8864 46 9029 69 9120 47 9283 71 9376 47 9538 71 9632 47 9793 72 9888 48 10048 72 10144 48 10304 72 10400 48 10559 72 10656 48 10814 72 10911 49 11070 71 11167 49 11325 72 11423 50 11580 73 11679 50 11836 72 11934 51 12092 72 12190 52 12347 73 12446 53 12603 73 12702 53 12859 74 12958 54 13115 74 13215 53 13371 74 13471 53 13627 74 13728 53 13883 74 13984 53 14139 74 14241 53 14395 74 14497 53 14651 74 14753 54 14907 75 15009 54 15163 75 15265 55 15420 74 15521 55 15676 74 15777 55 15933 73 16033 55 16190 72 16289 55 16447 72 16545 55 16704 71 16801 54 16961 69 17057 53 17218 68 17313 44 17359 6 17474 68 17570 40 17732 4 17739 59 17826 38 17996 58 18083 36 18253 56 18341 33 18510 56 18600 29 18766 57 18859 26 19023 65 19117 23 19279 67 19374 22 19534 69 19632 19 19787 73 19891 16 20037 80 20149 13 20291 83 20408 9 20546 84 20668 3 20802 85 21057 88 21313 89 21568 91 21824 92 22079 94 22333 97 22585 101 22838 104 23093 106 23348 107 23603 108 23858 109 24114 109 24369 111 24625 111 24880 112 25135 113 25391 112 25647 112 25902 113 26158 113 26414 112 26670 112 26926 111 27182 111 27437 112 27693 111 27949 110 28204 110 28460 110 28716 109 28972 109 29228 109 29484 109 29740 110 29996 111 30170 5 30253 110 30424 9 30509 110 30679 11 30765 111 30934 13 31021 110 31190 13 31277 110 31446 14 31533 110 31701 16 31789 68 31862 36 31957 16 32046 66 32127 27 32213 17 32303 64 32385 24 32469 17 32559 63 32642 22 32725 17 32816 62 32899 20 32981 17 33074 59 33156 18 33237 17 33331 57 33413 15 33493 17 33588 54 33671 10 33749 17 33845 50 34005 17 34102 46 34261 16 34358 44 34517 16 34615 41 34773 15 34872 39 35029 14 35128 39 35286 12 35385 37 35542 11 35643 34 35799 9 35901 31 36056 7 36160 27 36313 5 36418 24 36570 3 36675 23 36933 20 37202 6 37461 2 44382 1 45932 2 46188 3 46443 4 46700 3 46956 3 53595 6 53849 10 54104 13 54360 13 54616 14 54872 14 55128 15 55384 15 55641 14 55897 14 56154 13 56412 11 56669 10 56927 7 57185 5
432006,3 20 28 19 102 154 258 23 283 22 358 154 514 48 612 156 769 51 830 17 856 168 1025 51 1084 196 1281 49 1341 195 1537 48 1597 195 1793 47 1853 195 2049 46 2109 195 2306 4 2314 37 2364 196 2562 4 2571 35 2619 197 2818 3 2827 35 2874 198 3074 3 3083 36 3127 201 3330 3 3340 35 3379 205 3587 1 3597 35 3633 207 3853 48 3904 192 4110 46 4161 191 4366 45 4418 190 4623 44 4675 189 4880 42 4937 183 5136 42 5194 182 5392 42 5450 182 5635 1 5647 28 5678 12 5706 182 5891 1 5898 32 5935 11 5963 181 6147 2 6152 34 6193 9 6219 181 6403 38 6454 3 6476 180 6658 39 6732 180 6914 39 6988 180 7170 40 7243 181 7426 40 7489 3 7499 181 7682 40 7734 5 7743 7 7753 183 7937 42 7988 73 8064 128 8193 43 8243 72 8321 172 8498 71 8578 153 8732 92 8834 152 8990 89 9090 152 9247 88 9346 151 9504 87 9602 151 9760 86 9858 151 10017 85 10114 151 10273 86 10370 151 10529 86 10625 152 10785 87 10881 152 11040 89 11136 152 11296 248 11552 247 11808 247 12063 247 12319 22 12344 222 12575 21 12601 220 12831 20 12857 219 13087 20 13114 218 13342 20 13371 217 13598 20 13627 75 13716 128 13854 21 13884 72 13974 125 14110 22 14140 71 14231 124 14366 23 14396 69 14488 123 14621 26 14652 67 14744 122 14877 27 14908 65 15001 121 15133 27 15164 65 15257 103 15361 16 15388 29 15421 64 15514 102 15618 14 15644 29 15677 64 15770 102 15874 10 15900 29 15934 63 16028 100 16130 7 16156 29 16190 64 16286 2 16293 91 16386 6 16411 30 16447 63 16550 90 16642 5 16667 31 16703 63 16807 89 16899 1 16922 32 16960 62 17063 89 17178 32 17216 62 17320 88 17434 31 17473 60 17576 88 17689 31 17729 60 17833 87 17928 2 17945 29 17985 60 18090 86 18182 8 18200 25 18242 59 18347 85 18437 11 18456 23 18498 59 18604 84 18691 14 18711 23 18755 58 18861 100 18966 24 19011 58 19119 98 19222 25 19267 58 19376 97 19477 26 19523 59 19633 92 19727 2 19733 27 19779 59 19890 90 19983 3 19988 28 20035 59 20146 127 20291 60 20402 128 20540 67 20658 131 20794 69 20914 164 21080 40 21170 164 21336 41 21426 46 21476 114 21591 42 21681 46 21733 158 21936 46 21989 159 22191 47 22245 39 22285 121 22447 46 22501 39 22541 123 22702 46 22757 164 22958 46 23012 166 23213 46 23268 168 23469 45 23524 79 23607 86 23725 43 23779 76 23864 87 23981 41 24035 74 24120 88 24238 39 24291 74 24376 90 24494 38 24547 74 24631 94 24751 36 24802 76 24887 95 25007 35 25059 75 25142 96 25264 33 25315 76 25397 98 25520 33 25571 181 25776 32 25827 182 26032 31 26084 182 26288 30 26340 184 26544 29 26596 185 26800 28 26853 185 27056 27 27109 186 27313 24 27365 69 27435 117 27569 13 27621 68 27691 117 27826 11 27878 67 27947 117 28083 9 28134 187 28340 6 28390 187 28646 137 28796 37 28903 136 29062 28 29159 136 29319 27 29415 136 29576 26 29671 136 29833 25 29928 53 29983 80 30090 23 30184 52 30240 79 30346 22 30441 51 30497 79 30604 18 30697 17 30719 29 30755 78 30864 13 30954 15 30976 27 31014 76 31121 11 31211 13 31232 27 31271 76 31378 9 31469 10 31488 27 31527 77 31634 9 31726 7 31744 27 31783 77 31891 8 32000 27 32039 78 32147 8 32256 28 32295 78 32404 7 32512 28 32551 77 32659 8 32768 28 32807 76 32914 9 33024 29 33063 74 33167 12 33279 30 33319 72 33414 21 33535 30 33575 69 33667 25 33791 30 33831 69 33922 26 34047 30 34087 70 34178 28 34303 30 34343 70 34433 40 34560 29 34599 70 34688 44 34766 3 34816 29 34855 70 34943 47 35010 16 35072 30 35112 69 35198 49 35264 20 35328 30 35368 69 35454 50 35519 22 35584 32 35624 69 35709 52 35775 25 35840 33 35880 69 35964 55 36031 27 36096 34 36137 68 36219 57 36287 29 36352 35 36394 67 36474 59 36542 32 36608 35 36650 68 36730 60 36798 33 36864 36 36907 68 36985 63 37054 35 37120 35 37164 69 37240 117 37376 35 37421 70 37495 119 37632 35 37677 195 37888 35 37934 196 38144 35 38192 195 38400 36 38452 193 38656 38 38710 192 38912 41 38967 192 39168 46 39224 193 39423 49 39481 248 39738 247 39995 247 40252 246 40509 246 40766 246 41023 245 41280 245 41538 243 41803 235 42059 235 42315 235 42571 235 42827 235 43083 235 43339 235 43595 234 43851 234 44107 234 44362 235 44618 235 44874 235 45130 235 45386 172 45563 58 45642 171 45821 56 45898 171 46079 54 46154 170 46336 54 46410 170 46592 54 46666 85 46755 81 46848 55 46922 83 47012 81 47104 60 47179 67 47250 8 47269 80 47360 61 47435 65 47526 80 47616 61 47691 63 47783 79 47872 62 47948 53 48042 77 48128 62 48204 51 48302 74 48384 63 48461 49 48564 68 48640 63 48718 39 48760 5 48775 7 48822 5 48831 58 48896 63 48974 38 49017 4 49022 4 49029 11 49088 58 49152 63 49219 2 49230 38 49273 3 49278 5 49285 12 49346 58 49408 64 49474 4 49486 37 49530 1 49534 5 49541 12 49603 58 49664 70 49742 37 49790 5 49797 12 49860 57 49920 70 49998 37 50047 4 50053 12 50117 56 50176 70 50254 36 50304 3 50309 11 50374 56 50432 71 50509 37 50561 1 50565 11 50631 22 50656 30 50688 71 50763 39 50821 10 50889 18 50913 29 50944 71 51018 39 51078 9 51149 13 51170 28 51200 72 51274 39 51335 7 51410 5 51426 28 51456 114 51683 27 51712 24 51740 86 51939 27 51968 23 51996 79 52079 4 52196 26 52224 23 52253 78 52336 2 52452 26 52480 23 52510 35 52547 39 52592 2 52709 24 52736 23 52766 34 52807 35 52965 24 52992 25 53023 32 53064 34 53221 24 53248 27 53282 16 53302 8 53321 33 53476 24 53504 29 53545 7 53559 6 53582 28 53730 24 53760 30 53815 6 53838 28 53909 3 53985 24 54016 31 54071 6 54094 28 54130 3 54163 8 54240 24 54272 32 54327 9 54350 28 54384 7 54419 9 54495 24 54528 33 54581 13 54606 16 54626 7 54639 11 54674 11 54750 20 54784 34 54835 15 54862 13 54884 2 54894 14 54930 11 55006 19 55040 35 55090 17 55119 9 55149 16 55185 13 55261 20 55296 36 55344 19 55376 3 55405 16 55441 13 55516 21 55552 37 55598 22 55661 17 55696 14 55771 22 55808 38 55853 24 55917 17 55951 15 56026 23 56064 40 56107 26 56172 20 56206 16 56282 23 56320 69 56428 23 56462 15 56538 23 56576 70 56684 24 56718 15 56794 23 56832 70 56940 24 56974 15 57050 23 57088 70 57196 24 57230 14 57306 23 57344 70 57452 23 57487 13 57562 22 57600 69 57707 23 57743 12 57818 22 57856 67 57963 23 58000 11 58060 1 58074 22 58112 65 58218 23 58257 9 58316 3 58330 23 58368 63 58474 22 58513 8 58572 5 58586 23 58624 61 58730 22 58771 5 58829 5 58843 23 58880 60 58989 18 59029 1 59085 6 59099 24 59136 59 59245 18 59342 6 59355 2 59361 18 59392 59 59502 16 59598 6 59618 17 59648 59 59758 15 59855 4 59875 16 59904 59 60014 14 60112 3 60131 16 60160 59 60270 13 60369 2 60387 16 60416 59 60527 4 60533 5 60644 14 60672 60 60783 3 60901 13 60928 60 61159 10 61184 61 61418 6 61440 61 61696 61 61952 62 62208 63 62464 65 62620 7 62720 68 62871 13 62976 70 63125 16 63232 71 63374 23 63488 71 63626 27 63744 71 63879 30 63936 3 64000 71 64134 31 64191 5 64256 71 64389 32 64445 8 64512 71 64643 35 64700 11 64768 71 64897 35 64958 6 65024 54 65080 13 65153 33 65280 52 65339 3 65410 32
722180,0 231 256 231 512 231 768 232 1024 232 1280 232 1536 232 1792 233 2048 233 2304 233 2560 234 2816 234 3072 234 3328 235 3584 235 3840 235 4096 235 4352 236 4608 236 4864 236 5120 236 5376 237 5632 237 5888 237 6144 237 6400 237 6656 238 6912 238 7168 238 7424 239 7680 239 7936 239 8192 239 8448 239 8704 240 8960 240 9216 240 9472 240 9728 241 9984 241 10240 241 10496 241 10752 241 11008 242 11264 242 11520 242 11776 242 12032 242 12288 243 12544 243 12800 243 13056 243 13312 243 13568 243 13824 244 14080 244 14336 244 14592 244 14848 244 15104 245 15360 245 15616 245 15872 245 16128 245 16384 246 16640 246 16896 246 17152 246 17408 247 17664 247 17920 247 18176 247 18432 248 18688 248 18944 248 19200 248 19456 249 19712 249 19968 249 20224 249 20480 249 20736 250 20992 250 21248 250 21504 250 21760 251 22016 251 22272 251 22528 251 22784 252 23040 252 23296 252 23552 253 23808 253 24064 253 24320 253 24576 253 24832 254 25088 254 25344 254 25600 25631 51237 248 51494 246 51751 244 52008 243 52264 242 52520 242 52776 242 53033 241 53289 241 53545 241 53800 242 54056 243 54311 244 54567 244 54822 245 55077 247 55333 247 55588 248 55844 248 56099 249 56355 249 56610 250 56866 250 57122 249 57378 249 57634 247 57890 246 58146 245 58402 244 58658 243 58915 242 59171 242 59427 241 59683 241 59939 241 60196 239 60452 87 60542 149 60709 84 60799 148 60965 83 61056 148 61221 82 61312 149 61477 81 61568 150 61733 80 61823 151 61990 80 62078 153 62246 82 62332 156 62503 241 62760 241 63017 240 63275 238 63533 237 63790 236 64047 235 64303 236 64559 236 64816 233 65075 230 65332 204
602248,0 65536
000084,0 65536
000071, 
000005,0 65536
000034,199 57 456 56 712 56 967 57 1027 1 1222 58 1478 58 1734 58 1989 59 2245 59 2500 60 2755 61 3008 64 3258 70 3512 72 3767 73 4023 73 4278 74 4534 74 4789 75 5044 76 5299 77 5552 80 5799 89 6051 93 6304 96 6554 102 6804 108 7052 116 7306 118 7560 120 7815 121 8072 120 8328 120 8585 119 8842 118 9098 118 9355 117 9612 116 9868 116 10124 116 10381 115 10637 115 10893 115 11150 114 11407 113 11664 112 11921 111 12177 111 12433 111 12689 111 12945 111 13201 111 13457 111 13713 111 13969 111 14225 111 14481 111 14738 110 14994 110 15251 109 15507 109 15763 109 16019 109 16274 110 16530 110 16785 111 17041 111 17297 111 17552 112 17808 112 18064 112 18319 113 18575 113 18831 113 19087 113 19342 114 19598 114 19854 114 20110 114 20366 114 20622 114 20878 114 21134 114 21390 114 21646 114 21902 114 22159 113 22415 113 22671 113 22927 113 23183 113 23439 113 23695 113 23951 113 24206 114 24462 114 24717 115 24973 115 25228 116 25483 117 25739 117 25995 117 26251 117 26507 117 26763 117 27019 117 27275 117 27532 116 27788 116 28044 116 28300 116 28557 115 28813 115 29069 115 29325 115 29582 114 29838 114 30095 113 30351 113 30608 112 30864 112 31121 111 31377 111 31633 111 31889 111 32145 111 32401 111 32657 111 32913 111 33169 111 33425 61 33489 47 33681 58 33747 45 33937 55 34005 43 34193 53 34263 41 34450 50 34520 40 34711 44 34777 39 34973 36 35034 38 35231 27 35291 37 35488 24 35548 36 35746 20 35805 35 36004 15 36063 33 36264 7 36320 32 36578 14 36596 12 36836 10 36857 4 36863 1 37094 5 54687 1 54941 4 55196 6 55449 9 55699 15 55952 19 56205 22 56459 25 56712 29 56963 35 57218 37 57474 37 57730 37 57986 38 58243 37 58499 37 58755 36 59011 36 59268 35 59529 29 59787 26 60044 24 60301 22 60559 19 60816 17 61061 2 61074 14 61316 5 61332 11 61571 7 61591 6 61826 8 62082 8 62338 8 62595 6 62852 4
863209,0 153 160 249 415 252 669 9313 9983 255 10239 255 10495 239 10738 12 10751 238 10994 12 11007 238 11250 12 11263 237 11506 12 11520 236 11762 11 11776 236 12018 11 12032 236 12288 235 12544 234 12800 233 13056 232 13312 222 13568 220 13824 219 14080 218 14336 216 14592 210 14848 208 15104 207 15360 206 15616 204 15872 203 16128 202 16384 199 16640 197 16896 195 17152 179 17408 177 17664 175 17920 172 18176 166 18432 163 18688 161 18944 147 19097 5 19200 145 19456 144 19712 142 19968 141 20224 140 20480 137 20736 134 20992 119 21248 116 21504 114 21760 113 22016 112 22272 111 22528 110 22784 108 23040 105 23296 104 23552 102 23808 95 23906 2 24064 89 24320 87 24576 86 24832 86 25088 84 25344 82 25600 76 25856 74 26112 73 26368 71 26624 62 26689 2 26880 59 27136 57 27392 55 27648 42 27904 27 28160 24 28416 23 28672 22 28928 21 29184 20 29440 18 29696 8 29952 7 30210 3
565798, 
455136,0 65536
636405,0 65536
000057,0 65536
000072,0 65536
535798,0 24 67 5 122 76 256 23 379 42 425 28 512 23 580 4 635 74 768 24 835 9 890 76 1012 35 1090 11 1147 75 1267 35 1346 12 1403 74 1523 34 1601 13 1659 74 1779 32 1857 15 1916 74 2035 31 2112 17 2172 75 2291 31 2367 19 2428 77 2547 31 2623 22 2684 81 2802 33 2879 25 2941 83 3058 34 3134 28 3197 84 3314 34 3390 30 3454 83 3570 35 3646 32 3710 20 3735 57 3825 36 3902 35 3967 18 3991 57 4080 37 4158 38 4224 16 4248 55 4330 42 4413 42 4481 15 4504 55 4586 42 4669 45 4737 15 4759 56 4842 42 4925 52 4993 16 5015 55 5099 40 5181 54 5249 16 5270 56 5356 39 5436 56 5505 18 5524 57 5612 38 5692 57 5761 76 5868 38 5948 57 6016 76 6124 37 6204 57 6272 76 6381 36 6460 58 6528 75 6637 36 6715 58 6783 76 6894 36 6971 58 7039 76 7152 35 7223 61 7295 76 7424 20 7478 62 7551 77 7680 21 7734 62 7807 79 7936 23 7991 60 8064 78 8192 23 8247 60 8322 77 8448 23 8504 59 8579 76 8704 23 8760 59 8836 74 8960 23 9016 60 9093 73 9216 22 9272 60 9350 71 9472 22 9528 61 9607 68 9728 23 9784 62 9864 65 9984 23 10040 63 10121 63 10240 24 10296 63 10378 61 10496 25 10553 63 10634 60 10752 25 10809 64 10890 59 11008 25 11065 64 11146 59 11264 25 11321 64 11402 58 11520 24 11577 64 11658 57 11776 22 11833 65 11914 56 12032 21 12089 65 12170 55 12288 20 12345 65 12415 1 12426 53 12544 20 12601 72 12684 8 12694 40 12800 19 12857 73 12951 37 13056 18 13113 73 13207 36 13312 18 13369 74 13463 34 13568 16 13625 74 13720 33 13824 14 13881 74 13976 32 14080 11 14137 74 14232 32 14336 10 14392 75 14488 32 14592 10 14648 75 14743 33 14848 10 14903 76 14999 33 15104 10 15158 77 15255 33 15360 11 15413 78 15512 31 15616 11 15668 79 15768 31 15872 11 15923 80 16024 31 16128 11 16177 81 16281 29 16384 11 16433 79 16538 26 16640 11 16688 77 16794 20 16896 11 16945 75 17051 17 17152 11 17201 73 17309 14 17408 11 17457 72 17566 11 17664 12 17713 71 17824 7 17920 12 17969 70 18176 12 18225 70 18432 12 18481 70 18688 12 18737 70 18900 6 18944 12 18993 71 19154 11 19200 11 19249 71 19409 14 19456 11 19506 71 19664 17 19712 10 19763 70 19918 21 19968 9 20022 68 20171 25 20224 8 20281 65 20424 29 20480 8 20539 64 20678 32 20736 7 20803 56 20933 35 20992 7 21061 55 21189 37 21248 7 21317 55 21444 41 21504 9 21574 54 21700 43 21760 15 21780 1 21830 54 21956 45 22016 25 22087 6 22096 43 22212 46 22272 27 22344 3 22353 42 22469 46 22528 29 22610 41 22725 47 22784 32 22866 40 22981 48 23040 34 23123 38 23237 48 23296 35 23380 37 23494 48 23552 36 23637 35 23750 48 23808 37 23894 34 24006 49 24064 37 24151 32 24263 48 24320 38 24408 30 24519 48 24576 38 24665 28 24775 48 24832 38 24922 27 24953 11 24981 8 25031 49 25088 39 25179 25 25207 16 25235 12 25287 49 25344 40 25391 2 25436 24 25462 19 25489 19 25542 50 25600 41 25645 6 25693 9 25705 10 25717 50 25797 51 25856 52 25950 6 25963 7 25972 52 26046 58 26112 53 26207 3 26228 54 26302 58 26368 53 26483 56 26559 58 26624 53 26739 19 26760 36 26815 58 26880 52 26996 17 27019 33 27072 115 27253 15 27276 33 27329 113 27470 5 27514 9 27532 33 27588 110 27725 7 27771 8 27788 33 27846 108 27979 11 28027 9 28044 32 28103 107 28224 5 28233 14 28282 11 28299 33 28360 106 28479 26 28537 14 28553 35 28618 105 28734 29 28792 51 28875 104 28989 33 29026 5 29044 55 29134 102 29244 48 29296 58 29392 101 29499 111 29650 216 29908 35 29946 175 30165 34 30203 174 30422 33 30460 173 30679 32 30717 172 30935 32 30974 170 31192 31 31232 168 31448 31 31488 168 31705 29 31744 168 31962 28 32000 167 32219 27 32256 167 32476 26 32512 166 32733 24 32768 166 32943 1 32990 22 33024 166 33196 7 33247 20 33280 166 33451 10 33504 11 33536 167 33706 13 33761 9 33792 185 34019 5 34048 186 34304 187 34560 188 34816 189 35072 189 35328 190 35584 191 35840 198 36096 200 36352 202 36608 204 36864 205 37120 206 37376 6 37386 197 37632 4 37644 195 37889 1 37901 194 38157 195 38413 194 38669 194 38925 192 39180 192 39436 191 39691 192 39946 193 40201 194 40456 195 40710 197 40964 199 41219 200 41475 200 41731 200 41987 105 42097 89 42206 2 42243 102 42354 87 42461 3 42499 101 42610 86 42717 3 42755 100 42866 84 42972 4 43011 99 43122 82 43228 3 43266 100 43378 80 43484 1 43522 100 43633 80 43745 12 43777 101 43888 81 43999 16 44032 102 44144 81 44254 20 44288 103 44399 82 44506 25 44544 103 44655 82 44761 26 44800 104 44910 84 45017 26 45056 104 45166 84 45273 27 45312 105 45420 87 45529 27 45568 195 45785 27 45824 195 46041 27 46080 195 46297 28 46336 195 46553 28 46592 155 46751 36 46809 30 46848 154 47007 36 47065 31 47104 152 47263 35 47322 31 47360 151 47520 33 47578 32 47616 150 47776 32 47834 34 47872 149 48033 30 48090 35 48128 148 48289 29 48346 35 48384 146 48546 28 48602 35 48640 145 48803 26 48859 34 48896 144 49060 25 49115 34 49152 5 49161 134 49317 23 49371 34 49409 2 49419 105 49526 25 49574 22 49628 33 49675 105 49784 22 49831 20 49884 33 49932 104 50041 21 50089 18 50141 32 50189 103 50310 7 50347 15 50397 32 50445 103 50567 6 50606 11 50654 31 50701 104 50823 6 50865 7 50911 29 50957 104 51079 6 51167 29 51213 105 51335 7 51424 27 51468 107 51591 7 51681 25 51716 115 51847 7 51938 23 51971 117 52103 7 52195 22 52226 119 52359 7 52452 19 52482 120 52615 7 52722 4 52737 121 52871 7 52993 122 53127 7 53249 61 53312 59 53384 7 53505 59 53569 59 53640 7 53761 58 53824 60 53897 6 54017 58 54080 60 54153 8 54273 57 54336 60 54410 11 54433 2 54530 56 54591 62 54666 13 54686 7 54786 55 54847 62 54922 28 55041 55 55103 61 55177 30 55297 53 55359 61 55433 30 55552 49 55614 62 55688 7 55698 21 55808 49 55870 62 55944 6 55954 21 56064 49 56125 63 56200 6 56210 21 56320 49 56381 64 56456 6 56465 23 56576 49 56636 65 56711 7 56720 24 56832 49 56892 67 56967 35 57088 49 57147 69 57223 37 57344 49 57403 70 57478 39 57600 49 57659 115 57856 48 57915 116 58112 48 58172 115 58368 47 58430 114 58624 47 58693 107 58880 46 58950 106 59136 46 59207 106 59392 45 59463 106 59648 45 59720 105 59904 44 59977 105 60160 44 60234 105 60416 15 60441 18 60490 105 60672 13 60699 15 60747 105 60928 12 60957 11 61004 105 61184 11 61217 2 61261 105 61440 10 61518 104 61696 10 61775 104 61952 9 62032 103 62208 9 62288 103 62464 9 62545 102 62720 9 62802 101 62976 9 63059 100 63232 10 63317 97 63488 14 63574 96 63744 22 63831 94 64000 23 64088 91 64256 25 64345 5 64351 81 64512 28 64601 3 64609 73 64768 31 64857 3 64866 70 65024 30 65123 67 65280 28 65379 66
944809, 
000058,0 65536
386606,0 65536
000035,1 157 172 51 224 32 257 157 428 49 482 189 684 243 940 244 1196 244 1453 244 1709 245 1965 245 2222 245 2479 245 2735 246 2992 246 3249 246 3505 247 3762 248 4019 249 4277 248 4535 248 4792 247 5049 247 5305 248 5561 249 5817 249 6072 251 6328 253 6583 3145 9729 255 9985 255 10242 254 10499 17 10519 233 10758 13 10775 233 11016 10 11030 234 11285 235 11541 235 11796 236 12051 237 12307 237 12563 237 12818 238 13074 238 13330 242 13586 243 13842 244 14098 245 14354 246 14610 247 14866 248 15121 252 15376 7554 22931 253 23188 243 23444 239 23701 234 23956 232 24212 231 24468 17 24495 204 24724 8 24752 203 24980 6 25010 201 25236 5 25268 200 25492 4 25525 199 25782 199 26038 199 26295 198 26552 198 26808 198 27065 197 27322 196 27579 196 27836 202 28092 211 28349 213 28605 214 28861 215 29118 215 29374 216 29630 216 29886 217 30142 218 30398 219 30654 220 30909 224 31165 227 31420 231 31674 235 31926 241 32180 245 32435 248 32689 8705 41395 253 41653 251 41910 250 42167 248 42424 247 42681 246 42937 247 43194 246 43450 246 43705 247 43961 246 44217 246 44473 246 44728 247 44984 247 45240 248 45494 2960 48459 248 48717 243 48974 242 49231 242 49488 242 49745 242 50002 189 50197 47 50258 186 50455 45 50514 185 50712 44 50770 184 50968 45 51027 183 51225 44 51283 182 51481 44 51539 181 51738 42 51795 180 51994 42 52052 172 52225 3 52250 42 52308 172 52506 40 52564 172 52762 36 52820 172 53018 35 53077 171 53274 35 53333 175 53530 36 53589 177 53786 38 53844 184 54041 41 54100 239 54355 240 54610 242 54865 243 55120 244 55374 246 55629 248 55883 252 56137 9399
562305, 
478603,0 65536
136374,907 1 1163 1 31232 4 31488 4 31744 4 32000 4 32256 4 32512 4 32768 4 33026 2 33282 2 33538 2 33794 2 34051 1 34307 1 34563 1 37899 4 38154 6 38403 2 38408 8 38659 13 38915 13 39171 13 39427 12 39683 12 39939 10 40194 9 40450 9 40704 11 40960 12 41216 13 41472 14 41728 14 41984 14 42240 15 42496 15 42752 14 43008 14 43264 14 43520 14 43776 13 44032 13 44288 12 44544 12 44800 11 45056 11 45312 10 45568 10 45824 10 46080 9 46336 9 46592 9 46848 9 47104 8 47360 8 47616 8 47873 6 48130 4 48387 2
217771,0 65536
000097, 
169327,0 65536
000037, 
269087,0 52224 52225 255 52483 253 52741 251 52998 250 53254 250 53510 250 53766 250 54021 251 54277 251 54533 251 54789 251 55045 251 55301 251 55557 251 55813 251 56069 251 56325 251 56581 251 56838 250 57094 250 57350 250 57606 250 57862 250 58119 249 58375 249 58631 249 58887 249 59143 249 59399 249 59655 249 59911 249 60167 249 60423 249 60675 2 60678 250 60929 4607
694806,73 10 86 24 126 35 185 38 232 16 330 8 343 23 382 35 443 4 451 27 491 13 585 10 599 24 638 35 699 35 745 15 839 40 894 35 956 36 998 19 1093 41 1151 34 1215 34 1252 20 1340 50 1407 34 1476 29 1507 10 1594 52 1663 34 1733 39 1849 52 1920 32 1989 39 2104 53 2177 31 2244 40 2360 52 2435 29 2500 40 2615 52 2693 27 2755 41 2871 50 2950 25 3010 42 3126 39 3207 24 3266 42 3382 39 3464 22 3521 43 3637 39 3721 19 3777 44 3892 40 3979 10 4032 45 4148 40 4237 5 4288 45 4404 39 4543 45 4660 39 4799 45 4915 39 5054 46 5172 37 5310 45 5428 35 5566 44 5684 34 5822 43 5941 32 6078 41 6198 30 6334 38 6456 27 6590 32 6718 8 6731 7 6846 31 7102 30 7359 29 7425 2 7615 28 7681 2 7872 27 8128 26 8384 26 8640 26 8897 25 9153 25 9409 25 9665 26 9921 26 10177 27 10434 27 10690 28 10947 27 11204 26 11461 25 11720 21 11979 17 12241 10 12501 3 13351 8 13605 12 13859 15 14113 18 14292 8 14368 20 14547 13 14622 22 14802 15 14877 24 15057 17 15131 26 15313 18 15386 28 15570 17 15641 30 15826 17 15897 31 16083 16 16152 33 16340 14 16408 35 16597 13 16664 37 16854 12 16920 38 17110 11 17177 37 17366 11 17433 38 17622 11 17689 39 17879 9 17945 39 18135 8 18202 38 18393 5 18458 39 18714 39 18969 40 19225 40 19481 40 19736 40 19992 40 20247 41 20503 41 20758 41 21014 41 21270 41 21526 41 21782 41 22038 40 22294 40 22550 40 22806 39 23063 38 23319 37 23576 36 23832 36 24090 34 24349 31 24608 28 24866 27 25124 25 25381 24 25638 24 25895 23 26151 23 26408 22 26624 9 26646 8 26664 22 26880 10 26900 12 26921 21 27136 11 27155 15 27178 20 27392 13 27409 18 27435 18 27648 35 27692 16 27904 36 27950 13 28160 36 28209 8 28416 36 28672 37 28866 2 28928 37 29121 3 29184 37 29374 6 29440 37 29630 5 29696 37 29886 5 29952 37 30143 3 30208 37 30464 37 30720 37 30976 37 31232 37 31488 36 31744 36 32000 35 32256 35 32512 34 32768 33 33024 31 33280 28 33536 24 33792 23 34048 22 34304 21 34560 20 34816 20 35072 19 35328 19 35584 18 35840 18 36096 18 36242 8 36354 15 36497 11 36613 12 36753 12 36872 8 37008 15 37264 16 37519 17 37775 18 38004 7 38030 20 38108 6 38254 15 38286 23 38345 28 38507 20 38541 28 38597 33 38762 22 38797 30 38851 37 38911 1 39017 24 39053 30 39106 39 39164 1 39166 2 39272 26 39309 31 39361 41 39420 4 39527 27 39565 32 39616 42 39675 5 39782 28 39821 32 39871 44 39930 6 40037 30 40077 32 40126 46 40186 6 40293 30 40333 33 40381 48 40441 7 40548 31 40589 33 40635 51 40697 7 40803 32 40845 34 40888 56 40952 8 41058 33 41101 35 41142 59 41207 9 41313 34 41357 102 41462 10 41569 34 41614 114 41825 34 41870 114 42080 35 42127 113 42336 35 42383 113 42515 5 42592 35 42640 112 42766 12 42848 35 42897 111 43017 18 43080 8 43104 35 43153 111 43270 23 43334 11 43360 35 43410 110 43524 26 43588 14 43617 34 43666 110 43779 29 43826 6 43843 16 43873 34 43922 143 44080 10 44098 19 44128 36 44177 145 44335 13 44354 20 44383 36 44432 147 44591 14 44609 66 44687 148 44846 85 44941 151 45102 85 45195 152 45358 86 45450 153 45614 87 45704 154 45870 244 46126 243 46383 241 46639 241 46895 240 47151 240 47407 239 47663 239 47919 239 48175 239 48431 239 48687 239 48943 239 49199 239 49455 239 49711 238 49968 237 50224 236 50480 236 50737 234 50993 234 51250 232 51506 232 51763 231 52020 229 52278 227 52535 226 52793 223 53050 222 53308 219 53566 216 53823 214 54080 212 54336 211 54592 210 54848 210 55104 70 55176 138 55360 68 55432 138 55616 68 55689 136 55872 67 55945 136 56128 68 56200 136 56385 191 56577 15 56641 191 56835 11 56898 17 56919 169 57096 4 57155 14 57179 165 57412 13 57447 153 57669 11 57704 152 57926 9 57960 152 58182 9 58216 152 58439 6 58473 151 58697 2 58729 151 58986 150 59242 150 59499 149 59755 149 60011 149 60267 149 60523 149 60779 149 61034 150 61290 150 61546 150 61801 151 62057 151 62313 151 62569 151 62825 151 63082 68 63153 79 63338 67 63410 78 63594 68 63666 78 63849 75 63928 72 64105 74 64186 70 64361 75 64443 69 64617 30 64649 44 64699 69 64872 30 64906 43 64955 69 65129 28 65163 40 65212 68 65385 28 65420 38 65469 67
190259,0 219 256 218 512 219 768 219 1024 219 1280 219 1536 219 1792 219 2048 219 2304 219 2560 219 2816 220 3072 220 3328 221 3584 221 3840 222 4096 222 4352 223 4608 224 4864 238 5120 240 5376 241 5632 241 5888 242 6144 242 6400 242 6656 243 6912 243 7168 243 7424 243 7680 243 7936 244 8192 244 8448 244 8704 244 8960 244 9216 244 9472 244 9728 244 9984 244 10240 244 10496 243 10752 243 11008 242 11264 242 11520 241 11776 240 12032 229 12263 8 12288 208 12499 7 12544 207 12800 206 13056 205 13312 204 13568 203 13824 203 14080 202 14336 201 14592 200 14848 164 15016 31 15104 163 15273 29 15360 162 15530 27 15616 161 15787 26 15872 161 16045 23 16128 160 16304 20 16384 160 16563 17 16640 160 16821 14 16896 159 17078 12 17152 159 17337 7 17408 160 17664 160 17920 160 18176 160 18432 161 18688 161 18944 162 19200 162 19456 163 19712 163 19968 163 20224 163 20480 163 20736 163 20992 163 21248 163 21504 163 21760 163 22016 163 22272 162 22528 162 22784 162 23040 162 23296 162 23552 162 23808 117 23926 44 24064 115 24191 35 24320 115 24448 34 24576 114 24704 34 24832 114 24960 34 25088 113 25216 33 25344 113 25471 34 25600 113 25727 33 25856 112 25982 34 26112 111 26238 33 26368 110 26494 33 26624 108 26749 33 26880 86 26968 19 27005 33 27136 84 27226 16 27261 32 27392 83 27483 14 27517 31 27648 83 27740 12 27774 30 27904 82 27996 11 28030 30 28123 7 28160 82 28253 9 28287 29 28377 11 28416 81 28511 6 28544 27 28632 13 28672 80 28801 26 28887 16 28928 80 29058 25 29142 18 29184 80 29316 23 29397 20 29440 79 29573 21 29652 22 29696 79 29830 20 29908 23 29952 79 30086 19 30163 25 30208 79 30342 19 30419 25 30464 78 30599 17 30675 26 30720 78 30856 15 30932 25 30976 77 31113 13 31188 25 31232 76 31371 10 31446 23 31488 75 31630 4 31704 21 31744 72 31963 17 32000 56 32063 6 32221 15 32256 54 32478 13 32512 52 32736 10 32768 50 32993 8 33024 48 33251 5 33280 47 33536 46 33792 44 34048 42 34304 40 34560 39 34816 39 35072 39 35328 39 35584 39 35840 39 36096 39 36352 39 36608 39 36864 39 37120 39 37376 39 37632 39 37888 38 38144 38 38400 37 38656 36 38912 34 39168 30 39424 25 39680 24 39936 22 40192 21 40448 19 40704 16 40818 4 40960 12 41071 9 41216 11 41326 12 41472 11 41581 14 41728 10 41837 15 41984 10 42092 17 42240 10 42348 18 42496 10 42604 18 42752 10 42859 20 43008 10 43115 20 43264 10 43371 21 43520 10 43627 21 43749 4 43776 10 43883 22 43911 6 44002 9 44032 10 44139 23 44166 8 44254 13 44288 10 44330 13 44395 24 44421 10 44507 17 44544 10 44584 16 44651 37 44762 19 44800 10 44839 18 44908 37 45017 21 45056 9 45094 19 45164 38 45272 24 45312 9 45349 20 45420 39 45528 29 45568 9 45605 19 45677 39 45784 33 45824 8 45861 19 45933 40 46039 36 46080 8 46116 20 46190 39 46295 38 46336 8 46372 19 46447 39 46550 50 46628 18 46704 38 46806 49 46884 18 46961 37 47061 50 47140 18 47221 34 47317 49 47396 18 47480 31 47573 48 47652 18 47738 29 47829 47 47908 18 47995 28 48084 44 48163 19 48252 27 48338 46 48419 20 48508 27 48592 48 48674 21 48764 28 48846 50 48930 21 49021 28 49101 51 49176 2 49185 22 49277 30 49355 53 49429 7 49439 24 49534 31 49609 55 49684 36 49790 34 49863 57 49939 37 50047 39 50091 9 50117 59 50195 37 50304 53 50372 60 50450 39 50560 54 50628 60 50706 39 50817 55 50883 61 50962 39 51073 56 51139 61 51217 40 51330 56 51396 60 51473 41 51586 58 51655 57 51729 41 51842 59 51913 55 51985 40 52098 60 52170 54 52241 40 52353 62 52427 53 52497 40 52609 62 52683 53 52753 40 52849 6 52865 62 52940 52 53010 39 53100 13 53120 64 53195 53 53266 38 53354 16 53376 64 53451 53 53522 38 53609 19 53630 66 53706 54 53779 37 53864 89 53961 55 54035 36 54119 90 54217 55 54292 35 54373 92 54472 56 54549 34 54625 97 54727 57 54805 34 54879 99 54983 57 55062 32 55134 100 55239 57 55319 30 55389 102 55495 57 55575 30 55644 103 55752 56 55832 28 55899 104 56008 56 56088 26 56155 105 56266 54 56344 24 56411 105 56524 52 56601 16 56666 106 56783 49 56858 12 56922 107 57041 47 57116 8 57178 66 57245 40 57299 45 57434 66 57502 39 57566 34 57689 66 57760 37 57824 32 57945 66 58018 35 58082 30 58199 68 58276 33 58339 29 58454 69 58534 31 58596 28 58709 70 58793 28 58852 28 58964 70 59051 26 59108 28 59218 71 59309 24 59364 28 59473 72 59566 23 59620 28 59720 80 59823 21 59876 28 59973 83 60079 21 60132 28 60227 85 60336 18 60388 28 60482 86 60592 17 60644 28 60737 87 60849 15 60900 28 60993 87 61106 13 61156 28 61248 89 61363 11 61412 28 61504 90 61601 4 61621 8 61668 28 61759 92 61855 9 61925 27 62014 109 62181 27 62268 111 62437 27 62523 113 62694 14 62711 9 62778 114 62950 13 62969 7 63033 115 63207 11 63227 5 63288 116 63463 10 63485 3 63543 118 63720 8 63799 118 63976 7 64054 119 64234 3 64310 119 64566 119 64822 120 65078 120 65334 121
451709,0 214 238 231 496 13 511 214 751 230 1005 231 1260 229 1516 228 1770 8 1779 220 2024 8 2037 218 2279 8 2294 217 2533 11 2550 216 2786 14 2806 216 3041 16 3060 218 3296 238 3551 239 3806 240 4062 240 4318 240 4574 240 4830 240 5086 239 5342 239 5599 238 5855 237 6112 236 6368 236 6625 235 6881 235 7137 235 7392 237 7648 238 7903 240 8159 240 8414 242 8670 242 8926 241 9181 242 9437 242 9693 242 9949 242 10205 242 10461 242 10718 242 10974 175 11154 62 11231 173 11411 61 11487 173 11667 62 11744 172 11923 62 12000 172 12178 64 12257 172 12432 67 12514 241 12771 241 13029 240 13287 239 13544 238 13801 238 14058 237 14315 237 14571 237 14828 237 15084 237 15341 6 15353 225 15611 223 15868 222 16127 220 16384 219 16640 219 16896 220 17152 221 17408 222 17664 224 17920 226 18176 228 18432 229 18688 230 18944 231 19200 232 19456 233 19712 233 19968 233 20224 233 20480 234 20736 234 20992 235 21248 237 21504 239 21760 240 22016 240 22272 241 22528 241 22784 241 23040 242 23296 242 23552 242 23808 242 24064 242 24320 243 24576 244 24832 245 25088 246 25344 247 25600 248 25856 248 26112 249 26368 249 26624 249 26880 48 26929 199 27136 48 27185 199 27392 48 27441 199 27648 48 27698 198 27904 48 27954 197 28160 48 28210 197 28416 48 28467 196 28672 48 28723 196 28928 48 28980 195 29184 48 29237 194 29440 47 29495 192 29696 47 29751 192 29952 47 30007 192 30208 47 30263 193 30463 48 30520 247 30776 247 31034 245 31293 242 31551 11 31564 227 31822 225 32079 225 32335 225 32591 225 32848 176 33026 2 33032 40 33104 176 33289 39 33359 177 33546 37 33614 178 33803 36 33856 192 34059 36 34110 194 34315 36 34364 196 34571 38 34619 197 34827 40 34874 198 35083 245 35338 246 35594 246 35841 1 35849 251 36105 251 36360 253 36615 6148 42771 237 43009 8 43030 234 43265 6 43287 233 43521 5 43544 232 43777 4 43800 232 44034 3 44056 232 44291 1 44311 233 44566 234 44807 7 44821 235 45061 251 45315 251 45567 1 45571 250 45825 251 46080 250 46336 253 46592 254 46847 4607 51456 254 51712 253 51968 253 52224 252 52480 250 52736 248 52992 217 53211 27 53248 214 53478 11 53504 213 53760 212 54016 212 54272 212 54528 212 54784 212 55040 213 55296 213 55552 213 55808 212 56064 212 56320 212 56576 211 56832 176 57016 27 57088 173 57274 25 57344 171 57531 24 57600 169 57789 22 57856 168 58046 20 58112 168 58303 19 58368 168 58560 18 58624 168 58818 15 58879 170 59075 14 59135 170 59334 9 59391 171 59647 172 59903 173 60160 172 60416 173 60672 174 60928 175 61184 176 61440 177 61696 178 61952 178 62208 178 62464 178 62720 178 62976 178 63232 178 63488 178 63744 178 64000 178 64256 178 64512 178 64768 179 65024 179 65280 117 65400 58 65535 1
254228,0 65536
468422,0 65536
804179,3 19 25 231 261 16 282 230 517 18 536 232 771 253 1027 253 1283 253 1538 254 1794 254 2050 254 2306 254 2562 254 2818 254 3074 254 3330 254 3586 254 3841 255 4097 255 4353 255 4609 60927
863933,0 65536
112782,0 65536
157706,0 91 103 3 116 74 256 62 320 8 329 14 373 74 512 92 629 74 768 94 885 74 1024 94 1142 73 1280 93 1398 73 1536 91 1655 72 1792 90 1911 72 2048 89 2168 71 2304 88 2425 71 2560 87 2682 70 2816 86 2939 70 3072 85 3195 70 3328 85 3452 70 3584 84 3708 70 3840 83 3964 71 4096 83 4220 71 4352 81 4475 73 4608 80 4731 73 4864 78 4987 74 5120 77 5243 74 5376 77 5499 75 5632 76 5756 74 5888 76 6012 74 6144 75 6269 74 6400 75 6525 74 6656 74 6781 74 6912 74 7037 75 7168 72 7293 75 7424 70 7549 75 7680 69 7803 78 7936 41 7987 16 8055 82 8192 39 8246 10 8307 86 8448 37 8505 4 8560 90 8704 34 8807 99 8960 32 9061 101 9216 30 9316 102 9472 29 9572 103 9728 27 9827 104 9984 26 10083 104 10240 25 10338 105 10496 23 10593 107 10752 21 10846 110 11008 20 11086 5 11099 113 11264 18 11338 13 11352 117 11520 16 11592 133 11776 15 11847 134 12032 14 12102 136 12288 14 12357 137 12544 13 12612 138 12800 13 12867 140 13056 13 13122 141 13312 13 13377 142 13568 13 13631 145 13824 13 13885 147 14080 13 14140 148 14336 13 14395 150 14592 13 14649 152 14848 13 14905 152 15104 14 15160 153 15360 14 15416 154 15616 14 15671 155 15872 14 15927 155 16128 14 16183 156 16384 14 16439 156 16640 14 16695 156 16896 14 16951 156 17152 14 17208 156 17408 14 17464 156 17664 14 17720 157 17920 14 17977 156 18176 13 18233 156 18432 13 18488 158 18688 12 18744 158 18944 12 18999 159 19200 11 19253 162 19456 10 19508 163 19712 9 19763 164 19968 8 20018 166 20224 7 20274 166 20480 7 20530 166 20736 6 20787 166 20992 6 21044 165 21248 5 21316 114 21431 34 21504 5 21578 106 21690 32 21760 4 21835 105 21948 30 22017 2 22091 104 22205 29 22347 104 22462 28 22603 104 22718 29 22859 104 22974 29 23115 105 23231 28 23371 34 23410 67 23487 28 23627 33 23666 67 23743 28 23883 31 23921 69 23999 29 24140 29 24176 71 24255 29 24396 27 24431 73 24512 28 24653 22 24685 75 24768 28 24909 20 24939 77 25025 28 25165 20 25192 81 25282 27 25421 20 25446 83 25540 25 25677 21 25700 85 25797 24 25933 109 26055 23 26189 109 26312 22 26414 12 26445 109 26569 21 26669 16 26701 109 26826 20 26924 18 26957 110 27082 21 27179 20 27213 110 27339 20 27405 3 27435 22 27468 111 27595 20 27657 11 27691 23 27724 112 27852 19 27911 15 27946 25 27978 114 28108 19 28163 21 28202 27 28231 118 28365 18 28418 23 28458 147 28621 18 28672 26 28713 149 28878 17 28928 27 28969 150 29135 16 29184 28 29225 151 29392 15 29440 28 29481 151 29649 13 29696 28 29738 151 29907 10 29952 29 29994 152 30164 9 30208 29 30252 150 30423 5 30464 29 30509 149 30720 29 30766 148 30976 29 31022 148 31232 28 31278 148 31488 28 31534 148 31744 28 31789 149 32000 28 32044 150 32220 2 32256 28 32299 151 32476 2 32512 28 32553 153 32732 2 32768 30 32801 162 33024 196 33280 197 33536 197 33792 199 34048 200 34304 200 34560 201 34816 201 35072 202 35294 7 35328 202 35547 11 35584 203 35801 14 35840 203 36056 16 36096 143 36244 55 36310 18 36352 141 36501 55 36565 20 36608 140 36757 55 36821 21 36864 140 37013 56 37076 22 37120 139 37270 56 37331 24 37376 139 37526 57 37585 26 37632 139 37782 86 37888 139 38038 86 38144 139 38294 86 38400 139 38550 87 38656 140 38806 87 38912 140 39061 89 39168 141 39317 89 39424 142 39571 91 39680 239 39936 239 40192 153 40346 85 40448 151 40604 83 40704 150 40862 82 40960 150 41119 81 41216 150 41384 72 41472 150 41650 63 41728 151 41906 63 41984 151 42162 63 42240 152 42418 64 42496 153 42674 64 42752 153 42930 65 43008 153 43186 65 43264 153 43442 66 43520 154 43698 66 43776 154 43953 67 44032 154 44209 68 44288 154 44465 68 44544 154 44720 70 44800 154 44976 70 45056 154 45231 71 45312 154 45487 72 45568 154 45743 72 45824 154 45999 72 46080 154 46256 72 46336 154 46514 70 46592 155 46772 69 46848 155 47029 68 47104 155 47286 67 47360 156 47543 67 47616 157 47799 67 47872 157 48055 67 48128 159 48310 68 48384 160 48566 69 48640 161 48821 70 48896 162 49077 70 49152 163 49332 72 49408 164 49587 73 49664 165 49843 73 49920 165 50099 74 50176 166 50355 74 50432 166 50611 74 50688 166 50867 75 50944 167 51123 75 51200 169 51379 75 51456 171 51636 136 51778 107 51892 135 52038 104 52148 135 52299 101 52403 135 52557 237 52814 236 53072 234 53330 231 53588 229 53851 220 54111 213 54369 206 54625 204 54882 201 55137 201 55393 200 55649 199 55904 199 56159 199 56415 198 56670 198 56925 198 57180 199 57435 200 57690 201 57946 201 58201 203 58457 204 58712 209 58968 210 59224 210 59480 211 59736 211 59992 211 60225 5 60248 211 60479 9 60504 211 60734 12 60760 210 60990 14 61016 210 61245 22 61272 209 61501 26 61528 209 61756 236 62012 236 62258 3 62267 237 62511 9 62523 236 62766 249 63021 250 63276 251 63531 252 63786 253 64042 1022 65067 253 65324 212
000042,151 4 176 5 236 20 407 4 432 5 493 19 663 4 687 7 747 21 942 9 992 32 1197 12 1247 33 1453 13 1502 34 1709 28 1757 35 1964 32 2013 35 2220 34 2269 35 2477 35 2525 35 2733 36 2781 35 2989 38 3037 35 3246 38 3293 35 3503 38 3550 34 3759 40 3806 34 4016 41 4061 35 4272 43 4316 36 4407 3 4528 80 4661 8 4784 80 4917 12 5040 80 5172 17 5296 80 5428 22 5552 80 5684 25 5808 80 5939 28 6064 80 6195 28 6319 81 6450 30 6573 83 6705 31 6828 84 6961 32 7082 54 7142 26 7216 33 7337 54 7402 22 7472 33 7593 53 7661 19 7727 35 7848 54 7919 17 7983 35 8104 54 8176 16 8239 35 8359 54 8433 15 8495 35 8615 54 8690 14 8752 34 8871 54 8947 13 9008 35 9126 54 9204 12 9264 35 9382 54 9461 11 9521 34 9638 53 9718 10 9777 34 9894 52 9975 9 10034 33 10151 50 10231 9 10290 33 10408 48 10488 8 10547 32 10665 45 10744 8 10804 30 10922 42 11000 8 11061 28 11179 38 11256 8 11319 26 11436 35 11512 8 11577 22 11693 32 11769 7 11834 19 11950 30 12025 7 12092 14 12207 28 12282 6 12350 10 12464 26 12539 5 12608 6 12721 24 12799 3 12978 23 13056 4 13236 22 13312 5 13498 17 13568 6 13755 17 13824 7 14011 18 14080 9 14267 19 14336 12 14523 20 14592 17 14779 21 14848 19 15035 22 15104 20 15290 23 15360 20 15426 3 15546 24 15616 20 15680 6 15801 25 15872 21 15935 8 16056 26 16128 21 16190 9 16311 27 16384 21 16446 9 16566 28 16640 21 16702 9 16821 29 16896 21 16958 9 17077 29 17152 21 17214 9 17332 29 17408 22 17470 8 17588 29 17664 22 17728 5 17779 9 17844 28 17920 21 17973 6 18031 15 18064 3 18100 28 18176 21 18228 9 18250 1 18284 20 18318 6 18355 28 18432 21 18483 10 18504 6 18539 22 18573 8 18612 25 18688 20 18739 11 18759 8 18794 25 18828 9 18868 13 18887 3 18944 20 18994 12 19014 10 19050 28 19082 12 19124 12 19200 19 19250 13 19269 11 19305 45 19382 10 19456 18 19506 13 19524 12 19561 45 19712 18 19762 14 19779 12 19817 46 19968 18 20017 16 20034 10 20073 47 20224 18 20273 23 20329 49 20480 19 20529 16 20585 53 20736 19 20785 15 20842 57 20992 20 21041 15 21098 59 21248 21 21297 14 21355 59 21504 21 21553 14 21611 60 21760 21 21809 14 21868 59 22016 22 22065 13 22124 59 22272 22 22322 12 22381 58 22528 22 22578 12 22595 8 22637 59 22784 22 22835 11 22849 13 22893 59 23040 22 23091 29 23149 59 23296 22 23348 30 23405 58 23552 22 23604 32 23661 58 23754 4 23808 21 23860 33 23917 58 24009 8 24064 21 24117 33 24173 58 24264 18 24320 20 24373 33 24430 56 24519 21 24576 19 24629 34 24686 55 24774 23 24832 17 24886 33 24942 54 25030 24 25088 10 25142 34 25198 53 25286 24 25344 9 25398 34 25455 51 25542 24 25600 9 25654 34 25711 52 25798 24 25856 8 25910 34 25967 52 26054 24 26112 8 26166 34 26224 52 26311 23 26368 8 26422 34 26480 53 26568 22 26624 7 26677 34 26737 52 26825 21 26880 6 26932 35 26994 52 27082 20 27137 3 27187 36 27251 51 27340 17 27443 36 27508 51 27597 15 27698 38 27765 50 27854 14 27954 39 28022 50 28111 12 28209 41 28278 50 28368 10 28466 41 28534 50 28626 6 28722 41 28790 50 28979 41 29046 50 29236 41 29302 49 29494 39 29558 49 29753 4 29761 28 29814 49 30018 28 30070 48 30274 28 30326 48 30530 28 30583 47 30785 29 30839 46 31041 29 31095 46 31297 30 31352 45 31553 30 31608 44 31809 31 31865 42 32065 32 32121 42 32321 33 32378 40 32577 34 32634 39 32834 33 32891 37 33090 34 33147 36 33347 33 33403 34 33604 32 33660 32 33860 32 33916 31 34117 31 34172 30 34375 28 34429 28 34632 27 34686 25 34891 24 34943 17 35158 12 35200 11 35416 10 35458 6 35673 8 35930 7 36081 7 36187 5 36335 11 36589 14 36843 21 37083 6 37097 23 37337 39 37592 40 37847 41 38102 42 38357 43 38514 2 38612 44 38767 10 38867 45 39022 13 39122 46 39277 16 39378 46 39533 17 39634 46 39788 19 39889 47 40044 19 40145 47 40300 20 40402 46 40557 19 40658 46 40813 19 40914 46 41069 19 41170 46 41325 19 41426 46 41581 19 41683 45 41837 19 41939 45 42092 20 42195 45 42348 20 42451 45 42603 21 42707 45 42858 22 42962 46 43114 22 43217 45 43369 23 43473 44 43625 23 43728 43 43779 8 43882 22 43984 41 44032 13 44138 22 44239 42 44288 14 44394 21 44495 41 44544 15 44651 20 44751 41 44800 15 44907 19 45006 42 45056 16 45164 16 45262 41 45312 16 45420 14 45518 40 45568 16 45677 12 45774 39 45824 16 45934 10 46031 7 46044 24 46080 16 46191 8 46302 22 46336 16 46449 4 46560 21 46592 16 46817 20 46848 15 47075 19 47103 16 47333 19 47355 19 47591 25 47617 12 47848 24 47875 9 48104 24 48133 5 48360 24 48616 24 48872 24 49128 24 49384 24 49640 24 49896 24 50151 25 50407 25 50662 26 50918 26 51173 27 51428 28 51684 28 51940 28 52196 28 52452 28 52708 28 52965 27 53222 26 53479 22 53736 13 53995 5 55646 8 55899 14 56153 20 56407 23 56660 28 56915 30 57170 31 57426 32 57681 33 57937 33 58193 33 58449 33 58704 33 58960 33 59215 33 59470 32 59725 32 59981 31 60236 31 60492 31 60747 32 61003 32 61259 32 61515 32 61771 33 62027 34 62284 34 62541 34 62797 35 63054 34 63311 34 63568 33 63824 33 64081 32 64338 32 64594 32 64850 32 65106 31 65362 31
000082,2 6 12 104 258 6 269 103 513 7 525 103 768 9 781 103 1024 8 1038 101 1280 7 1295 100 1536 7 1551 100 1791 7 1808 99 2045 3 2050 3 2064 99 2299 5 2307 1 2321 97 2554 6 2578 96 2809 7 2835 59 2896 34 3064 8 3093 56 3153 34 3319 9 3351 53 3409 34 3573 11 3609 50 3666 33 3825 15 3867 48 3923 32 4078 18 4125 45 4179 31 4333 19 4382 43 4436 30 4587 21 4639 40 4693 29 4842 22 4895 40 4949 28 5097 23 5151 40 5206 27 5333 6 5352 24 5407 40 5463 25 5587 10 5607 25 5662 42 5720 23 5842 13 5862 26 5917 43 5977 21 6097 15 6118 26 6172 45 6233 20 6353 16 6372 28 6427 47 6490 18 6608 48 6683 49 6747 15 6864 48 6938 51 7003 13 7120 48 7194 52 7260 9 7376 48 7450 53 7517 6 7631 49 7706 54 7887 49 7962 54 8141 51 8218 55 8324 1 8396 52 8474 55 8576 8 8652 52 8730 55 8830 12 8907 53 8987 54 9085 14 9162 54 9243 54 9339 18 9418 54 9500 53 9594 21 9674 54 9756 54 9829 3 9849 23 9930 54 10013 55 10083 8 10103 27 10186 54 10269 60 10338 11 10358 30 10442 54 10526 62 10592 14 10613 32 10699 53 10783 81 10867 35 10955 53 11040 119 11212 52 11296 120 11469 51 11553 119 11726 50 11809 120 11983 49 12065 120 12240 48 12319 122 12497 47 12573 124 12754 46 12828 125 13011 45 13083 126 13268 44 13338 127 13524 44 13593 128 13781 43 13848 129 14038 42 14103 41 14148 86 14295 41 14355 45 14405 85 14553 39 14608 47 14661 86 14811 37 14863 48 14918 85 15068 36 15118 49 15174 86 15325 35 15373 50 15430 86 15582 34 15629 50 15686 86 15839 33 15884 51 15942 86 16095 33 16139 53 16198 86 16351 33 16395 54 16453 86 16608 32 16650 145 16864 32 16906 144 17120 32 17162 143 17376 32 17418 142 17632 32 17674 140 17888 32 17930 139 18144 32 18182 143 18400 32 18437 144 18656 32 18692 68 18770 66 18911 33 18949 66 19029 63 19167 33 19205 66 19285 63 19422 34 19463 64 19542 61 19678 34 19721 63 19798 61 19933 35 19978 62 20054 61 20189 35 20234 63 20310 61 20444 36 20490 63 20566 61 20699 37 20746 64 20823 59 20955 37 21001 66 21079 45 21130 8 21210 38 21257 66 21336 42 21387 7 21465 39 21513 67 21592 41 21644 5 21720 40 21769 67 21849 40 21975 41 22024 69 22106 38 22230 42 22280 69 22362 38 22486 42 22536 70 22619 36 22741 43 22792 70 22876 35 22997 43 23048 71 23132 36 23253 43 23305 71 23388 36 23509 43 23561 72 23644 36 23765 43 23817 73 23900 36 24021 43 24074 72 24156 36 24278 42 24330 73 24412 36 24534 42 24586 74 24668 36 24791 41 24842 75 24924 36 25047 41 25098 75 25179 37 25304 40 25355 75 25435 37 25560 40 25611 76 25691 37 25817 39 25867 77 25948 36 26073 39 26123 78 26204 37 26330 38 26380 78 26460 38 26587 37 26636 79 26716 39 26844 36 26893 119 27101 35 27149 119 27358 34 27406 119 27615 33 27662 119 27871 33 27919 118 28128 32 28176 117 28385 31 28433 116 28642 30 28689 75 28767 38 28898 30 28946 74 29024 37 29156 28 29202 74 29281 36 29413 27 29459 73 29539 33 29670 26 29715 73 29796 32 29928 24 29971 72 30054 30 30185 23 30228 71 30312 28 30442 22 30484 71 30569 26 30699 21 30740 71 30826 25 30955 21 30997 69 31083 24 31212 20 31253 69 31339 23 31469 19 31510 67 31594 24 31725 19 31766 65 31849 24 31981 19 32023 54 32103 25 32238 18 32279 53 32358 25 32494 18 32535 52 32613 25 32750 18 32791 51 32868 24 33006 18 33047 50 33123 17 33262 18 33303 49 33378 17 33518 18 33559 48 33634 17 33774 18 33815 47 33890 17 34030 18 34071 45 34146 17 34287 17 34327 44 34402 17 34543 17 34583 43 34658 17 34801 15 34839 43 34914 16 35059 5 35095 42 35171 15 35351 42 35427 14 35608 40 35685 11 35864 40 35942 8 36120 39 36377 37 36634 35 36894 30 37153 27 37410 25 37667 24 37924 22 38181 21 38438 19 38695 18 38953 15 39211 12 39469 9 39728 4 51554 5 51808 8 52063 10 52319 11 52574 12 52829 14 53084 15 53340 15 53369 7 53595 17 53623 11 53850 18 53878 13 54105 20 54132 17 54359 22 54387 19 54614 24 54642 22 54794 5 54869 25 54898 23 55048 8 55124 26 55153 25 55303 9 55379 27 55408 26 55556 12 55635 26 55663 28 55808 16 55891 25 55918 29 56064 16 56146 24 56173 31 56320 17 56402 21 56427 33 56576 17 56659 18 56681 36 56832 18 56915 17 56936 37 57088 19 57171 17 57190 40 57344 20 57427 59 57600 22 57683 59 57856 23 57939 60 58112 24 58194 61 58368 25 58449 62 58624 25 58704 62 58880 25 58960 62 59136 25 59215 63 59392 25 59469 64 59648 24 59724 65 59904 23 59979 65 60160 21 60233 67 60416 19 60488 68 60672 19 60743 69 60928 18 60998 71 61184 18 61252 73 61440 18 61507 74 61696 19 61763 74 61952 19 62018 76 62208 19 62273 77 62464 20 62528 78 62720 20 62782 80 62976 20 63029 90 63232 20 63283 92 63488 20 63538 94 63744 20 63793 95 64000 20 64049 96 64256 20 64305 97 64512 20 64560 98 64768 20 64816 99 65024 20 65073 98 65280 20 65329 98
000011, 
423050,0 65536
491029,0 65536
737692,0 65536
597667,0 2650 2651 253 2908 251 3164 251 3420 250 3676 250 3932 250 4189 249 4445 250 4700 251 4956 252 5212 19954 25173 248 25429 248 25686 247 25941 248 26196 251 26451 36560 63013 253 63271 251 63528 249 63784 249 64041 248 64297 248 64553 248 64809 248 65065 248 65321 215
